transaction_id,date,category,merchant,amount,payment_method
1,2025-01-01 00:00:00.000000,Education,Zomato,2289.55,UPI
2,2025-01-01 01:18:29.270927,Entertainment,Airtel,4883.89,UPI
3,2025-01-01 02:36:58.541854,Bills,Netflix,296.51,Debit Card
4,2025-01-01 03:55:27.812781,Education,Zomato,944.1,Credit Card
5,2025-01-01 05:13:57.083708,Shopping,Myntra,3255.16,UPI
6,2025-01-01 06:32:26.354635,Travel,Uber,725.01,Debit Card
7,2025-01-01 07:50:55.625562,Bills,Flipkart,2967.44,Debit Card
8,2025-01-01 09:09:24.896489,Bills,Flipkart,2860.42,UPI
9,2025-01-01 10:27:54.167416,Education,Netflix,4856.48,Cash
10,2025-01-01 11:46:23.438343,Transport,Flipkart,4422.76,Credit Card
11,2025-01-01 13:04:52.709270,Shopping,Zomato,4730.49,Cash
12,2025-01-01 14:23:21.980198,Education,Local Store,612.33,Cash
13,2025-01-01 15:41:51.251125,Shopping,Flipkart,4347.33,Credit Card
14,2025-01-01 17:00:20.522052,Shopping,Netflix,689.0,Credit Card
15,2025-01-01 18:18:49.792979,Travel,Flipkart,3183.01,UPI
16,2025-01-01 19:37:19.063906,Bills,Flipkart,3614.39,UPI
17,2025-01-01 20:55:48.334833,Entertainment,Reliance,846.22,UPI
18,2025-01-01 22:14:17.605760,Travel,Zomato,3181.66,Credit Card
19,2025-01-01 23:32:46.876687,Travel,Myntra,309.68,Cash
20,2025-01-02 00:51:16.147614,Shopping,Amazon,1501.67,Credit Card
21,2025-01-02 02:09:45.418541,Healthcare,Local Store,4609.73,UPI
22,2025-01-02 03:28:14.689468,Bills,Flipkart,900.07,Cash
23,2025-01-02 04:46:43.960396,Transport,Airtel,373.09,UPI
24,2025-01-02 06:05:13.231323,Travel,Flipkart,2246.21,Cash
25,2025-01-02 07:23:42.502250,Entertainment,Reliance,4260.56,UPI
26,2025-01-02 08:42:11.773177,Healthcare,Myntra,429.53,Credit Card
27,2025-01-02 10:00:41.044104,Healthcare,Airtel,1809.9,Debit Card
28,2025-01-02 11:19:10.315031,Transport,Local Store,4503.89,Debit Card
29,2025-01-02 12:37:39.585958,Travel,Airtel,634.87,Cash
30,2025-01-02 13:56:08.856885,Entertainment,Zomato,1587.81,Credit Card
31,2025-01-02 15:14:38.127812,Bills,Netflix,3903.18,UPI
32,2025-01-02 16:33:07.398739,Food,Netflix,2738.89,Cash
33,2025-01-02 17:51:36.669666,Entertainment,Local Store,4170.05,Cash
34,2025-01-02 19:10:05.940594,Transport,Myntra,602.4,UPI
35,2025-01-02 20:28:35.211521,Healthcare,Netflix,4606.74,UPI
36,2025-01-02 21:47:04.482448,Bills,Swiggy,4677.81,UPI
37,2025-01-02 23:05:33.753375,Entertainment,Reliance,818.8,Credit Card
38,2025-01-03 00:24:03.024302,Food,Local Store,217.68,Debit Card
39,2025-01-03 01:42:32.295229,Food,Local Store,4949.71,Cash
40,2025-01-03 03:01:01.566156,Shopping,Amazon,2437.15,Cash
41,2025-01-03 04:19:30.837083,Shopping,Amazon,2881.77,Debit Card
42,2025-01-03 05:38:00.108010,Education,Zomato,3098.73,Cash
43,2025-01-03 06:56:29.378937,Transport,Zomato,3958.86,Credit Card
44,2025-01-03 08:14:58.649864,Travel,Amazon,4069.34,UPI
45,2025-01-03 09:33:27.920792,Entertainment,Netflix,1009.93,Debit Card
46,2025-01-03 10:51:57.191719,Entertainment,Uber,1221.35,Credit Card
47,2025-01-03 12:10:26.462646,Travel,Local Store,4390.32,UPI
48,2025-01-03 13:28:55.733573,Education,Swiggy,4106.61,Debit Card
49,2025-01-03 14:47:25.004500,Healthcare,Local Store,3107.22,Credit Card
50,2025-01-03 16:05:54.275427,Healthcare,Flipkart,4973.76,Debit Card
51,2025-01-03 17:24:23.546354,Education,Myntra,3689.16,Debit Card
52,2025-01-03 18:42:52.817281,Healthcare,Reliance,1118.39,Credit Card
53,2025-01-03 20:01:22.088208,Shopping,Uber,4240.89,Cash
54,2025-01-03 21:19:51.359135,Entertainment,Swiggy,2102.93,Credit Card
55,2025-01-03 22:38:20.630063,Education,Flipkart,228.96,Debit Card
56,2025-01-03 23:56:49.900990,Entertainment,Zomato,1641.04,Debit Card
57,2025-01-04 01:15:19.171917,Travel,Swiggy,3829.58,Credit Card
58,2025-01-04 02:33:48.442844,Food,Amazon,4803.02,UPI
59,2025-01-04 03:52:17.713771,Shopping,Local Store,1416.88,UPI
60,2025-01-04 05:10:46.984698,Bills,Swiggy,1270.26,UPI
61,2025-01-04 06:29:16.255625,Shopping,Myntra,2839.9,UPI
62,2025-01-04 07:47:45.526552,Education,Airtel,4067.84,Credit Card
63,2025-01-04 09:06:14.797479,Bills,Zomato,3745.3,Cash
64,2025-01-04 10:24:44.068406,Food,Reliance,2821.8,UPI
65,2025-01-04 11:43:13.339333,Education,Reliance,3175.38,Debit Card
66,2025-01-04 13:01:42.610261,Transport,Swiggy,1248.39,UPI
67,2025-01-04 14:20:11.881188,Entertainment,Airtel,2191.24,Cash
68,2025-01-04 15:38:41.152115,Food,Local Store,1314.06,Credit Card
69,2025-01-04 16:57:10.423042,Entertainment,Flipkart,4427.87,Cash
70,2025-01-04 18:15:39.693969,Healthcare,Uber,607.14,Cash
71,2025-01-04 19:34:08.964896,Transport,Local Store,3414.72,Cash
72,2025-01-04 20:52:38.235823,Transport,Flipkart,1338.4,UPI
73,2025-01-04 22:11:07.506750,Food,Uber,2404.11,UPI
74,2025-01-04 23:29:36.777677,Transport,Airtel,1532.09,Cash
75,2025-01-05 00:48:06.048604,Bills,Uber,1650.06,Credit Card
76,2025-01-05 02:06:35.319531,Transport,Local Store,1338.95,UPI
77,2025-01-05 03:25:04.590459,Entertainment,Myntra,3776.32,Credit Card
78,2025-01-05 04:43:33.861386,Entertainment,Swiggy,1860.29,UPI
79,2025-01-05 06:02:03.132313,Education,Flipkart,3645.47,Credit Card
80,2025-01-05 07:20:32.403240,Entertainment,Myntra,2307.55,UPI
81,2025-01-05 08:39:01.674167,Education,Flipkart,2758.87,Cash
82,2025-01-05 09:57:30.945094,Entertainment,Swiggy,2739.27,Debit Card
83,2025-01-05 11:16:00.216021,Bills,Netflix,4880.47,Debit Card
84,2025-01-05 12:34:29.486948,Travel,Uber,1866.96,Credit Card
85,2025-01-05 13:52:58.757875,Education,Airtel,1078.04,Credit Card
86,2025-01-05 15:11:28.028802,Shopping,Netflix,4563.37,Cash
87,2025-01-05 16:29:57.299729,Healthcare,Netflix,915.45,Cash
88,2025-01-05 17:48:26.570657,Food,Reliance,4180.39,Credit Card
89,2025-01-05 19:06:55.841584,Entertainment,Amazon,793.56,Debit Card
90,2025-01-05 20:25:25.112511,Transport,Local Store,3310.69,Cash
91,2025-01-05 21:43:54.383438,Travel,Myntra,795.18,Credit Card
92,2025-01-05 23:02:23.654365,Entertainment,Myntra,4619.27,Cash
93,2025-01-06 00:20:52.925292,Transport,Myntra,2846.79,Cash
94,2025-01-06 01:39:22.196219,Healthcare,Myntra,1679.91,UPI
95,2025-01-06 02:57:51.467146,Healthcare,Local Store,744.6,Cash
96,2025-01-06 04:16:20.738073,Healthcare,Netflix,1887.4,Credit Card
97,2025-01-06 05:34:50.009000,Transport,Local Store,3539.85,Cash
98,2025-01-06 06:53:19.279927,Entertainment,Myntra,1955.51,Credit Card
99,2025-01-06 08:11:48.550855,Healthcare,Amazon,1268.17,UPI
100,2025-01-06 09:30:17.821782,Bills,Zomato,2908.18,UPI
101,2025-01-06 10:48:47.092709,Education,Swiggy,2118.22,Debit Card
102,2025-01-06 12:07:16.363636,Transport,Myntra,870.74,UPI
103,2025-01-06 13:25:45.634563,Transport,Airtel,812.24,UPI
104,2025-01-06 14:44:14.905490,Entertainment,Zomato,3551.94,Credit Card
105,2025-01-06 16:02:44.176417,Transport,Local Store,4874.63,Debit Card
106,2025-01-06 17:21:13.447344,Transport,Airtel,1203.82,UPI
107,2025-01-06 18:39:42.718271,Healthcare,Airtel,3877.09,Cash
108,2025-01-06 19:58:11.989198,Entertainment,Flipkart,483.65,Debit Card
109,2025-01-06 21:16:41.260126,Healthcare,Airtel,1938.8,UPI
110,2025-01-06 22:35:10.531053,Education,Myntra,2558.11,Debit Card
111,2025-01-06 23:53:39.801980,Travel,Flipkart,1380.3,UPI
112,2025-01-07 01:12:09.072907,Education,Reliance,2671.41,Credit Card
113,2025-01-07 02:30:38.343834,Travel,Netflix,4418.94,Debit Card
114,2025-01-07 03:49:07.614761,Healthcare,Airtel,4724.97,Debit Card
115,2025-01-07 05:07:36.885688,Education,Amazon,547.76,UPI
116,2025-01-07 06:26:06.156615,Entertainment,Swiggy,1395.64,Debit Card
117,2025-01-07 07:44:35.427542,Food,Airtel,4896.71,UPI
118,2025-01-07 09:03:04.698469,Healthcare,Reliance,1388.57,Cash
119,2025-01-07 10:21:33.969396,Travel,Uber,3478.9,Debit Card
120,2025-01-07 11:40:03.240324,Bills,Local Store,1304.6,Debit Card
121,2025-01-07 12:58:32.511251,Travel,Local Store,1814.01,Credit Card
122,2025-01-07 14:17:01.782178,Bills,Reliance,996.83,Credit Card
123,2025-01-07 15:35:31.053105,Transport,Uber,4288.69,Debit Card
124,2025-01-07 16:54:00.324032,Education,Local Store,4419.11,Credit Card
125,2025-01-07 18:12:29.594959,Bills,Local Store,1519.72,Debit Card
126,2025-01-07 19:30:58.865886,Travel,Local Store,4126.77,UPI
127,2025-01-07 20:49:28.136813,Transport,Reliance,1823.3,Debit Card
128,2025-01-07 22:07:57.407740,Food,Netflix,540.15,Debit Card
129,2025-01-07 23:26:26.678667,Entertainment,Swiggy,3802.48,Cash
130,2025-01-08 00:44:55.949594,Entertainment,Reliance,3002.41,Credit Card
131,2025-01-08 02:03:25.220522,Entertainment,Uber,1408.19,Credit Card
132,2025-01-08 03:21:54.491449,Bills,Airtel,1302.35,Cash
133,2025-01-08 04:40:23.762376,Food,Netflix,4879.34,UPI
134,2025-01-08 05:58:53.033303,Bills,Netflix,4319.38,UPI
135,2025-01-08 07:17:22.304230,Education,Airtel,4058.5,UPI
136,2025-01-08 08:35:51.575157,Bills,Amazon,683.69,Cash
137,2025-01-08 09:54:20.846084,Food,Flipkart,3788.18,Debit Card
138,2025-01-08 11:12:50.117011,Food,Swiggy,1111.97,UPI
139,2025-01-08 12:31:19.387938,Education,Swiggy,4888.08,UPI
140,2025-01-08 13:49:48.658865,Food,Amazon,307.84,Cash
141,2025-01-08 15:08:17.929792,Travel,Flipkart,1793.09,Credit Card
142,2025-01-08 16:26:47.200720,Food,Swiggy,2171.81,Cash
143,2025-01-08 17:45:16.471647,Entertainment,Uber,4129.8,Credit Card
144,2025-01-08 19:03:45.742574,Travel,Zomato,3842.8,UPI
145,2025-01-08 20:22:15.013501,Travel,Zomato,1906.21,UPI
146,2025-01-08 21:40:44.284428,Education,Swiggy,2849.52,Debit Card
147,2025-01-08 22:59:13.555355,Shopping,Myntra,4186.2,Debit Card
148,2025-01-09 00:17:42.826282,Shopping,Swiggy,140.09,Credit Card
149,2025-01-09 01:36:12.097209,Food,Airtel,4020.78,UPI
150,2025-01-09 02:54:41.368136,Travel,Airtel,4737.14,UPI
151,2025-01-09 04:13:10.639063,Shopping,Flipkart,208.72,Cash
152,2025-01-09 05:31:39.909990,Shopping,Local Store,275.63,UPI
153,2025-01-09 06:50:09.180918,Food,Netflix,1755.34,UPI
154,2025-01-09 08:08:38.451845,Shopping,Uber,484.46,Cash
155,2025-01-09 09:27:07.722772,Bills,Amazon,2422.42,Cash
156,2025-01-09 10:45:36.993699,Transport,Swiggy,3657.12,UPI
157,2025-01-09 12:04:06.264626,Education,Local Store,2856.15,Debit Card
158,2025-01-09 13:22:35.535553,Transport,Local Store,1022.34,Debit Card
159,2025-01-09 14:41:04.806480,Food,Uber,3291.32,UPI
160,2025-01-09 15:59:34.077407,Entertainment,Amazon,3440.03,Debit Card
161,2025-01-09 17:18:03.348334,Education,Airtel,4665.61,Cash
162,2025-01-09 18:36:32.619261,Food,Reliance,776.64,Debit Card
163,2025-01-09 19:55:01.890189,Travel,Uber,3477.06,UPI
164,2025-01-09 21:13:31.161116,Entertainment,Local Store,4561.56,Debit Card
165,2025-01-09 22:32:00.432043,Transport,Zomato,2532.74,UPI
166,2025-01-09 23:50:29.702970,Food,Swiggy,1840.91,Debit Card
167,2025-01-10 01:08:58.973897,Travel,Flipkart,895.21,UPI
168,2025-01-10 02:27:28.244824,Education,Zomato,4340.6,UPI
169,2025-01-10 03:45:57.515751,Education,Local Store,2001.52,Debit Card
170,2025-01-10 05:04:26.786678,Healthcare,Netflix,4628.17,Debit Card
171,2025-01-10 06:22:56.057605,Travel,Myntra,4246.4,Cash
172,2025-01-10 07:41:25.328532,Bills,Amazon,1914.37,Credit Card
173,2025-01-10 08:59:54.599459,Shopping,Airtel,2890.88,UPI
174,2025-01-10 10:18:23.870387,Entertainment,Swiggy,184.51,UPI
175,2025-01-10 11:36:53.141314,Travel,Flipkart,1352.95,UPI
176,2025-01-10 12:55:22.412241,Healthcare,Reliance,3565.85,UPI
177,2025-01-10 14:13:51.683168,Shopping,Airtel,3405.66,Debit Card
178,2025-01-10 15:32:20.954095,Shopping,Swiggy,1799.18,Debit Card
179,2025-01-10 16:50:50.225022,Food,Reliance,4052.61,Credit Card
180,2025-01-10 18:09:19.495949,Shopping,Flipkart,1217.39,UPI
181,2025-01-10 19:27:48.766876,Bills,Local Store,2333.29,Credit Card
182,2025-01-10 20:46:18.037803,Education,Myntra,2389.03,Cash
183,2025-01-10 22:04:47.308730,Healthcare,Zomato,1737.04,Credit Card
184,2025-01-10 23:23:16.579657,Shopping,Zomato,4775.6,Credit Card
185,2025-01-11 00:41:45.850585,Food,Local Store,3498.59,Cash
186,2025-01-11 02:00:15.121512,Bills,Airtel,2719.04,Cash
187,2025-01-11 03:18:44.392439,Transport,Local Store,2577.05,Credit Card
188,2025-01-11 04:37:13.663366,Education,Local Store,838.52,Cash
189,2025-01-11 05:55:42.934293,Education,Swiggy,1892.33,Credit Card
190,2025-01-11 07:14:12.205220,Healthcare,Swiggy,3380.23,Debit Card
191,2025-01-11 08:32:41.476147,Education,Flipkart,4626.62,Debit Card
192,2025-01-11 09:51:10.747074,Shopping,Myntra,4091.5,Credit Card
193,2025-01-11 11:09:40.018001,Food,Swiggy,1536.93,Cash
194,2025-01-11 12:28:09.288928,Education,Flipkart,2198.09,Cash
195,2025-01-11 13:46:38.559855,Education,Netflix,460.44,Debit Card
196,2025-01-11 15:05:07.830783,Transport,Local Store,555.75,Debit Card
197,2025-01-11 16:23:37.101710,Transport,Local Store,2377.64,Cash
198,2025-01-11 17:42:06.372637,Entertainment,Airtel,2674.59,Cash
199,2025-01-11 19:00:35.643564,Bills,Netflix,1356.93,Cash
200,2025-01-11 20:19:04.914491,Shopping,Airtel,3231.77,Cash
201,2025-01-11 21:37:34.185418,Education,Reliance,3531.73,Credit Card
202,2025-01-11 22:56:03.456345,Travel,Flipkart,1530.62,Cash
203,2025-01-12 00:14:32.727272,Education,Flipkart,3804.2,Debit Card
204,2025-01-12 01:33:01.998199,Food,Local Store,1067.74,Debit Card
205,2025-01-12 02:51:31.269126,Entertainment,Uber,2744.04,UPI
206,2025-01-12 04:10:00.540054,Bills,Reliance,4031.19,Cash
207,2025-01-12 05:28:29.810981,Travel,Flipkart,2708.19,Credit Card
208,2025-01-12 06:46:59.081908,Entertainment,Swiggy,4544.42,UPI
209,2025-01-12 08:05:28.352835,Healthcare,Local Store,3927.78,UPI
210,2025-01-12 09:23:57.623762,Bills,Airtel,2962.15,Credit Card
211,2025-01-12 10:42:26.894689,Education,Netflix,2830.69,UPI
212,2025-01-12 12:00:56.165616,Education,Airtel,3318.75,UPI
213,2025-01-12 13:19:25.436543,Bills,Zomato,4175.36,Debit Card
214,2025-01-12 14:37:54.707470,Education,Uber,3642.97,UPI
215,2025-01-12 15:56:23.978397,Shopping,Flipkart,3961.9,Credit Card
216,2025-01-12 17:14:53.249324,Bills,Myntra,1479.64,Cash
217,2025-01-12 18:33:22.520252,Entertainment,Amazon,1968.11,Cash
218,2025-01-12 19:51:51.791179,Bills,Uber,3152.55,Cash
219,2025-01-12 21:10:21.062106,Travel,Local Store,2789.63,Debit Card
220,2025-01-12 22:28:50.333033,Education,Flipkart,4807.46,Debit Card
221,2025-01-12 23:47:19.603960,Shopping,Netflix,974.83,Debit Card
222,2025-01-13 01:05:48.874887,Shopping,Flipkart,1788.83,Credit Card
223,2025-01-13 02:24:18.145814,Healthcare,Amazon,2885.14,Cash
224,2025-01-13 03:42:47.416741,Entertainment,Netflix,4346.42,Credit Card
225,2025-01-13 05:01:16.687668,Transport,Airtel,4650.28,Credit Card
226,2025-01-13 06:19:45.958595,Transport,Netflix,1713.38,UPI
227,2025-01-13 07:38:15.229522,Bills,Uber,382.19,Cash
228,2025-01-13 08:56:44.500450,Healthcare,Airtel,2137.02,UPI
229,2025-01-13 10:15:13.771377,Food,Flipkart,2002.0,Debit Card
230,2025-01-13 11:33:43.042304,Bills,Local Store,4933.11,Debit Card
231,2025-01-13 12:52:12.313231,Healthcare,Reliance,2183.75,Credit Card
232,2025-01-13 14:10:41.584158,Entertainment,Local Store,1563.33,Credit Card
233,2025-01-13 15:29:10.855085,Entertainment,Flipkart,1858.62,UPI
234,2025-01-13 16:47:40.126012,Entertainment,Amazon,2014.79,UPI
235,2025-01-13 18:06:09.396939,Entertainment,Reliance,4116.62,Credit Card
236,2025-01-13 19:24:38.667866,Entertainment,Flipkart,451.02,Cash
237,2025-01-13 20:43:07.938793,Healthcare,Myntra,1616.71,Credit Card
238,2025-01-13 22:01:37.209720,Healthcare,Uber,4833.28,Cash
239,2025-01-13 23:20:06.480648,Shopping,Myntra,807.86,UPI
240,2025-01-14 00:38:35.751575,Travel,Airtel,3725.88,Debit Card
241,2025-01-14 01:57:05.022502,Transport,Zomato,1814.15,Debit Card
242,2025-01-14 03:15:34.293429,Education,Flipkart,2929.84,UPI
243,2025-01-14 04:34:03.564356,Entertainment,Swiggy,542.76,UPI
244,2025-01-14 05:52:32.835283,Food,Swiggy,1566.74,Debit Card
245,2025-01-14 07:11:02.106210,Education,Netflix,2529.28,Cash
246,2025-01-14 08:29:31.377137,Healthcare,Local Store,1196.92,UPI
247,2025-01-14 09:48:00.648064,Food,Local Store,2732.26,Cash
248,2025-01-14 11:06:29.918991,Food,Local Store,1137.81,Cash
249,2025-01-14 12:24:59.189918,Food,Myntra,3268.0,Debit Card
250,2025-01-14 13:43:28.460846,Shopping,Uber,4526.55,Cash
251,2025-01-14 15:01:57.731773,Healthcare,Flipkart,473.17,Debit Card
252,2025-01-14 16:20:27.002700,Food,Amazon,1122.25,UPI
253,2025-01-14 17:38:56.273627,Entertainment,Netflix,4229.89,Credit Card
254,2025-01-14 18:57:25.544554,Bills,Airtel,3176.19,Credit Card
255,2025-01-14 20:15:54.815481,Food,Reliance,439.61,Credit Card
256,2025-01-14 21:34:24.086408,Shopping,Airtel,2457.43,Credit Card
257,2025-01-14 22:52:53.357335,Education,Flipkart,1088.3,Credit Card
258,2025-01-15 00:11:22.628262,Healthcare,Zomato,1035.53,Credit Card
259,2025-01-15 01:29:51.899189,Travel,Local Store,4706.19,Cash
260,2025-01-15 02:48:21.170117,Shopping,Reliance,3819.63,Cash
261,2025-01-15 04:06:50.441044,Food,Myntra,3496.34,Credit Card
262,2025-01-15 05:25:19.711971,Healthcare,Flipkart,1232.7,UPI
263,2025-01-15 06:43:48.982898,Bills,Zomato,636.94,UPI
264,2025-01-15 08:02:18.253825,Food,Myntra,4360.62,Cash
265,2025-01-15 09:20:47.524752,Shopping,Zomato,79.1,Cash
266,2025-01-15 10:39:16.795679,Transport,Local Store,1971.08,Credit Card
267,2025-01-15 11:57:46.066606,Entertainment,Myntra,1424.18,UPI
268,2025-01-15 13:16:15.337533,Travel,Uber,2873.36,Debit Card
269,2025-01-15 14:34:44.608460,Education,Swiggy,1290.02,Credit Card
270,2025-01-15 15:53:13.879387,Shopping,Airtel,1590.47,Cash
271,2025-01-15 17:11:43.150315,Healthcare,Uber,4257.7,Cash
272,2025-01-15 18:30:12.421242,Travel,Reliance,3035.78,Cash
273,2025-01-15 19:48:41.692169,Travel,Netflix,771.13,Debit Card
274,2025-01-15 21:07:10.963096,Travel,Swiggy,3646.03,UPI
275,2025-01-15 22:25:40.234023,Food,Uber,1076.92,Cash
276,2025-01-15 23:44:09.504950,Entertainment,Flipkart,2193.37,Credit Card
277,2025-01-16 01:02:38.775877,Food,Zomato,3250.71,Debit Card
278,2025-01-16 02:21:08.046804,Healthcare,Reliance,1396.05,UPI
279,2025-01-16 03:39:37.317731,Food,Flipkart,1951.33,Credit Card
280,2025-01-16 04:58:06.588658,Transport,Swiggy,3684.04,Credit Card
281,2025-01-16 06:16:35.859585,Entertainment,Zomato,4692.66,Debit Card
282,2025-01-16 07:35:05.130513,Entertainment,Reliance,2669.76,Debit Card
283,2025-01-16 08:53:34.401440,Healthcare,Netflix,99.36,Debit Card
284,2025-01-16 10:12:03.672367,Education,Swiggy,1725.4,Cash
285,2025-01-16 11:30:32.943294,Transport,Reliance,2023.24,UPI
286,2025-01-16 12:49:02.214221,Shopping,Uber,1728.91,Cash
287,2025-01-16 14:07:31.485148,Food,Reliance,2209.53,Debit Card
288,2025-01-16 15:26:00.756075,Bills,Swiggy,3181.7,Debit Card
289,2025-01-16 16:44:30.027002,Food,Local Store,649.58,Debit Card
290,2025-01-16 18:02:59.297929,Travel,Uber,1399.52,Cash
291,2025-01-16 19:21:28.568856,Food,Flipkart,2562.86,Credit Card
292,2025-01-16 20:39:57.839783,Shopping,Swiggy,1612.09,Debit Card
293,2025-01-16 21:58:27.110711,Food,Local Store,4955.87,Cash
294,2025-01-16 23:16:56.381638,Transport,Amazon,2185.59,Debit Card
295,2025-01-17 00:35:25.652565,Transport,Netflix,4355.51,Cash
296,2025-01-17 01:53:54.923492,Entertainment,Local Store,4487.72,UPI
297,2025-01-17 03:12:24.194419,Healthcare,Amazon,4188.23,UPI
298,2025-01-17 04:30:53.465346,Education,Airtel,282.15,Cash
299,2025-01-17 05:49:22.736273,Bills,Zomato,4741.35,Debit Card
300,2025-01-17 07:07:52.007200,Travel,Local Store,687.28,Cash
301,2025-01-17 08:26:21.278127,Food,Myntra,220.3,UPI
302,2025-01-17 09:44:50.549054,Food,Netflix,2101.13,Cash
303,2025-01-17 11:03:19.819981,Shopping,Local Store,1013.44,UPI
304,2025-01-17 12:21:49.090909,Healthcare,Amazon,961.77,UPI
305,2025-01-17 13:40:18.361836,Transport,Myntra,1474.71,Credit Card
306,2025-01-17 14:58:47.632763,Bills,Netflix,1279.61,Debit Card
307,2025-01-17 16:17:16.903690,Entertainment,Myntra,3439.74,Cash
308,2025-01-17 17:35:46.174617,Transport,Uber,974.55,Debit Card
309,2025-01-17 18:54:15.445544,Travel,Amazon,2738.44,Debit Card
310,2025-01-17 20:12:44.716471,Healthcare,Reliance,4932.81,UPI
311,2025-01-17 21:31:13.987398,Travel,Uber,2190.29,UPI
312,2025-01-17 22:49:43.258325,Education,Netflix,3227.27,Cash
313,2025-01-18 00:08:12.529252,Entertainment,Netflix,4848.39,Cash
314,2025-01-18 01:26:41.800180,Education,Swiggy,731.31,Cash
315,2025-01-18 02:45:11.071107,Shopping,Amazon,2122.1,UPI
316,2025-01-18 04:03:40.342034,Travel,Airtel,4258.45,Credit Card
317,2025-01-18 05:22:09.612961,Shopping,Airtel,4664.91,Cash
318,2025-01-18 06:40:38.883888,Food,Netflix,3026.12,UPI
319,2025-01-18 07:59:08.154815,Education,Airtel,759.93,Credit Card
320,2025-01-18 09:17:37.425742,Healthcare,Zomato,4512.28,Debit Card
321,2025-01-18 10:36:06.696669,Travel,Swiggy,913.51,UPI
322,2025-01-18 11:54:35.967596,Bills,Netflix,1796.75,Cash
323,2025-01-18 13:13:05.238523,Entertainment,Airtel,1908.76,Cash
324,2025-01-18 14:31:34.509450,Transport,Amazon,2264.09,Credit Card
325,2025-01-18 15:50:03.780378,Healthcare,Local Store,3961.32,Credit Card
326,2025-01-18 17:08:33.051305,Healthcare,Reliance,4020.61,UPI
327,2025-01-18 18:27:02.322232,Shopping,Uber,3612.29,Credit Card
328,2025-01-18 19:45:31.593159,Education,Uber,159.54,UPI
329,2025-01-18 21:04:00.864086,Travel,Zomato,2845.98,Credit Card
330,2025-01-18 22:22:30.135013,Travel,Myntra,3750.09,Debit Card
331,2025-01-18 23:40:59.405940,Food,Amazon,2250.89,Cash
332,2025-01-19 00:59:28.676867,Food,Myntra,4727.43,Cash
333,2025-01-19 02:17:57.947794,Entertainment,Swiggy,4127.86,Debit Card
334,2025-01-19 03:36:27.218721,Shopping,Reliance,3208.87,Cash
335,2025-01-19 04:54:56.489648,Healthcare,Swiggy,359.0,Cash
336,2025-01-19 06:13:25.760576,Travel,Netflix,3279.11,Cash
337,2025-01-19 07:31:55.031503,Bills,Amazon,4562.32,Cash
338,2025-01-19 08:50:24.302430,Shopping,Netflix,1928.25,Debit Card
339,2025-01-19 10:08:53.573357,Entertainment,Flipkart,4198.76,UPI
340,2025-01-19 11:27:22.844284,Entertainment,Airtel,1600.15,Cash
341,2025-01-19 12:45:52.115211,Shopping,Uber,2872.01,Debit Card
342,2025-01-19 14:04:21.386138,Entertainment,Local Store,3259.7,Cash
343,2025-01-19 15:22:50.657065,Shopping,Netflix,3406.08,Debit Card
344,2025-01-19 16:41:19.927992,Transport,Myntra,4418.62,Debit Card
345,2025-01-19 17:59:49.198919,Shopping,Flipkart,1211.38,UPI
346,2025-01-19 19:18:18.469846,Education,Uber,1348.73,Credit Card
347,2025-01-19 20:36:47.740774,Shopping,Netflix,3535.0,UPI
348,2025-01-19 21:55:17.011701,Entertainment,Flipkart,927.11,UPI
349,2025-01-19 23:13:46.282628,Travel,Flipkart,2348.14,Cash
350,2025-01-20 00:32:15.553555,Education,Amazon,149.17,Debit Card
351,2025-01-20 01:50:44.824482,Entertainment,Swiggy,747.85,Credit Card
352,2025-01-20 03:09:14.095409,Food,Flipkart,3410.29,Debit Card
353,2025-01-20 04:27:43.366336,Food,Zomato,3749.93,Cash
354,2025-01-20 05:46:12.637263,Travel,Swiggy,620.83,Debit Card
355,2025-01-20 07:04:41.908190,Travel,Uber,1177.16,Cash
356,2025-01-20 08:23:11.179117,Education,Uber,539.58,UPI
357,2025-01-20 09:41:40.450045,Transport,Uber,2195.39,UPI
358,2025-01-20 11:00:09.720972,Travel,Uber,674.27,Cash
359,2025-01-20 12:18:38.991899,Food,Zomato,2214.62,UPI
360,2025-01-20 13:37:08.262826,Shopping,Netflix,3673.89,Debit Card
361,2025-01-20 14:55:37.533753,Entertainment,Reliance,3432.77,Credit Card
362,2025-01-20 16:14:06.804680,Food,Flipkart,1438.28,Credit Card
363,2025-01-20 17:32:36.075607,Food,Uber,3385.12,Debit Card
364,2025-01-20 18:51:05.346534,Transport,Swiggy,4642.18,Credit Card
365,2025-01-20 20:09:34.617461,Education,Swiggy,1770.25,Debit Card
366,2025-01-20 21:28:03.888388,Education,Flipkart,1679.14,Cash
367,2025-01-20 22:46:33.159315,Healthcare,Netflix,2878.62,Credit Card
368,2025-01-21 00:05:02.430243,Transport,Local Store,1265.23,Cash
369,2025-01-21 01:23:31.701170,Shopping,Local Store,3275.32,Cash
370,2025-01-21 02:42:00.972097,Education,Reliance,4169.7,Debit Card
371,2025-01-21 04:00:30.243024,Entertainment,Netflix,2323.63,Credit Card
372,2025-01-21 05:18:59.513951,Travel,Flipkart,3413.56,UPI
373,2025-01-21 06:37:28.784878,Transport,Local Store,3276.83,UPI
374,2025-01-21 07:55:58.055805,Travel,Local Store,241.39,UPI
375,2025-01-21 09:14:27.326732,Food,Local Store,957.91,UPI
376,2025-01-21 10:32:56.597659,Entertainment,Myntra,4472.97,Debit Card
377,2025-01-21 11:51:25.868586,Entertainment,Zomato,4697.52,Cash
378,2025-01-21 13:09:55.139513,Food,Flipkart,3913.18,Credit Card
379,2025-01-21 14:28:24.410441,Transport,Airtel,4610.18,Debit Card
380,2025-01-21 15:46:53.681368,Food,Amazon,1565.44,UPI
381,2025-01-21 17:05:22.952295,Travel,Amazon,1276.17,Credit Card
382,2025-01-21 18:23:52.223222,Healthcare,Netflix,1952.29,Debit Card
383,2025-01-21 19:42:21.494149,Entertainment,Flipkart,323.94,Cash
384,2025-01-21 21:00:50.765076,Bills,Flipkart,4058.86,UPI
385,2025-01-21 22:19:20.036003,Bills,Amazon,4921.67,Credit Card
386,2025-01-21 23:37:49.306930,Travel,Reliance,4128.94,Credit Card
387,2025-01-22 00:56:18.577857,Shopping,Amazon,2797.13,UPI
388,2025-01-22 02:14:47.848784,Education,Flipkart,1511.65,Cash
389,2025-01-22 03:33:17.119711,Food,Local Store,1028.6,UPI
390,2025-01-22 04:51:46.390639,Food,Reliance,1852.11,Cash
391,2025-01-22 06:10:15.661566,Shopping,Uber,3351.5,Credit Card
392,2025-01-22 07:28:44.932493,Shopping,Airtel,2262.95,UPI
393,2025-01-22 08:47:14.203420,Travel,Myntra,4673.6,Cash
394,2025-01-22 10:05:43.474347,Travel,Zomato,4278.39,Cash
395,2025-01-22 11:24:12.745274,Shopping,Uber,556.88,Debit Card
396,2025-01-22 12:42:42.016201,Entertainment,Swiggy,701.05,Cash
397,2025-01-22 14:01:11.287128,Travel,Amazon,3397.38,UPI
398,2025-01-22 15:19:40.558055,Healthcare,Airtel,1192.3,UPI
399,2025-01-22 16:38:09.828982,Travel,Amazon,3965.6,Cash
400,2025-01-22 17:56:39.099909,Food,Amazon,2977.22,UPI
401,2025-01-22 19:15:08.370837,Travel,Uber,1187.66,Credit Card
402,2025-01-22 20:33:37.641764,Entertainment,Local Store,2419.5,Credit Card
403,2025-01-22 21:52:06.912691,Shopping,Local Store,2060.08,UPI
404,2025-01-22 23:10:36.183618,Food,Myntra,4372.14,Cash
405,2025-01-23 00:29:05.454545,Travel,Reliance,209.2,Credit Card
406,2025-01-23 01:47:34.725472,Entertainment,Amazon,4484.43,Cash
407,2025-01-23 03:06:03.996399,Healthcare,Netflix,3277.81,UPI
408,2025-01-23 04:24:33.267326,Travel,Local Store,3700.81,Debit Card
409,2025-01-23 05:43:02.538253,Entertainment,Flipkart,62.91,Credit Card
410,2025-01-23 07:01:31.809180,Healthcare,Airtel,3159.79,UPI
411,2025-01-23 08:20:01.080108,Shopping,Netflix,2963.01,Credit Card
412,2025-01-23 09:38:30.351035,Travel,Uber,2709.17,Cash
413,2025-01-23 10:56:59.621962,Healthcare,Uber,3940.04,Debit Card
414,2025-01-23 12:15:28.892889,Food,Myntra,2801.56,Debit Card
415,2025-01-23 13:33:58.163816,Shopping,Myntra,4292.63,UPI
416,2025-01-23 14:52:27.434743,Food,Reliance,1201.53,Credit Card
417,2025-01-23 16:10:56.705670,Bills,Flipkart,4039.61,Debit Card
418,2025-01-23 17:29:25.976597,Transport,Airtel,937.6,Credit Card
419,2025-01-23 18:47:55.247524,Travel,Flipkart,4074.93,Cash
420,2025-01-23 20:06:24.518451,Healthcare,Swiggy,4705.29,Cash
421,2025-01-23 21:24:53.789378,Transport,Myntra,1711.69,UPI
422,2025-01-23 22:43:23.060306,Transport,Reliance,2672.94,Debit Card
423,2025-01-24 00:01:52.331233,Healthcare,Zomato,3308.73,Debit Card
424,2025-01-24 01:20:21.602160,Shopping,Amazon,443.38,Credit Card
425,2025-01-24 02:38:50.873087,Travel,Amazon,2495.7,Cash
426,2025-01-24 03:57:20.144014,Bills,Zomato,1834.9,Debit Card
427,2025-01-24 05:15:49.414941,Food,Local Store,4368.66,UPI
428,2025-01-24 06:34:18.685868,Entertainment,Flipkart,4389.56,UPI
429,2025-01-24 07:52:47.956795,Food,Zomato,3518.86,Debit Card
430,2025-01-24 09:11:17.227722,Entertainment,Reliance,3295.84,UPI
431,2025-01-24 10:29:46.498649,Food,Airtel,3681.76,Debit Card
432,2025-01-24 11:48:15.769576,Healthcare,Zomato,1861.64,Debit Card
433,2025-01-24 13:06:45.040504,Bills,Reliance,2052.37,Debit Card
434,2025-01-24 14:25:14.311431,Travel,Myntra,2790.84,Debit Card
435,2025-01-24 15:43:43.582358,Entertainment,Netflix,4693.24,Credit Card
436,2025-01-24 17:02:12.853285,Travel,Uber,3633.8,Debit Card
437,2025-01-24 18:20:42.124212,Travel,Uber,2777.4,UPI
438,2025-01-24 19:39:11.395139,Travel,Swiggy,3863.54,Cash
439,2025-01-24 20:57:40.666066,Education,Flipkart,1885.91,Credit Card
440,2025-01-24 22:16:09.936993,Shopping,Airtel,3665.81,Cash
441,2025-01-24 23:34:39.207920,Food,Netflix,2082.85,Cash
442,2025-01-25 00:53:08.478847,Travel,Netflix,1434.32,Cash
443,2025-01-25 02:11:37.749774,Food,Myntra,3068.13,Cash
444,2025-01-25 03:30:07.020702,Travel,Zomato,3450.04,Cash
445,2025-01-25 04:48:36.291629,Entertainment,Flipkart,2323.5,UPI
446,2025-01-25 06:07:05.562556,Shopping,Amazon,2849.23,Debit Card
447,2025-01-25 07:25:34.833483,Shopping,Netflix,3485.63,UPI
448,2025-01-25 08:44:04.104410,Healthcare,Reliance,3850.16,Credit Card
449,2025-01-25 10:02:33.375337,Education,Amazon,4483.08,UPI
450,2025-01-25 11:21:02.646264,Healthcare,Swiggy,1804.99,Credit Card
451,2025-01-25 12:39:31.917191,Healthcare,Zomato,4759.81,Debit Card
452,2025-01-25 13:58:01.188118,Healthcare,Zomato,3204.54,Cash
453,2025-01-25 15:16:30.459045,Healthcare,Airtel,3949.12,Debit Card
454,2025-01-25 16:34:59.729972,Healthcare,Netflix,3513.86,UPI
455,2025-01-25 17:53:29.000900,Bills,Myntra,1067.58,UPI
456,2025-01-25 19:11:58.271827,Shopping,Local Store,403.62,Debit Card
457,2025-01-25 20:30:27.542754,Healthcare,Local Store,3645.12,Debit Card
458,2025-01-25 21:48:56.813681,Travel,Uber,2579.71,UPI
459,2025-01-25 23:07:26.084608,Shopping,Reliance,3525.96,Debit Card
460,2025-01-26 00:25:55.355535,Shopping,Amazon,2410.37,Credit Card
461,2025-01-26 01:44:24.626462,Transport,Swiggy,1595.56,Credit Card
462,2025-01-26 03:02:53.897389,Bills,Uber,1460.84,UPI
463,2025-01-26 04:21:23.168316,Healthcare,Zomato,3666.13,UPI
464,2025-01-26 05:39:52.439243,Food,Amazon,1420.06,Debit Card
465,2025-01-26 06:58:21.710171,Entertainment,Flipkart,3587.65,Debit Card
466,2025-01-26 08:16:50.981098,Education,Netflix,13243.08,Cash
467,2025-01-26 09:35:20.252025,Travel,Swiggy,3865.95,Credit Card
468,2025-01-26 10:53:49.522952,Food,Flipkart,756.91,UPI
469,2025-01-26 12:12:18.793879,Bills,Myntra,1064.65,UPI
470,2025-01-26 13:30:48.064806,Entertainment,Netflix,3445.26,UPI
471,2025-01-26 14:49:17.335733,Bills,Amazon,2823.14,UPI
472,2025-01-26 16:07:46.606660,Travel,Netflix,1059.2,Cash
473,2025-01-26 17:26:15.877587,Shopping,Uber,4518.99,Credit Card
474,2025-01-26 18:44:45.148514,Entertainment,Airtel,1415.92,Cash
475,2025-01-26 20:03:14.419441,Shopping,Uber,2134.3,Credit Card
476,2025-01-26 21:21:43.690369,Travel,Myntra,1051.33,UPI
477,2025-01-26 22:40:12.961296,Food,Reliance,1970.74,Credit Card
478,2025-01-26 23:58:42.232223,Travel,Flipkart,2483.65,UPI
479,2025-01-27 01:17:11.503150,Food,Uber,1511.47,Cash
480,2025-01-27 02:35:40.774077,Entertainment,Airtel,3857.01,Credit Card
481,2025-01-27 03:54:10.045004,Entertainment,Reliance,1999.97,Debit Card
482,2025-01-27 05:12:39.315931,Healthcare,Uber,3661.07,Credit Card
483,2025-01-27 06:31:08.586858,Bills,Zomato,1075.01,UPI
484,2025-01-27 07:49:37.857785,Healthcare,Airtel,1916.33,Debit Card
485,2025-01-27 09:08:07.128712,Bills,Flipkart,89.89,UPI
486,2025-01-27 10:26:36.399639,Healthcare,Swiggy,3805.26,Debit Card
487,2025-01-27 11:45:05.670567,Shopping,Local Store,3148.14,Debit Card
488,2025-01-27 13:03:34.941494,Entertainment,Reliance,4098.23,Credit Card
489,2025-01-27 14:22:04.212421,Food,Zomato,2305.27,Credit Card
490,2025-01-27 15:40:33.483348,Bills,Swiggy,4008.72,Debit Card
491,2025-01-27 16:59:02.754275,Travel,Amazon,3255.53,Debit Card
492,2025-01-27 18:17:32.025202,Bills,Airtel,67.88,Debit Card
493,2025-01-27 19:36:01.296129,Food,Zomato,1305.79,UPI
494,2025-01-27 20:54:30.567056,Healthcare,Netflix,2494.76,Credit Card
495,2025-01-27 22:12:59.837983,Bills,Amazon,3112.5,UPI
496,2025-01-27 23:31:29.108910,Education,Amazon,374.67,Credit Card
497,2025-01-28 00:49:58.379837,Shopping,Reliance,3540.15,Cash
498,2025-01-28 02:08:27.650765,Entertainment,Airtel,2740.5,UPI
499,2025-01-28 03:26:56.921692,Food,Zomato,2652.61,Credit Card
500,2025-01-28 04:45:26.192619,Entertainment,Myntra,1495.63,Debit Card
501,2025-01-28 06:03:55.463546,Education,Zomato,2994.37,Debit Card
502,2025-01-28 07:22:24.734473,Bills,Uber,186.09,Credit Card
503,2025-01-28 08:40:54.005400,Bills,Amazon,370.27,Debit Card
504,2025-01-28 09:59:23.276327,Travel,Flipkart,3682.66,Debit Card
505,2025-01-28 11:17:52.547254,Education,Amazon,1643.36,Cash
506,2025-01-28 12:36:21.818181,Food,Amazon,1767.49,Cash
507,2025-01-28 13:54:51.089108,Travel,Local Store,1081.51,Cash
508,2025-01-28 15:13:20.360036,Shopping,Netflix,2255.82,UPI
509,2025-01-28 16:31:49.630963,Travel,Myntra,307.37,Cash
510,2025-01-28 17:50:18.901890,Transport,Swiggy,1536.8,Cash
511,2025-01-28 19:08:48.172817,Food,Swiggy,2659.26,Cash
512,2025-01-28 20:27:17.443744,Transport,Netflix,2354.88,Credit Card
513,2025-01-28 21:45:46.714671,Education,Amazon,4998.36,Debit Card
514,2025-01-28 23:04:15.985598,Healthcare,Swiggy,1974.39,Credit Card
515,2025-01-29 00:22:45.256525,Transport,Airtel,1965.65,Cash
516,2025-01-29 01:41:14.527452,Shopping,Myntra,2542.73,UPI
517,2025-01-29 02:59:43.798379,Travel,Swiggy,992.0,Credit Card
518,2025-01-29 04:18:13.069306,Healthcare,Netflix,4387.71,Cash
519,2025-01-29 05:36:42.340234,Travel,Uber,2882.73,UPI
520,2025-01-29 06:55:11.611161,Transport,Swiggy,1000.93,UPI
521,2025-01-29 08:13:40.882088,Travel,Myntra,3977.54,UPI
522,2025-01-29 09:32:10.153015,Education,Reliance,219.94,Debit Card
523,2025-01-29 10:50:39.423942,Healthcare,Reliance,4913.69,UPI
524,2025-01-29 12:09:08.694869,Education,Airtel,4332.49,Cash
525,2025-01-29 13:27:37.965796,Transport,Zomato,2919.22,Credit Card
526,2025-01-29 14:46:07.236723,Education,Zomato,600.91,Credit Card
527,2025-01-29 16:04:36.507650,Shopping,Swiggy,1115.6,Cash
528,2025-01-29 17:23:05.778577,Transport,Flipkart,1433.2,Debit Card
529,2025-01-29 18:41:35.049504,Transport,Uber,1243.11,Debit Card
530,2025-01-29 20:00:04.320432,Transport,Netflix,2512.72,UPI
531,2025-01-29 21:18:33.591359,Food,Uber,4725.57,Cash
532,2025-01-29 22:37:02.862286,Travel,Reliance,2248.65,UPI
533,2025-01-29 23:55:32.133213,Food,Swiggy,3324.74,UPI
534,2025-01-30 01:14:01.404140,Food,Myntra,3458.49,Cash
535,2025-01-30 02:32:30.675067,Shopping,Netflix,4364.32,Debit Card
536,2025-01-30 03:50:59.945994,Healthcare,Uber,217.42,Debit Card
537,2025-01-30 05:09:29.216921,Travel,Myntra,2051.43,Credit Card
538,2025-01-30 06:27:58.487848,Education,Netflix,3934.44,Cash
539,2025-01-30 07:46:27.758775,Bills,Uber,4083.59,UPI
540,2025-01-30 09:04:57.029702,Transport,Airtel,4640.3,Cash
541,2025-01-30 10:23:26.300630,Education,Reliance,3528.83,UPI
542,2025-01-30 11:41:55.571557,Transport,Amazon,1263.51,Credit Card
543,2025-01-30 13:00:24.842484,Shopping,Netflix,2553.05,Credit Card
544,2025-01-30 14:18:54.113411,Transport,Reliance,210.11,Credit Card
545,2025-01-30 15:37:23.384338,Food,Local Store,3252.3,Credit Card
546,2025-01-30 16:55:52.655265,Travel,Flipkart,2793.76,UPI
547,2025-01-30 18:14:21.926192,Bills,Swiggy,3350.84,Debit Card
548,2025-01-30 19:32:51.197119,Entertainment,Local Store,4654.2,UPI
549,2025-01-30 20:51:20.468046,Transport,Myntra,3452.02,Credit Card
550,2025-01-30 22:09:49.738973,Education,Netflix,1636.23,Debit Card
551,2025-01-30 23:28:19.009900,Food,Swiggy,1033.75,Cash
552,2025-01-31 00:46:48.280828,Entertainment,Swiggy,4280.45,UPI
553,2025-01-31 02:05:17.551755,Bills,Local Store,1011.94,Cash
554,2025-01-31 03:23:46.822682,Entertainment,Local Store,849.97,Credit Card
555,2025-01-31 04:42:16.093609,Food,Amazon,1072.73,Cash
556,2025-01-31 06:00:45.364536,Travel,Uber,2568.76,Debit Card
557,2025-01-31 07:19:14.635463,Travel,Netflix,664.73,Debit Card
558,2025-01-31 08:37:43.906390,Healthcare,Reliance,4693.69,Debit Card
559,2025-01-31 09:56:13.177317,Travel,Zomato,4832.96,UPI
560,2025-01-31 11:14:42.448244,Healthcare,Netflix,4870.32,Cash
561,2025-01-31 12:33:11.719171,Entertainment,Netflix,243.67,Cash
562,2025-01-31 13:51:40.990099,Shopping,Netflix,4733.68,Cash
563,2025-01-31 15:10:10.261026,Education,Swiggy,4987.2,Credit Card
564,2025-01-31 16:28:39.531953,Education,Myntra,4715.02,UPI
565,2025-01-31 17:47:08.802880,Entertainment,Swiggy,3371.15,UPI
566,2025-01-31 19:05:38.073807,Transport,Myntra,3521.09,Cash
567,2025-01-31 20:24:07.344734,Transport,Local Store,655.15,UPI
568,2025-01-31 21:42:36.615661,Travel,Zomato,4377.77,Cash
569,2025-01-31 23:01:05.886588,Education,Swiggy,345.22,Cash
570,2025-02-01 00:19:35.157515,Education,Myntra,1622.77,Cash
571,2025-02-01 01:38:04.428442,Healthcare,Swiggy,4956.2,Debit Card
572,2025-02-01 02:56:33.699369,Shopping,Flipkart,2140.52,Credit Card
573,2025-02-01 04:15:02.970297,Food,Swiggy,699.22,UPI
574,2025-02-01 05:33:32.241224,Transport,Zomato,4848.01,Credit Card
575,2025-02-01 06:52:01.512151,Education,Zomato,4921.49,Debit Card
576,2025-02-01 08:10:30.783078,Healthcare,Myntra,975.86,UPI
577,2025-02-01 09:29:00.054005,Bills,Myntra,4330.78,Cash
578,2025-02-01 10:47:29.324932,Healthcare,Local Store,1982.6,Credit Card
579,2025-02-01 12:05:58.595859,Transport,Zomato,1937.77,Debit Card
580,2025-02-01 13:24:27.866786,Transport,Zomato,1350.35,UPI
581,2025-02-01 14:42:57.137713,Healthcare,Amazon,271.32,UPI
582,2025-02-01 16:01:26.408640,Food,Netflix,1376.64,Credit Card
583,2025-02-01 17:19:55.679567,Entertainment,Airtel,316.2,Credit Card
584,2025-02-01 18:38:24.950495,Transport,Swiggy,4625.64,UPI
585,2025-02-01 19:56:54.221422,Healthcare,Uber,3325.52,UPI
586,2025-02-01 21:15:23.492349,Education,Local Store,4438.78,Debit Card
587,2025-02-01 22:33:52.763276,Healthcare,Netflix,3600.59,Cash
588,2025-02-01 23:52:22.034203,Shopping,Airtel,699.87,Cash
589,2025-02-02 01:10:51.305130,Entertainment,Amazon,4705.88,Debit Card
590,2025-02-02 02:29:20.576057,Bills,Uber,4504.47,UPI
591,2025-02-02 03:47:49.846984,Food,Myntra,1772.98,Credit Card
592,2025-02-02 05:06:19.117911,Travel,Zomato,602.09,Credit Card
593,2025-02-02 06:24:48.388838,Bills,Flipkart,3535.57,UPI
594,2025-02-02 07:43:17.659765,Entertainment,Local Store,3655.39,Debit Card
595,2025-02-02 09:01:46.930693,Entertainment,Reliance,4489.3,UPI
596,2025-02-02 10:20:16.201620,Entertainment,Zomato,310.65,Credit Card
597,2025-02-02 11:38:45.472547,Bills,Flipkart,751.43,UPI
598,2025-02-02 12:57:14.743474,Education,Airtel,3011.33,UPI
599,2025-02-02 14:15:44.014401,Entertainment,Myntra,3114.7,Debit Card
600,2025-02-02 15:34:13.285328,Healthcare,Uber,216.37,Cash
601,2025-02-02 16:52:42.556255,Bills,Airtel,2014.81,Credit Card
602,2025-02-02 18:11:11.827182,Travel,Zomato,2941.6,Credit Card
603,2025-02-02 19:29:41.098109,Entertainment,Zomato,3702.66,UPI
604,2025-02-02 20:48:10.369036,Healthcare,Uber,1614.95,Credit Card
605,2025-02-02 22:06:39.639963,Education,Reliance,2445.32,Credit Card
606,2025-02-02 23:25:08.910891,Shopping,Flipkart,4079.57,Cash
607,2025-02-03 00:43:38.181818,Education,Airtel,4771.78,Credit Card
608,2025-02-03 02:02:07.452745,Travel,Myntra,1190.06,Credit Card
609,2025-02-03 03:20:36.723672,Entertainment,Zomato,1302.56,Debit Card
610,2025-02-03 04:39:05.994599,Travel,Airtel,4702.1,Debit Card
611,2025-02-03 05:57:35.265526,Bills,Reliance,2009.76,Debit Card
612,2025-02-03 07:16:04.536453,Transport,Airtel,3605.82,Debit Card
613,2025-02-03 08:34:33.807380,Entertainment,Uber,3080.71,Debit Card
614,2025-02-03 09:53:03.078307,Transport,Myntra,1463.66,Cash
615,2025-02-03 11:11:32.349234,Healthcare,Amazon,3285.13,Credit Card
616,2025-02-03 12:30:01.620162,Shopping,Uber,3295.05,UPI
617,2025-02-03 13:48:30.891089,Food,Airtel,2982.59,Cash
618,2025-02-03 15:07:00.162016,Travel,Amazon,543.32,UPI
619,2025-02-03 16:25:29.432943,Education,Zomato,4976.1,Debit Card
620,2025-02-03 17:43:58.703870,Shopping,Amazon,2032.06,Credit Card
621,2025-02-03 19:02:27.974797,Entertainment,Reliance,3209.34,Debit Card
622,2025-02-03 20:20:57.245724,Transport,Swiggy,4434.52,Cash
623,2025-02-03 21:39:26.516651,Education,Reliance,2145.28,UPI
624,2025-02-03 22:57:55.787578,Transport,Uber,3880.93,Credit Card
625,2025-02-04 00:16:25.058505,Bills,Swiggy,4860.53,Cash
626,2025-02-04 01:34:54.329432,Transport,Uber,1826.73,Cash
627,2025-02-04 02:53:23.600360,Bills,Local Store,2056.08,Credit Card
628,2025-02-04 04:11:52.871287,Healthcare,Myntra,4532.6,Credit Card
629,2025-02-04 05:30:22.142214,Education,Netflix,840.23,Cash
630,2025-02-04 06:48:51.413141,Education,Zomato,191.54,UPI
631,2025-02-04 08:07:20.684068,Food,Zomato,4549.0,UPI
632,2025-02-04 09:25:49.954995,Entertainment,Local Store,4116.88,Cash
633,2025-02-04 10:44:19.225922,Bills,Airtel,4864.29,Cash
634,2025-02-04 12:02:48.496849,Food,Flipkart,338.28,Debit Card
635,2025-02-04 13:21:17.767776,Transport,Uber,823.08,Debit Card
636,2025-02-04 14:39:47.038703,Transport,Netflix,571.3,UPI
637,2025-02-04 15:58:16.309630,Food,Netflix,3432.91,Debit Card
638,2025-02-04 17:16:45.580558,Education,Reliance,3049.75,UPI
639,2025-02-04 18:35:14.851485,Transport,Reliance,1828.71,Credit Card
640,2025-02-04 19:53:44.122412,Travel,Flipkart,334.25,Debit Card
641,2025-02-04 21:12:13.393339,Healthcare,Airtel,3216.33,UPI
642,2025-02-04 22:30:42.664266,Healthcare,Local Store,2872.1,UPI
643,2025-02-04 23:49:11.935193,Travel,Amazon,608.87,Cash
644,2025-02-05 01:07:41.206120,Food,Reliance,4549.1,UPI
645,2025-02-05 02:26:10.477047,Travel,Airtel,1034.8,Debit Card
646,2025-02-05 03:44:39.747974,Bills,Myntra,3730.37,Cash
647,2025-02-05 05:03:09.018901,Bills,Zomato,4431.13,Cash
648,2025-02-05 06:21:38.289828,Food,Zomato,2918.4,Debit Card
649,2025-02-05 07:40:07.560756,Travel,Airtel,1271.9,Credit Card
650,2025-02-05 08:58:36.831683,Bills,Flipkart,1580.78,Debit Card
651,2025-02-05 10:17:06.102610,Education,Local Store,4434.45,Debit Card
652,2025-02-05 11:35:35.373537,Travel,Netflix,1526.37,Cash
653,2025-02-05 12:54:04.644464,Education,Flipkart,3743.64,Debit Card
654,2025-02-05 14:12:33.915391,Bills,Airtel,4951.32,Credit Card
655,2025-02-05 15:31:03.186318,Healthcare,Local Store,4999.09,Credit Card
656,2025-02-05 16:49:32.457245,Bills,Local Store,2690.72,Credit Card
657,2025-02-05 18:08:01.728172,Education,Uber,4141.45,Cash
658,2025-02-05 19:26:30.999099,Shopping,Swiggy,4951.74,Debit Card
659,2025-02-05 20:45:00.270027,Entertainment,Zomato,1904.63,UPI
660,2025-02-05 22:03:29.540954,Transport,Airtel,1299.43,Debit Card
661,2025-02-05 23:21:58.811881,Travel,Netflix,615.46,Credit Card
662,2025-02-06 00:40:28.082808,Shopping,Swiggy,747.45,Debit Card
663,2025-02-06 01:58:57.353735,Bills,Myntra,4275.1,Cash
664,2025-02-06 03:17:26.624662,Healthcare,Reliance,2964.18,Debit Card
665,2025-02-06 04:35:55.895589,Food,Uber,4374.86,Cash
666,2025-02-06 05:54:25.166516,Bills,Reliance,3957.8,UPI
667,2025-02-06 07:12:54.437443,Healthcare,Swiggy,3385.04,UPI
668,2025-02-06 08:31:23.708370,Entertainment,Swiggy,3066.1,Cash
669,2025-02-06 09:49:52.979297,Bills,Reliance,289.28,Debit Card
670,2025-02-06 11:08:22.250225,Education,Netflix,4367.76,Credit Card
671,2025-02-06 12:26:51.521152,Food,Netflix,2118.32,Cash
672,2025-02-06 13:45:20.792079,Healthcare,Amazon,2820.94,Debit Card
673,2025-02-06 15:03:50.063006,Healthcare,Myntra,158.67,Debit Card
674,2025-02-06 16:22:19.333933,Healthcare,Netflix,4683.56,Debit Card
675,2025-02-06 17:40:48.604860,Entertainment,Myntra,4518.57,Credit Card
676,2025-02-06 18:59:17.875787,Bills,Myntra,2739.23,Credit Card
677,2025-02-06 20:17:47.146714,Entertainment,Swiggy,2907.69,Credit Card
678,2025-02-06 21:36:16.417641,Travel,Myntra,3539.84,Cash
679,2025-02-06 22:54:45.688568,Transport,Uber,1360.24,Cash
680,2025-02-07 00:13:14.959495,Transport,Reliance,1148.48,Credit Card
681,2025-02-07 01:31:44.230423,Travel,Amazon,3386.41,Cash
682,2025-02-07 02:50:13.501350,Bills,Airtel,566.89,Credit Card
683,2025-02-07 04:08:42.772277,Education,Flipkart,2297.61,Cash
684,2025-02-07 05:27:12.043204,Entertainment,Amazon,2489.16,Debit Card
685,2025-02-07 06:45:41.314131,Food,Uber,1937.62,Credit Card
686,2025-02-07 08:04:10.585058,Healthcare,Amazon,967.08,Cash
687,2025-02-07 09:22:39.855985,Healthcare,Myntra,1808.82,Debit Card
688,2025-02-07 10:41:09.126912,Bills,Swiggy,1720.91,Debit Card
689,2025-02-07 11:59:38.397839,Education,Flipkart,2521.37,Cash
690,2025-02-07 13:18:07.668766,Transport,Netflix,3389.67,Debit Card
691,2025-02-07 14:36:36.939693,Transport,Swiggy,4842.76,UPI
692,2025-02-07 15:55:06.210621,Healthcare,Myntra,763.61,Credit Card
693,2025-02-07 17:13:35.481548,Bills,Myntra,4371.43,Credit Card
694,2025-02-07 18:32:04.752475,Entertainment,Flipkart,1456.68,Debit Card
695,2025-02-07 19:50:34.023402,Transport,Flipkart,2977.3,Cash
696,2025-02-07 21:09:03.294329,Entertainment,Zomato,2756.35,UPI
697,2025-02-07 22:27:32.565256,Education,Local Store,2806.89,Cash
698,2025-02-07 23:46:01.836183,Transport,Local Store,3630.63,Credit Card
699,2025-02-08 01:04:31.107110,Transport,Swiggy,1939.36,Debit Card
700,2025-02-08 02:23:00.378037,Shopping,Netflix,1629.54,UPI
701,2025-02-08 03:41:29.648964,Transport,Amazon,4271.53,Debit Card
702,2025-02-08 04:59:58.919891,Travel,Myntra,1139.47,UPI
703,2025-02-08 06:18:28.190819,Food,Myntra,942.22,Debit Card
704,2025-02-08 07:36:57.461746,Travel,Zomato,127.26,Cash
705,2025-02-08 08:55:26.732673,Bills,Swiggy,1092.36,Credit Card
706,2025-02-08 10:13:56.003600,Bills,Swiggy,2616.73,Debit Card
707,2025-02-08 11:32:25.274527,Entertainment,Reliance,2715.62,Debit Card
708,2025-02-08 12:50:54.545454,Travel,Flipkart,1309.38,UPI
709,2025-02-08 14:09:23.816381,Travel,Netflix,407.76,Cash
710,2025-02-08 15:27:53.087308,Travel,Flipkart,3735.97,Cash
711,2025-02-08 16:46:22.358235,Education,Netflix,3801.98,UPI
712,2025-02-08 18:04:51.629162,Transport,Uber,4989.29,Cash
713,2025-02-08 19:23:20.900090,Food,Airtel,4505.15,Credit Card
714,2025-02-08 20:41:50.171017,Entertainment,Local Store,4634.01,Debit Card
715,2025-02-08 22:00:19.441944,Travel,Local Store,4001.11,UPI
716,2025-02-08 23:18:48.712871,Travel,Netflix,3096.74,Cash
717,2025-02-09 00:37:17.983798,Shopping,Local Store,686.3,Credit Card
718,2025-02-09 01:55:47.254725,Entertainment,Flipkart,3130.45,Credit Card
719,2025-02-09 03:14:16.525652,Travel,Myntra,326.98,Cash
720,2025-02-09 04:32:45.796579,Entertainment,Flipkart,4432.23,Cash
721,2025-02-09 05:51:15.067506,Transport,Netflix,2435.02,UPI
722,2025-02-09 07:09:44.338433,Shopping,Swiggy,3502.49,Cash
723,2025-02-09 08:28:13.609360,Entertainment,Flipkart,308.61,UPI
724,2025-02-09 09:46:42.880288,Food,Local Store,2694.53,Debit Card
725,2025-02-09 11:05:12.151215,Food,Zomato,1541.25,Credit Card
726,2025-02-09 12:23:41.422142,Bills,Reliance,1460.59,UPI
727,2025-02-09 13:42:10.693069,Shopping,Myntra,1978.8,Credit Card
728,2025-02-09 15:00:39.963996,Shopping,Local Store,53.17,Debit Card
729,2025-02-09 16:19:09.234923,Bills,Zomato,2359.97,Cash
730,2025-02-09 17:37:38.505850,Entertainment,Netflix,2458.51,UPI
731,2025-02-09 18:56:07.776777,Shopping,Uber,4322.5,Cash
732,2025-02-09 20:14:37.047704,Food,Zomato,2270.2,Credit Card
733,2025-02-09 21:33:06.318631,Food,Airtel,1849.6,UPI
734,2025-02-09 22:51:35.589558,Travel,Uber,4974.0,Debit Card
735,2025-02-10 00:10:04.860486,Transport,Amazon,2877.51,Debit Card
736,2025-02-10 01:28:34.131413,Shopping,Myntra,2389.44,Cash
737,2025-02-10 02:47:03.402340,Entertainment,Local Store,2504.88,Debit Card
738,2025-02-10 04:05:32.673267,Bills,Amazon,4055.45,Debit Card
739,2025-02-10 05:24:01.944194,Bills,Flipkart,1736.35,Cash
740,2025-02-10 06:42:31.215121,Entertainment,Netflix,1976.34,Cash
741,2025-02-10 08:01:00.486048,Education,Myntra,3791.57,UPI
742,2025-02-10 09:19:29.756975,Healthcare,Swiggy,411.27,UPI
743,2025-02-10 10:37:59.027902,Transport,Uber,4332.59,Cash
744,2025-02-10 11:56:28.298829,Bills,Swiggy,2179.5,Credit Card
745,2025-02-10 13:14:57.569756,Shopping,Amazon,2927.4,Credit Card
746,2025-02-10 14:33:26.840684,Transport,Zomato,3799.51,UPI
747,2025-02-10 15:51:56.111611,Shopping,Zomato,1366.96,UPI
748,2025-02-10 17:10:25.382538,Education,Netflix,4457.06,Cash
749,2025-02-10 18:28:54.653465,Food,Amazon,4897.16,Credit Card
750,2025-02-10 19:47:23.924392,Transport,Reliance,2496.66,Cash
751,2025-02-10 21:05:53.195319,Travel,Myntra,4687.84,UPI
752,2025-02-10 22:24:22.466246,Bills,Uber,55.59,Debit Card
753,2025-02-10 23:42:51.737173,Transport,Zomato,4476.48,Debit Card
754,2025-02-11 01:01:21.008100,Transport,Zomato,1589.67,Debit Card
755,2025-02-11 02:19:50.279027,Transport,Swiggy,1591.9,Cash
756,2025-02-11 03:38:19.549954,Healthcare,Swiggy,1179.04,Credit Card
757,2025-02-11 04:56:48.820882,Transport,Local Store,1619.22,UPI
758,2025-02-11 06:15:18.091809,Shopping,Flipkart,1106.75,Credit Card
759,2025-02-11 07:33:47.362736,Food,Reliance,4534.05,Credit Card
760,2025-02-11 08:52:16.633663,Education,Swiggy,4500.17,UPI
761,2025-02-11 10:10:45.904590,Entertainment,Swiggy,555.95,Credit Card
762,2025-02-11 11:29:15.175517,Transport,Myntra,757.15,Debit Card
763,2025-02-11 12:47:44.446444,Bills,Local Store,4316.99,UPI
764,2025-02-11 14:06:13.717371,Transport,Swiggy,2024.74,Debit Card
765,2025-02-11 15:24:42.988298,Bills,Uber,887.89,Cash
766,2025-02-11 16:43:12.259225,Shopping,Myntra,2577.81,Debit Card
767,2025-02-11 18:01:41.530153,Bills,Flipkart,2112.51,Cash
768,2025-02-11 19:20:10.801080,Travel,Amazon,1134.85,Cash
769,2025-02-11 20:38:40.072007,Entertainment,Myntra,3617.72,UPI
770,2025-02-11 21:57:09.342934,Food,Amazon,3174.88,Debit Card
771,2025-02-11 23:15:38.613861,Bills,Zomato,543.32,Debit Card
772,2025-02-12 00:34:07.884788,Bills,Local Store,4630.66,Debit Card
773,2025-02-12 01:52:37.155715,Food,Flipkart,2814.43,UPI
774,2025-02-12 03:11:06.426642,Entertainment,Local Store,1288.51,Cash
775,2025-02-12 04:29:35.697569,Transport,Flipkart,1071.14,Cash
776,2025-02-12 05:48:04.968496,Bills,Local Store,722.94,Cash
777,2025-02-12 07:06:34.239423,Food,Myntra,2151.96,UPI
778,2025-02-12 08:25:03.510351,Travel,Local Store,720.93,UPI
779,2025-02-12 09:43:32.781278,Travel,Airtel,2108.29,Credit Card
780,2025-02-12 11:02:02.052205,Shopping,Flipkart,786.41,Debit Card
781,2025-02-12 12:20:31.323132,Food,Amazon,3301.2,Cash
782,2025-02-12 13:39:00.594059,Shopping,Flipkart,3936.95,Credit Card
783,2025-02-12 14:57:29.864986,Travel,Zomato,2770.14,Credit Card
784,2025-02-12 16:15:59.135913,Entertainment,Uber,3416.28,Debit Card
785,2025-02-12 17:34:28.406840,Transport,Airtel,4694.97,UPI
786,2025-02-12 18:52:57.677767,Food,Netflix,3209.94,Credit Card
787,2025-02-12 20:11:26.948694,Education,Flipkart,1852.58,UPI
788,2025-02-12 21:29:56.219621,Travel,Swiggy,2274.93,UPI
789,2025-02-12 22:48:25.490549,Travel,Myntra,4309.6,Debit Card
790,2025-02-13 00:06:54.761476,Education,Myntra,697.07,Credit Card
791,2025-02-13 01:25:24.032403,Healthcare,Local Store,1662.4,Cash
792,2025-02-13 02:43:53.303330,Travel,Local Store,2907.54,Credit Card
793,2025-02-13 04:02:22.574257,Bills,Myntra,3398.13,Cash
794,2025-02-13 05:20:51.845184,Entertainment,Reliance,3829.32,Cash
795,2025-02-13 06:39:21.116111,Food,Airtel,1625.12,UPI
796,2025-02-13 07:57:50.387038,Education,Airtel,772.0,Cash
797,2025-02-13 09:16:19.657965,Bills,Amazon,4776.45,Debit Card
798,2025-02-13 10:34:48.928892,Education,Flipkart,428.14,Credit Card
799,2025-02-13 11:53:18.199819,Food,Netflix,524.24,UPI
800,2025-02-13 13:11:47.470747,Shopping,Myntra,2499.97,UPI
801,2025-02-13 14:30:16.741674,Food,Flipkart,4105.39,Cash
802,2025-02-13 15:48:46.012601,Healthcare,Airtel,3883.8,UPI
803,2025-02-13 17:07:15.283528,Food,Zomato,4691.61,Debit Card
804,2025-02-13 18:25:44.554455,Food,Myntra,750.93,Debit Card
805,2025-02-13 19:44:13.825382,Healthcare,Flipkart,1909.85,UPI
806,2025-02-13 21:02:43.096309,Entertainment,Airtel,1446.6,UPI
807,2025-02-13 22:21:12.367236,Travel,Uber,4311.31,Debit Card
808,2025-02-13 23:39:41.638163,Food,Airtel,2467.36,Cash
809,2025-02-14 00:58:10.909090,Healthcare,Local Store,182.9,UPI
810,2025-02-14 02:16:40.180018,Bills,Swiggy,3554.42,Cash
811,2025-02-14 03:35:09.450945,Shopping,Reliance,1974.06,UPI
812,2025-02-14 04:53:38.721872,Shopping,Reliance,2679.18,Debit Card
813,2025-02-14 06:12:07.992799,Food,Local Store,4474.25,UPI
814,2025-02-14 07:30:37.263726,Entertainment,Local Store,1320.85,UPI
815,2025-02-14 08:49:06.534653,Entertainment,Myntra,1239.31,UPI
816,2025-02-14 10:07:35.805580,Bills,Uber,1352.8,Debit Card
817,2025-02-14 11:26:05.076507,Food,Uber,1723.63,Debit Card
818,2025-02-14 12:44:34.347434,Shopping,Myntra,581.4,Debit Card
819,2025-02-14 14:03:03.618361,Entertainment,Flipkart,3501.24,Credit Card
820,2025-02-14 15:21:32.889288,Food,Myntra,1076.62,Credit Card
821,2025-02-14 16:40:02.160216,Education,Netflix,4634.42,Credit Card
822,2025-02-14 17:58:31.431143,Entertainment,Netflix,1117.65,Credit Card
823,2025-02-14 19:17:00.702070,Healthcare,Reliance,1315.43,Debit Card
824,2025-02-14 20:35:29.972997,Education,Airtel,1520.25,UPI
825,2025-02-14 21:53:59.243924,Travel,Myntra,3854.26,Debit Card
826,2025-02-14 23:12:28.514851,Entertainment,Myntra,2166.65,Credit Card
827,2025-02-15 00:30:57.785778,Shopping,Flipkart,4105.71,Cash
828,2025-02-15 01:49:27.056705,Transport,Amazon,3935.03,Cash
829,2025-02-15 03:07:56.327632,Education,Reliance,4650.98,Debit Card
830,2025-02-15 04:26:25.598559,Travel,Reliance,3795.19,UPI
831,2025-02-15 05:44:54.869486,Bills,Reliance,306.96,Credit Card
832,2025-02-15 07:03:24.140414,Bills,Airtel,4194.54,UPI
833,2025-02-15 08:21:53.411341,Shopping,Local Store,4693.46,UPI
834,2025-02-15 09:40:22.682268,Entertainment,Zomato,4968.76,UPI
835,2025-02-15 10:58:51.953195,Food,Amazon,670.07,Credit Card
836,2025-02-15 12:17:21.224122,Entertainment,Airtel,3085.7,Debit Card
837,2025-02-15 13:35:50.495049,Shopping,Netflix,1037.32,Credit Card
838,2025-02-15 14:54:19.765976,Bills,Flipkart,1349.42,Credit Card
839,2025-02-15 16:12:49.036903,Entertainment,Local Store,3740.64,Debit Card
840,2025-02-15 17:31:18.307830,Bills,Netflix,4889.46,Debit Card
841,2025-02-15 18:49:47.578757,Education,Local Store,2994.53,Debit Card
842,2025-02-15 20:08:16.849684,Travel,Uber,4260.39,Cash
843,2025-02-15 21:26:46.120612,Food,Reliance,93.97,Cash
844,2025-02-15 22:45:15.391539,Education,Local Store,231.33,Debit Card
845,2025-02-16 00:03:44.662466,Bills,Swiggy,3003.79,UPI
846,2025-02-16 01:22:13.933393,Bills,Reliance,1975.47,Cash
847,2025-02-16 02:40:43.204320,Transport,Reliance,4454.3,Credit Card
848,2025-02-16 03:59:12.475247,Transport,Flipkart,1544.81,Credit Card
849,2025-02-16 05:17:41.746174,Education,Amazon,2188.65,Cash
850,2025-02-16 06:36:11.017101,Healthcare,Netflix,2663.15,Credit Card
851,2025-02-16 07:54:40.288028,Education,Local Store,1401.54,Debit Card
852,2025-02-16 09:13:09.558955,Transport,Local Store,4547.05,Credit Card
853,2025-02-16 10:31:38.829882,Bills,Uber,2349.44,Cash
854,2025-02-16 11:50:08.100810,Shopping,Reliance,2149.57,UPI
855,2025-02-16 13:08:37.371737,Education,Myntra,4256.28,Credit Card
856,2025-02-16 14:27:06.642664,Bills,Zomato,1594.29,Credit Card
857,2025-02-16 15:45:35.913591,Shopping,Myntra,4096.45,UPI
858,2025-02-16 17:04:05.184518,Shopping,Local Store,655.25,Cash
859,2025-02-16 18:22:34.455445,Transport,Myntra,954.8,UPI
860,2025-02-16 19:41:03.726372,Education,Flipkart,4756.67,Credit Card
861,2025-02-16 20:59:32.997299,Entertainment,Swiggy,4220.12,Cash
862,2025-02-16 22:18:02.268226,Food,Local Store,1970.1,Debit Card
863,2025-02-16 23:36:31.539153,Transport,Local Store,3210.36,Cash
864,2025-02-17 00:55:00.810081,Transport,Swiggy,4717.7,Cash
865,2025-02-17 02:13:30.081008,Entertainment,Netflix,1098.7,Debit Card
866,2025-02-17 03:31:59.351935,Food,Swiggy,342.1,Cash
867,2025-02-17 04:50:28.622862,Bills,Myntra,2710.47,Credit Card
868,2025-02-17 06:08:57.893789,Healthcare,Flipkart,755.85,Credit Card
869,2025-02-17 07:27:27.164716,Education,Uber,977.23,Credit Card
870,2025-02-17 08:45:56.435643,Healthcare,Netflix,4463.12,Credit Card
871,2025-02-17 10:04:25.706570,Bills,Airtel,86.65,Debit Card
872,2025-02-17 11:22:54.977497,Travel,Uber,4093.26,Credit Card
873,2025-02-17 12:41:24.248424,Transport,Amazon,2608.91,Cash
874,2025-02-17 13:59:53.519351,Food,Amazon,2818.51,UPI
875,2025-02-17 15:18:22.790279,Transport,Amazon,3375.25,Debit Card
876,2025-02-17 16:36:52.061206,Shopping,Amazon,2185.65,Debit Card
877,2025-02-17 17:55:21.332133,Transport,Flipkart,622.28,UPI
878,2025-02-17 19:13:50.603060,Transport,Uber,558.96,Credit Card
879,2025-02-17 20:32:19.873987,Bills,Reliance,3784.09,Credit Card
880,2025-02-17 21:50:49.144914,Bills,Zomato,1144.12,Cash
881,2025-02-17 23:09:18.415841,Bills,Netflix,189.1,Credit Card
882,2025-02-18 00:27:47.686768,Healthcare,Airtel,4899.09,Credit Card
883,2025-02-18 01:46:16.957695,Shopping,Myntra,4902.94,Cash
884,2025-02-18 03:04:46.228622,Travel,Local Store,1921.8,Credit Card
885,2025-02-18 04:23:15.499549,Travel,Amazon,176.34,UPI
886,2025-02-18 05:41:44.770477,Bills,Airtel,3649.96,Credit Card
887,2025-02-18 07:00:14.041404,Food,Local Store,4163.51,UPI
888,2025-02-18 08:18:43.312331,Healthcare,Zomato,668.82,UPI
889,2025-02-18 09:37:12.583258,Entertainment,Airtel,720.52,UPI
890,2025-02-18 10:55:41.854185,Food,Uber,4120.01,Credit Card
891,2025-02-18 12:14:11.125112,Education,Airtel,4613.44,Credit Card
892,2025-02-18 13:32:40.396039,Education,Amazon,3964.24,Debit Card
893,2025-02-18 14:51:09.666966,Food,Zomato,1043.69,Cash
894,2025-02-18 16:09:38.937893,Bills,Myntra,2087.03,Cash
895,2025-02-18 17:28:08.208820,Entertainment,Reliance,3024.17,Debit Card
896,2025-02-18 18:46:37.479747,Entertainment,Swiggy,843.45,UPI
897,2025-02-18 20:05:06.750675,Healthcare,Amazon,1092.48,Cash
898,2025-02-18 21:23:36.021602,Entertainment,Local Store,1450.29,Debit Card
899,2025-02-18 22:42:05.292529,Education,Zomato,2572.09,UPI
900,2025-02-19 00:00:34.563456,Shopping,Uber,2578.48,Debit Card
901,2025-02-19 01:19:03.834383,Bills,Flipkart,4080.76,Credit Card
902,2025-02-19 02:37:33.105310,Entertainment,Zomato,3777.4,Credit Card
903,2025-02-19 03:56:02.376237,Healthcare,Local Store,4572.99,UPI
904,2025-02-19 05:14:31.647164,Education,Swiggy,4172.86,UPI
905,2025-02-19 06:33:00.918091,Shopping,Swiggy,1306.69,Credit Card
906,2025-02-19 07:51:30.189018,Transport,Netflix,1689.92,Cash
907,2025-02-19 09:09:59.459945,Transport,Reliance,2527.1,Cash
908,2025-02-19 10:28:28.730873,Shopping,Local Store,120.64,Credit Card
909,2025-02-19 11:46:58.001800,Education,Swiggy,4524.31,Cash
910,2025-02-19 13:05:27.272727,Healthcare,Netflix,269.5,Credit Card
911,2025-02-19 14:23:56.543654,Shopping,Netflix,1646.08,Debit Card
912,2025-02-19 15:42:25.814581,Bills,Netflix,2867.42,Debit Card
913,2025-02-19 17:00:55.085508,Bills,Zomato,2613.31,Debit Card
914,2025-02-19 18:19:24.356435,Transport,Netflix,3289.58,Cash
915,2025-02-19 19:37:53.627362,Entertainment,Amazon,2661.22,Debit Card
916,2025-02-19 20:56:22.898289,Healthcare,Local Store,1183.56,UPI
917,2025-02-19 22:14:52.169216,Transport,Amazon,1045.34,UPI
918,2025-02-19 23:33:21.440144,Entertainment,Flipkart,4540.87,Debit Card
919,2025-02-20 00:51:50.711071,Entertainment,Swiggy,1356.64,UPI
920,2025-02-20 02:10:19.981998,Travel,Reliance,1440.84,Debit Card
921,2025-02-20 03:28:49.252925,Bills,Netflix,2094.12,Debit Card
922,2025-02-20 04:47:18.523852,Education,Uber,740.22,Credit Card
923,2025-02-20 06:05:47.794779,Food,Uber,2561.0,Debit Card
924,2025-02-20 07:24:17.065706,Education,Swiggy,3341.91,UPI
925,2025-02-20 08:42:46.336633,Food,Flipkart,3940.7,Cash
926,2025-02-20 10:01:15.607560,Shopping,Uber,3571.7,Debit Card
927,2025-02-20 11:19:44.878487,Bills,Amazon,780.8,Credit Card
928,2025-02-20 12:38:14.149414,Entertainment,Airtel,2307.53,UPI
929,2025-02-20 13:56:43.420342,Healthcare,Zomato,241.0,Credit Card
930,2025-02-20 15:15:12.691269,Food,Myntra,138.1,Debit Card
931,2025-02-20 16:33:41.962196,Education,Uber,2228.65,Debit Card
932,2025-02-20 17:52:11.233123,Entertainment,Reliance,1302.15,Debit Card
933,2025-02-20 19:10:40.504050,Food,Netflix,3432.64,Debit Card
934,2025-02-20 20:29:09.774977,Food,Reliance,3634.99,UPI
935,2025-02-20 21:47:39.045904,Travel,Local Store,4482.25,Cash
936,2025-02-20 23:06:08.316831,Food,Zomato,3815.38,Debit Card
937,2025-02-21 00:24:37.587758,Healthcare,Amazon,288.81,Credit Card
938,2025-02-21 01:43:06.858685,Bills,Flipkart,1889.53,UPI
939,2025-02-21 03:01:36.129612,Healthcare,Zomato,1401.47,UPI
940,2025-02-21 04:20:05.400540,Transport,Myntra,1961.36,UPI
941,2025-02-21 05:38:34.671467,Entertainment,Airtel,842.37,Credit Card
942,2025-02-21 06:57:03.942394,Bills,Uber,533.64,Cash
943,2025-02-21 08:15:33.213321,Travel,Flipkart,2628.87,Credit Card
944,2025-02-21 09:34:02.484248,Bills,Flipkart,3615.89,Credit Card
945,2025-02-21 10:52:31.755175,Bills,Uber,3524.46,Credit Card
946,2025-02-21 12:11:01.026102,Education,Uber,2282.17,Debit Card
947,2025-02-21 13:29:30.297029,Bills,Uber,2635.28,Debit Card
948,2025-02-21 14:47:59.567956,Travel,Uber,2605.83,Credit Card
949,2025-02-21 16:06:28.838883,Healthcare,Uber,3473.27,Credit Card
950,2025-02-21 17:24:58.109810,Bills,Flipkart,287.23,Debit Card
951,2025-02-21 18:43:27.380738,Shopping,Swiggy,3563.99,Debit Card
952,2025-02-21 20:01:56.651665,Entertainment,Swiggy,2931.89,Cash
953,2025-02-21 21:20:25.922592,Bills,Reliance,1030.64,Credit Card
954,2025-02-21 22:38:55.193519,Entertainment,Swiggy,292.84,UPI
955,2025-02-21 23:57:24.464446,Shopping,Myntra,587.21,Cash
956,2025-02-22 01:15:53.735373,Shopping,Swiggy,2647.22,UPI
957,2025-02-22 02:34:23.006300,Entertainment,Flipkart,3804.12,Cash
958,2025-02-22 03:52:52.277227,Food,Uber,1706.55,Credit Card
959,2025-02-22 05:11:21.548154,Transport,Netflix,1926.66,UPI
960,2025-02-22 06:29:50.819081,Education,Netflix,4674.02,Debit Card
961,2025-02-22 07:48:20.090009,Food,Myntra,1104.41,Cash
962,2025-02-22 09:06:49.360936,Food,Local Store,563.56,UPI
963,2025-02-22 10:25:18.631863,Healthcare,Flipkart,1749.88,Cash
964,2025-02-22 11:43:47.902790,Education,Amazon,3742.31,Credit Card
965,2025-02-22 13:02:17.173717,Education,Zomato,3149.08,UPI
966,2025-02-22 14:20:46.444644,Food,Reliance,2108.19,UPI
967,2025-02-22 15:39:15.715571,Bills,Amazon,4825.53,UPI
968,2025-02-22 16:57:44.986498,Healthcare,Flipkart,3688.23,Cash
969,2025-02-22 18:16:14.257425,Healthcare,Swiggy,356.21,Debit Card
970,2025-02-22 19:34:43.528352,Shopping,Uber,3735.93,Debit Card
971,2025-02-22 20:53:12.799279,Travel,Amazon,168.99,Debit Card
972,2025-02-22 22:11:42.070207,Education,Zomato,3269.1,Credit Card
973,2025-02-22 23:30:11.341134,Food,Local Store,1091.89,UPI
974,2025-02-23 00:48:40.612061,Shopping,Netflix,3497.39,Debit Card
975,2025-02-23 02:07:09.882988,Entertainment,Local Store,1583.41,Debit Card
976,2025-02-23 03:25:39.153915,Transport,Zomato,4371.38,UPI
977,2025-02-23 04:44:08.424842,Travel,Uber,1717.72,Credit Card
978,2025-02-23 06:02:37.695769,Travel,Swiggy,3117.49,Cash
979,2025-02-23 07:21:06.966696,Travel,Zomato,1465.34,Cash
980,2025-02-23 08:39:36.237623,Healthcare,Reliance,4590.25,Cash
981,2025-02-23 09:58:05.508550,Entertainment,Zomato,3915.93,UPI
982,2025-02-23 11:16:34.779477,Travel,Flipkart,1254.35,Credit Card
983,2025-02-23 12:35:04.050405,Entertainment,Swiggy,4746.54,UPI
984,2025-02-23 13:53:33.321332,Bills,Uber,1817.93,Cash
985,2025-02-23 15:12:02.592259,Travel,Netflix,3276.73,Debit Card
986,2025-02-23 16:30:31.863186,Transport,Netflix,3727.12,Debit Card
987,2025-02-23 17:49:01.134113,Entertainment,Zomato,163.37,Debit Card
988,2025-02-23 19:07:30.405040,Entertainment,Flipkart,4796.89,Cash
989,2025-02-23 20:25:59.675967,Transport,Amazon,1754.98,Credit Card
990,2025-02-23 21:44:28.946894,Travel,Local Store,989.41,Cash
991,2025-02-23 23:02:58.217821,Transport,Local Store,4261.0,UPI
992,2025-02-24 00:21:27.488748,Entertainment,Local Store,3529.35,Credit Card
993,2025-02-24 01:39:56.759675,Transport,Amazon,479.38,Debit Card
994,2025-02-24 02:58:26.030603,Entertainment,Flipkart,629.37,Credit Card
995,2025-02-24 04:16:55.301530,Entertainment,Local Store,3590.2,Credit Card
996,2025-02-24 05:35:24.572457,Bills,Reliance,420.18,Cash
997,2025-02-24 06:53:53.843384,Food,Amazon,4590.02,Credit Card
998,2025-02-24 08:12:23.114311,Entertainment,Amazon,3720.62,Cash
999,2025-02-24 09:30:52.385238,Travel,Uber,1710.69,UPI
1000,2025-02-24 10:49:21.656165,Shopping,Uber,1846.55,Credit Card
1001,2025-02-24 12:07:50.927092,Healthcare,Swiggy,2557.16,Credit Card
1002,2025-02-24 13:26:20.198019,Education,Reliance,1836.8,Credit Card
1003,2025-02-24 14:44:49.468946,Food,Reliance,3928.17,Debit Card
1004,2025-02-24 16:03:18.739873,Food,Swiggy,4874.95,Cash
1005,2025-02-24 17:21:48.010801,Food,Reliance,2943.38,Cash
1006,2025-02-24 18:40:17.281728,Bills,Myntra,2257.88,Debit Card
1007,2025-02-24 19:58:46.552655,Entertainment,Airtel,1152.73,Cash
1008,2025-02-24 21:17:15.823582,Bills,Local Store,3284.5,UPI
1009,2025-02-24 22:35:45.094509,Entertainment,Uber,3443.61,Debit Card
1010,2025-02-24 23:54:14.365436,Travel,Swiggy,3441.69,Cash
1011,2025-02-25 01:12:43.636363,Bills,Swiggy,183.58,UPI
1012,2025-02-25 02:31:12.907290,Bills,Reliance,4500.65,Cash
1013,2025-02-25 03:49:42.178217,Healthcare,Amazon,1723.63,Debit Card
1014,2025-02-25 05:08:11.449144,Shopping,Netflix,3733.62,Cash
1015,2025-02-25 06:26:40.720072,Bills,Zomato,3811.04,UPI
1016,2025-02-25 07:45:09.990999,Healthcare,Zomato,3270.25,UPI
1017,2025-02-25 09:03:39.261926,Transport,Swiggy,2004.59,UPI
1018,2025-02-25 10:22:08.532853,Shopping,Local Store,3061.5,Cash
1019,2025-02-25 11:40:37.803780,Travel,Myntra,248.98,Debit Card
1020,2025-02-25 12:59:07.074707,Bills,Local Store,3821.38,Cash
1021,2025-02-25 14:17:36.345634,Education,Swiggy,542.96,Credit Card
1022,2025-02-25 15:36:05.616561,Food,Local Store,2013.92,Debit Card
1023,2025-02-25 16:54:34.887488,Transport,Uber,562.91,Credit Card
1024,2025-02-25 18:13:04.158415,Transport,Local Store,4193.52,Cash
1025,2025-02-25 19:31:33.429342,Travel,Reliance,2774.0,Debit Card
1026,2025-02-25 20:50:02.700270,Healthcare,Reliance,3470.23,Credit Card
1027,2025-02-25 22:08:31.971197,Transport,Myntra,3428.78,Cash
1028,2025-02-25 23:27:01.242124,Shopping,Uber,4215.95,Debit Card
1029,2025-02-26 00:45:30.513051,Bills,Netflix,706.22,UPI
1030,2025-02-26 02:03:59.783978,Bills,Amazon,3315.65,UPI
1031,2025-02-26 03:22:29.054905,Education,Uber,2896.91,UPI
1032,2025-02-26 04:40:58.325832,Travel,Flipkart,202.94,Credit Card
1033,2025-02-26 05:59:27.596759,Food,Airtel,1047.04,Credit Card
1034,2025-02-26 07:17:56.867686,Healthcare,Swiggy,1374.48,Cash
1035,2025-02-26 08:36:26.138613,Food,Flipkart,409.15,UPI
1036,2025-02-26 09:54:55.409540,Transport,Myntra,1805.86,Credit Card
1037,2025-02-26 11:13:24.680468,Travel,Flipkart,184.65,UPI
1038,2025-02-26 12:31:53.951395,Education,Reliance,2788.26,Cash
1039,2025-02-26 13:50:23.222322,Food,Local Store,1096.93,Debit Card
1040,2025-02-26 15:08:52.493249,Shopping,Amazon,1470.67,Credit Card
1041,2025-02-26 16:27:21.764176,Bills,Zomato,4556.83,Credit Card
1042,2025-02-26 17:45:51.035103,Transport,Swiggy,2538.94,Debit Card
1043,2025-02-26 19:04:20.306030,Education,Zomato,1381.62,Credit Card
1044,2025-02-26 20:22:49.576957,Food,Local Store,3012.39,Cash
1045,2025-02-26 21:41:18.847884,Healthcare,Reliance,1048.27,Credit Card
1046,2025-02-26 22:59:48.118811,Shopping,Reliance,418.26,Credit Card
1047,2025-02-27 00:18:17.389738,Shopping,Local Store,153.49,Debit Card
1048,2025-02-27 01:36:46.660666,Food,Swiggy,4760.07,Cash
1049,2025-02-27 02:55:15.931593,Bills,Zomato,3636.82,UPI
1050,2025-02-27 04:13:45.202520,Food,Uber,4009.74,UPI
1051,2025-02-27 05:32:14.473447,Transport,Reliance,4905.54,Debit Card
1052,2025-02-27 06:50:43.744374,Food,Zomato,4661.56,Cash
1053,2025-02-27 08:09:13.015301,Shopping,Netflix,3697.72,Debit Card
1054,2025-02-27 09:27:42.286228,Education,Zomato,3485.24,Debit Card
1055,2025-02-27 10:46:11.557155,Food,Netflix,1717.41,UPI
1056,2025-02-27 12:04:40.828082,Bills,Netflix,564.89,Cash
1057,2025-02-27 13:23:10.099009,Travel,Reliance,2889.93,Cash
1058,2025-02-27 14:41:39.369936,Education,Swiggy,2902.45,Debit Card
1059,2025-02-27 16:00:08.640864,Healthcare,Myntra,4763.57,UPI
1060,2025-02-27 17:18:37.911791,Entertainment,Reliance,2240.73,Cash
1061,2025-02-27 18:37:07.182718,Food,Swiggy,3469.5,Debit Card
1062,2025-02-27 19:55:36.453645,Bills,Swiggy,2896.1,Credit Card
1063,2025-02-27 21:14:05.724572,Education,Flipkart,924.96,UPI
1064,2025-02-27 22:32:34.995499,Bills,Local Store,2980.72,Cash
1065,2025-02-27 23:51:04.266426,Healthcare,Local Store,2723.58,Cash
1066,2025-02-28 01:09:33.537353,Shopping,Local Store,2494.83,Cash
1067,2025-02-28 02:28:02.808280,Bills,Airtel,2591.44,UPI
1068,2025-02-28 03:46:32.079207,Education,Reliance,861.74,Debit Card
1069,2025-02-28 05:05:01.350135,Bills,Swiggy,2344.21,Credit Card
1070,2025-02-28 06:23:30.621062,Bills,Flipkart,3047.98,Cash
1071,2025-02-28 07:41:59.891989,Bills,Netflix,2472.77,UPI
1072,2025-02-28 09:00:29.162916,Transport,Myntra,2469.0,Cash
1073,2025-02-28 10:18:58.433843,Transport,Myntra,433.71,Debit Card
1074,2025-02-28 11:37:27.704770,Shopping,Netflix,994.33,Credit Card
1075,2025-02-28 12:55:56.975697,Food,Zomato,1638.81,Cash
1076,2025-02-28 14:14:26.246624,Bills,Zomato,2125.77,UPI
1077,2025-02-28 15:32:55.517551,Healthcare,Local Store,2989.99,Debit Card
1078,2025-02-28 16:51:24.788478,Food,Reliance,4323.56,Credit Card
1079,2025-02-28 18:09:54.059405,Healthcare,Airtel,837.87,UPI
1080,2025-02-28 19:28:23.330333,Food,Flipkart,124.69,Cash
1081,2025-02-28 20:46:52.601260,Shopping,Myntra,2273.72,UPI
1082,2025-02-28 22:05:21.872187,Bills,Local Store,2188.91,Credit Card
1083,2025-02-28 23:23:51.143114,Bills,Amazon,2781.91,Debit Card
1084,2025-03-01 00:42:20.414041,Entertainment,Local Store,4174.45,Debit Card
1085,2025-03-01 02:00:49.684968,Healthcare,Amazon,4021.68,Cash
1086,2025-03-01 03:19:18.955895,Food,Uber,545.21,Cash
1087,2025-03-01 04:37:48.226822,Food,Swiggy,4673.28,Cash
1088,2025-03-01 05:56:17.497749,Travel,Netflix,596.55,Cash
1089,2025-03-01 07:14:46.768676,Travel,Swiggy,3191.12,Credit Card
1090,2025-03-01 08:33:16.039603,Transport,Local Store,3378.41,Cash
1091,2025-03-01 09:51:45.310531,Entertainment,Swiggy,3415.39,UPI
1092,2025-03-01 11:10:14.581458,Education,Flipkart,1363.49,Credit Card
1093,2025-03-01 12:28:43.852385,Travel,Uber,1685.21,Credit Card
1094,2025-03-01 13:47:13.123312,Education,Airtel,2765.95,Cash
1095,2025-03-01 15:05:42.394239,Transport,Uber,1037.96,Credit Card
1096,2025-03-01 16:24:11.665166,Transport,Myntra,150.54,UPI
1097,2025-03-01 17:42:40.936093,Transport,Flipkart,2832.62,Credit Card
1098,2025-03-01 19:01:10.207020,Healthcare,Swiggy,2353.13,Credit Card
1099,2025-03-01 20:19:39.477947,Healthcare,Airtel,3300.82,UPI
1100,2025-03-01 21:38:08.748874,Shopping,Swiggy,776.17,UPI
1101,2025-03-01 22:56:38.019801,Shopping,Reliance,4212.58,Credit Card
1102,2025-03-02 00:15:07.290729,Transport,Reliance,773.8,Debit Card
1103,2025-03-02 01:33:36.561656,Entertainment,Zomato,4462.15,Credit Card
1104,2025-03-02 02:52:05.832583,Food,Uber,2275.13,UPI
1105,2025-03-02 04:10:35.103510,Healthcare,Airtel,2771.54,UPI
1106,2025-03-02 05:29:04.374437,Entertainment,Reliance,4488.08,UPI
1107,2025-03-02 06:47:33.645364,Bills,Zomato,1534.57,Debit Card
1108,2025-03-02 08:06:02.916291,Healthcare,Flipkart,950.04,UPI
1109,2025-03-02 09:24:32.187218,Healthcare,Airtel,2256.47,Cash
1110,2025-03-02 10:43:01.458145,Shopping,Zomato,1259.62,Cash
1111,2025-03-02 12:01:30.729072,Food,Netflix,2662.83,Debit Card
1112,2025-03-02 13:20:00.000000,Food,Airtel,1412.53,UPI
1113,2025-03-02 14:38:29.270927,Travel,Local Store,4329.22,UPI
1114,2025-03-02 15:56:58.541854,Education,Zomato,3056.26,Cash
1115,2025-03-02 17:15:27.812781,Education,Swiggy,51.19,Cash
1116,2025-03-02 18:33:57.083708,Education,Local Store,4037.09,Credit Card
1117,2025-03-02 19:52:26.354635,Education,Netflix,1684.55,Debit Card
1118,2025-03-02 21:10:55.625562,Bills,Reliance,1635.03,Credit Card
1119,2025-03-02 22:29:24.896489,Bills,Amazon,1946.16,Debit Card
1120,2025-03-02 23:47:54.167416,Healthcare,Zomato,3169.8,UPI
1121,2025-03-03 01:06:23.438343,Transport,Flipkart,2238.2,UPI
1122,2025-03-03 02:24:52.709270,Shopping,Zomato,3161.75,Debit Card
1123,2025-03-03 03:43:21.980198,Shopping,Amazon,776.56,Credit Card
1124,2025-03-03 05:01:51.251125,Education,Netflix,4852.31,Cash
1125,2025-03-03 06:20:20.522052,Healthcare,Netflix,3661.55,Debit Card
1126,2025-03-03 07:38:49.792979,Travel,Local Store,1288.53,Debit Card
1127,2025-03-03 08:57:19.063906,Entertainment,Airtel,3634.64,Debit Card
1128,2025-03-03 10:15:48.334833,Transport,Flipkart,2896.38,UPI
1129,2025-03-03 11:34:17.605760,Healthcare,Local Store,590.49,Debit Card
1130,2025-03-03 12:52:46.876687,Transport,Flipkart,932.07,UPI
1131,2025-03-03 14:11:16.147614,Transport,Flipkart,254.48,Cash
1132,2025-03-03 15:29:45.418541,Transport,Amazon,4055.73,Cash
1133,2025-03-03 16:48:14.689468,Healthcare,Local Store,2780.94,Credit Card
1134,2025-03-03 18:06:43.960396,Education,Flipkart,1617.91,UPI
1135,2025-03-03 19:25:13.231323,Shopping,Myntra,675.41,Cash
1136,2025-03-03 20:43:42.502250,Shopping,Amazon,2446.03,Cash
1137,2025-03-03 22:02:11.773177,Education,Netflix,2650.04,Credit Card
1138,2025-03-03 23:20:41.044104,Transport,Amazon,3524.65,Credit Card
1139,2025-03-04 00:39:10.315031,Entertainment,Swiggy,4851.19,Credit Card
1140,2025-03-04 01:57:39.585958,Food,Swiggy,2202.98,UPI
1141,2025-03-04 03:16:08.856885,Healthcare,Flipkart,2059.87,Debit Card
1142,2025-03-04 04:34:38.127812,Food,Local Store,1881.15,UPI
1143,2025-03-04 05:53:07.398739,Travel,Netflix,4143.27,Credit Card
1144,2025-03-04 07:11:36.669666,Education,Amazon,823.77,Debit Card
1145,2025-03-04 08:30:05.940594,Entertainment,Local Store,1751.87,Cash
1146,2025-03-04 09:48:35.211521,Healthcare,Amazon,3638.61,UPI
1147,2025-03-04 11:07:04.482448,Education,Amazon,127.69,Credit Card
1148,2025-03-04 12:25:33.753375,Transport,Myntra,1482.43,Credit Card
1149,2025-03-04 13:44:03.024302,Shopping,Swiggy,3225.16,Debit Card
1150,2025-03-04 15:02:32.295229,Food,Amazon,970.46,UPI
1151,2025-03-04 16:21:01.566156,Bills,Myntra,1548.42,Cash
1152,2025-03-04 17:39:30.837083,Bills,Swiggy,2455.92,Cash
1153,2025-03-04 18:58:00.108010,Entertainment,Myntra,2139.02,Debit Card
1154,2025-03-04 20:16:29.378937,Transport,Local Store,574.83,Debit Card
1155,2025-03-04 21:34:58.649864,Travel,Airtel,4694.26,Cash
1156,2025-03-04 22:53:27.920792,Food,Swiggy,269.25,Debit Card
1157,2025-03-05 00:11:57.191719,Transport,Reliance,3761.23,Debit Card
1158,2025-03-05 01:30:26.462646,Food,Airtel,403.54,UPI
1159,2025-03-05 02:48:55.733573,Entertainment,Local Store,2363.11,Debit Card
1160,2025-03-05 04:07:25.004500,Entertainment,Amazon,918.29,Credit Card
1161,2025-03-05 05:25:54.275427,Travel,Netflix,748.43,Credit Card
1162,2025-03-05 06:44:23.546354,Bills,Local Store,673.19,Credit Card
1163,2025-03-05 08:02:52.817281,Transport,Myntra,2291.29,Debit Card
1164,2025-03-05 09:21:22.088208,Healthcare,Myntra,2601.65,Cash
1165,2025-03-05 10:39:51.359135,Bills,Myntra,710.25,Credit Card
1166,2025-03-05 11:58:20.630063,Transport,Myntra,4898.01,UPI
1167,2025-03-05 13:16:49.900990,Bills,Local Store,1325.94,Debit Card
1168,2025-03-05 14:35:19.171917,Healthcare,Netflix,2321.26,Cash
1169,2025-03-05 15:53:48.442844,Shopping,Zomato,1120.53,Cash
1170,2025-03-05 17:12:17.713771,Shopping,Myntra,2494.92,Debit Card
1171,2025-03-05 18:30:46.984698,Travel,Zomato,3792.28,Debit Card
1172,2025-03-05 19:49:16.255625,Shopping,Netflix,2629.45,UPI
1173,2025-03-05 21:07:45.526552,Shopping,Netflix,1463.96,Debit Card
1174,2025-03-05 22:26:14.797479,Education,Airtel,1279.56,Debit Card
1175,2025-03-05 23:44:44.068406,Food,Swiggy,3806.73,Cash
1176,2025-03-06 01:03:13.339333,Education,Reliance,635.28,Credit Card
1177,2025-03-06 02:21:42.610261,Education,Flipkart,1881.33,Credit Card
1178,2025-03-06 03:40:11.881188,Travel,Reliance,799.84,Cash
1179,2025-03-06 04:58:41.152115,Education,Local Store,1326.98,Debit Card
1180,2025-03-06 06:17:10.423042,Shopping,Flipkart,805.78,UPI
1181,2025-03-06 07:35:39.693969,Healthcare,Netflix,4439.52,Credit Card
1182,2025-03-06 08:54:08.964896,Travel,Reliance,3672.93,Debit Card
1183,2025-03-06 10:12:38.235823,Travel,Uber,2826.59,Credit Card
1184,2025-03-06 11:31:07.506750,Entertainment,Swiggy,1160.9,Cash
1185,2025-03-06 12:49:36.777677,Travel,Reliance,2575.62,Credit Card
1186,2025-03-06 14:08:06.048604,Entertainment,Swiggy,2628.12,Cash
1187,2025-03-06 15:26:35.319531,Travel,Zomato,2972.5,Cash
1188,2025-03-06 16:45:04.590459,Food,Local Store,347.42,Cash
1189,2025-03-06 18:03:33.861386,Shopping,Swiggy,4865.86,UPI
1190,2025-03-06 19:22:03.132313,Travel,Zomato,2353.92,Debit Card
1191,2025-03-06 20:40:32.403240,Shopping,Myntra,4636.33,Cash
1192,2025-03-06 21:59:01.674167,Shopping,Zomato,98.55,Cash
1193,2025-03-06 23:17:30.945094,Bills,Local Store,1275.41,Credit Card
1194,2025-03-07 00:36:00.216021,Travel,Airtel,564.78,Debit Card
1195,2025-03-07 01:54:29.486948,Transport,Myntra,3859.6,UPI
1196,2025-03-07 03:12:58.757875,Bills,Netflix,1634.62,UPI
1197,2025-03-07 04:31:28.028802,Transport,Amazon,4210.44,Credit Card
1198,2025-03-07 05:49:57.299729,Shopping,Zomato,4170.31,UPI
1199,2025-03-07 07:08:26.570657,Shopping,Zomato,3355.58,Credit Card
1200,2025-03-07 08:26:55.841584,Bills,Swiggy,3345.62,Debit Card
1201,2025-03-07 09:45:25.112511,Bills,Netflix,3515.79,Credit Card
1202,2025-03-07 11:03:54.383438,Transport,Reliance,3385.13,Credit Card
1203,2025-03-07 12:22:23.654365,Entertainment,Uber,1965.2,Cash
1204,2025-03-07 13:40:52.925292,Transport,Flipkart,3430.0,UPI
1205,2025-03-07 14:59:22.196219,Bills,Zomato,4492.16,Debit Card
1206,2025-03-07 16:17:51.467146,Healthcare,Reliance,1696.24,Debit Card
1207,2025-03-07 17:36:20.738073,Bills,Uber,4727.2,Cash
1208,2025-03-07 18:54:50.009000,Healthcare,Flipkart,117.23,Credit Card
1209,2025-03-07 20:13:19.279927,Food,Amazon,1777.96,Debit Card
1210,2025-03-07 21:31:48.550855,Bills,Swiggy,703.89,Debit Card
1211,2025-03-07 22:50:17.821782,Food,Reliance,676.77,Credit Card
1212,2025-03-08 00:08:47.092709,Entertainment,Swiggy,4086.38,Credit Card
1213,2025-03-08 01:27:16.363636,Transport,Flipkart,4595.92,Debit Card
1214,2025-03-08 02:45:45.634563,Healthcare,Airtel,3899.9,Credit Card
1215,2025-03-08 04:04:14.905490,Transport,Zomato,4884.25,UPI
1216,2025-03-08 05:22:44.176417,Food,Myntra,1120.83,Debit Card
1217,2025-03-08 06:41:13.447344,Healthcare,Uber,746.96,Credit Card
1218,2025-03-08 07:59:42.718271,Transport,Netflix,2627.48,Debit Card
1219,2025-03-08 09:18:11.989198,Bills,Local Store,4153.74,Debit Card
1220,2025-03-08 10:36:41.260126,Shopping,Zomato,247.2,Cash
1221,2025-03-08 11:55:10.531053,Food,Myntra,4978.05,UPI
1222,2025-03-08 13:13:39.801980,Transport,Local Store,3031.12,UPI
1223,2025-03-08 14:32:09.072907,Food,Reliance,4895.76,Cash
1224,2025-03-08 15:50:38.343834,Education,Local Store,1857.15,Cash
1225,2025-03-08 17:09:07.614761,Food,Amazon,2317.22,Debit Card
1226,2025-03-08 18:27:36.885688,Healthcare,Zomato,3774.19,UPI
1227,2025-03-08 19:46:06.156615,Education,Swiggy,3973.87,Cash
1228,2025-03-08 21:04:35.427542,Travel,Airtel,1203.51,Credit Card
1229,2025-03-08 22:23:04.698469,Healthcare,Netflix,4652.52,Debit Card
1230,2025-03-08 23:41:33.969396,Shopping,Swiggy,4343.74,UPI
1231,2025-03-09 01:00:03.240324,Education,Myntra,140.12,Debit Card
1232,2025-03-09 02:18:32.511251,Travel,Zomato,686.41,Debit Card
1233,2025-03-09 03:37:01.782178,Bills,Airtel,2505.68,Credit Card
1234,2025-03-09 04:55:31.053105,Food,Local Store,2331.73,Credit Card
1235,2025-03-09 06:14:00.324032,Transport,Zomato,3556.53,Cash
1236,2025-03-09 07:32:29.594959,Entertainment,Local Store,494.07,Credit Card
1237,2025-03-09 08:50:58.865886,Food,Reliance,3242.03,UPI
1238,2025-03-09 10:09:28.136813,Travel,Amazon,3101.03,Cash
1239,2025-03-09 11:27:57.407740,Food,Flipkart,1206.42,UPI
1240,2025-03-09 12:46:26.678667,Shopping,Zomato,2734.85,UPI
1241,2025-03-09 14:04:55.949594,Bills,Myntra,1149.93,Cash
1242,2025-03-09 15:23:25.220522,Entertainment,Local Store,777.27,Credit Card
1243,2025-03-09 16:41:54.491449,Education,Swiggy,2887.02,Debit Card
1244,2025-03-09 18:00:23.762376,Education,Reliance,4888.5,Credit Card
1245,2025-03-09 19:18:53.033303,Education,Myntra,1222.82,UPI
1246,2025-03-09 20:37:22.304230,Travel,Netflix,1808.91,UPI
1247,2025-03-09 21:55:51.575157,Healthcare,Flipkart,1320.04,Cash
1248,2025-03-09 23:14:20.846084,Healthcare,Reliance,1368.98,UPI
1249,2025-03-10 00:32:50.117011,Transport,Amazon,2050.75,Cash
1250,2025-03-10 01:51:19.387938,Entertainment,Flipkart,3524.18,Cash
1251,2025-03-10 03:09:48.658865,Education,Local Store,242.08,Credit Card
1252,2025-03-10 04:28:17.929792,Healthcare,Myntra,4787.76,UPI
1253,2025-03-10 05:46:47.200720,Travel,Netflix,279.09,Credit Card
1254,2025-03-10 07:05:16.471647,Transport,Uber,4412.2,Debit Card
1255,2025-03-10 08:23:45.742574,Bills,Amazon,4477.17,Credit Card
1256,2025-03-10 09:42:15.013501,Transport,Airtel,2646.22,UPI
1257,2025-03-10 11:00:44.284428,Healthcare,Local Store,728.13,Debit Card
1258,2025-03-10 12:19:13.555355,Shopping,Uber,2847.47,UPI
1259,2025-03-10 13:37:42.826282,Travel,Zomato,3161.73,Debit Card
1260,2025-03-10 14:56:12.097209,Shopping,Netflix,4295.91,UPI
1261,2025-03-10 16:14:41.368136,Education,Swiggy,2776.93,Credit Card
1262,2025-03-10 17:33:10.639063,Shopping,Airtel,2083.01,UPI
1263,2025-03-10 18:51:39.909990,Education,Myntra,4199.54,Cash
1264,2025-03-10 20:10:09.180918,Education,Netflix,4905.71,Cash
1265,2025-03-10 21:28:38.451845,Healthcare,Flipkart,3243.26,Credit Card
1266,2025-03-10 22:47:07.722772,Shopping,Reliance,4378.22,Credit Card
1267,2025-03-11 00:05:36.993699,Education,Flipkart,3013.74,Debit Card
1268,2025-03-11 01:24:06.264626,Entertainment,Flipkart,3464.45,Credit Card
1269,2025-03-11 02:42:35.535553,Bills,Zomato,3456.43,Cash
1270,2025-03-11 04:01:04.806480,Transport,Amazon,3538.7,Credit Card
1271,2025-03-11 05:19:34.077407,Transport,Swiggy,1639.02,Cash
1272,2025-03-11 06:38:03.348334,Healthcare,Airtel,2899.52,Credit Card
1273,2025-03-11 07:56:32.619261,Shopping,Amazon,2990.97,Cash
1274,2025-03-11 09:15:01.890189,Shopping,Netflix,1609.6,Debit Card
1275,2025-03-11 10:33:31.161116,Education,Flipkart,1781.77,UPI
1276,2025-03-11 11:52:00.432043,Travel,Zomato,3823.12,UPI
1277,2025-03-11 13:10:29.702970,Food,Netflix,2934.48,Cash
1278,2025-03-11 14:28:58.973897,Education,Reliance,788.6,Credit Card
1279,2025-03-11 15:47:28.244824,Bills,Swiggy,4196.3,Credit Card
1280,2025-03-11 17:05:57.515751,Entertainment,Airtel,4421.42,UPI
1281,2025-03-11 18:24:26.786678,Transport,Reliance,2357.4,Cash
1282,2025-03-11 19:42:56.057605,Education,Zomato,1084.09,Credit Card
1283,2025-03-11 21:01:25.328532,Food,Swiggy,4740.65,UPI
1284,2025-03-11 22:19:54.599459,Food,Netflix,4417.23,Cash
1285,2025-03-11 23:38:23.870387,Education,Flipkart,1259.69,Debit Card
1286,2025-03-12 00:56:53.141314,Healthcare,Flipkart,523.19,Credit Card
1287,2025-03-12 02:15:22.412241,Transport,Local Store,2231.24,Credit Card
1288,2025-03-12 03:33:51.683168,Healthcare,Flipkart,3398.17,Cash
1289,2025-03-12 04:52:20.954095,Entertainment,Uber,918.17,UPI
1290,2025-03-12 06:10:50.225022,Food,Flipkart,2590.4,Cash
1291,2025-03-12 07:29:19.495949,Food,Uber,2155.81,UPI
1292,2025-03-12 08:47:48.766876,Bills,Myntra,4458.23,Cash
1293,2025-03-12 10:06:18.037803,Entertainment,Uber,2176.35,Debit Card
1294,2025-03-12 11:24:47.308730,Food,Swiggy,2692.19,Credit Card
1295,2025-03-12 12:43:16.579657,Entertainment,Reliance,4778.67,UPI
1296,2025-03-12 14:01:45.850585,Transport,Swiggy,1533.47,Debit Card
1297,2025-03-12 15:20:15.121512,Shopping,Reliance,1480.51,Cash
1298,2025-03-12 16:38:44.392439,Food,Local Store,4008.0,UPI
1299,2025-03-12 17:57:13.663366,Bills,Myntra,1423.82,UPI
1300,2025-03-12 19:15:42.934293,Transport,Reliance,4167.74,Debit Card
1301,2025-03-12 20:34:12.205220,Education,Reliance,522.9,Cash
1302,2025-03-12 21:52:41.476147,Entertainment,Zomato,600.74,Debit Card
1303,2025-03-12 23:11:10.747074,Education,Amazon,4511.55,Cash
1304,2025-03-13 00:29:40.018001,Healthcare,Amazon,2727.02,Debit Card
1305,2025-03-13 01:48:09.288928,Transport,Zomato,3608.13,Debit Card
1306,2025-03-13 03:06:38.559855,Education,Flipkart,1165.18,Debit Card
1307,2025-03-13 04:25:07.830783,Travel,Zomato,873.06,Debit Card
1308,2025-03-13 05:43:37.101710,Travel,Reliance,4183.02,Cash
1309,2025-03-13 07:02:06.372637,Food,Reliance,1825.19,Credit Card
1310,2025-03-13 08:20:35.643564,Entertainment,Zomato,2302.41,Debit Card
1311,2025-03-13 09:39:04.914491,Shopping,Zomato,188.46,Cash
1312,2025-03-13 10:57:34.185418,Transport,Flipkart,1960.11,Credit Card
1313,2025-03-13 12:16:03.456345,Food,Swiggy,3863.67,UPI
1314,2025-03-13 13:34:32.727272,Bills,Myntra,4115.31,UPI
1315,2025-03-13 14:53:01.998199,Healthcare,Netflix,3508.84,Debit Card
1316,2025-03-13 16:11:31.269126,Entertainment,Reliance,3476.29,UPI
1317,2025-03-13 17:30:00.540054,Transport,Myntra,2555.88,Debit Card
1318,2025-03-13 18:48:29.810981,Travel,Zomato,2714.73,Debit Card
1319,2025-03-13 20:06:59.081908,Transport,Flipkart,3726.03,Credit Card
1320,2025-03-13 21:25:28.352835,Shopping,Uber,1274.14,UPI
1321,2025-03-13 22:43:57.623762,Travel,Flipkart,1196.01,Debit Card
1322,2025-03-14 00:02:26.894689,Shopping,Airtel,4752.13,UPI
1323,2025-03-14 01:20:56.165616,Bills,Airtel,187.06,Credit Card
1324,2025-03-14 02:39:25.436543,Healthcare,Myntra,740.35,UPI
1325,2025-03-14 03:57:54.707470,Bills,Amazon,2873.15,Credit Card
1326,2025-03-14 05:16:23.978397,Food,Airtel,3702.28,Credit Card
1327,2025-03-14 06:34:53.249324,Food,Airtel,2712.56,Credit Card
1328,2025-03-14 07:53:22.520252,Bills,Swiggy,1807.57,Debit Card
1329,2025-03-14 09:11:51.791179,Healthcare,Uber,4890.98,Cash
1330,2025-03-14 10:30:21.062106,Bills,Swiggy,3534.07,Debit Card
1331,2025-03-14 11:48:50.333033,Healthcare,Uber,4165.38,UPI
1332,2025-03-14 13:07:19.603960,Healthcare,Local Store,249.22,Debit Card
1333,2025-03-14 14:25:48.874887,Education,Netflix,1217.8,Debit Card
1334,2025-03-14 15:44:18.145814,Travel,Reliance,1902.15,Cash
1335,2025-03-14 17:02:47.416741,Entertainment,Airtel,953.88,UPI
1336,2025-03-14 18:21:16.687668,Healthcare,Reliance,410.85,Credit Card
1337,2025-03-14 19:39:45.958595,Shopping,Airtel,1164.2,Credit Card
1338,2025-03-14 20:58:15.229522,Healthcare,Swiggy,2691.5,UPI
1339,2025-03-14 22:16:44.500450,Healthcare,Netflix,3493.94,Debit Card
1340,2025-03-14 23:35:13.771377,Healthcare,Swiggy,3881.4,Cash
1341,2025-03-15 00:53:43.042304,Education,Swiggy,262.53,Cash
1342,2025-03-15 02:12:12.313231,Travel,Uber,2168.53,UPI
1343,2025-03-15 03:30:41.584158,Education,Amazon,654.95,UPI
1344,2025-03-15 04:49:10.855085,Food,Flipkart,2184.44,Debit Card
1345,2025-03-15 06:07:40.126012,Education,Myntra,2198.18,Cash
1346,2025-03-15 07:26:09.396939,Shopping,Reliance,2516.15,UPI
1347,2025-03-15 08:44:38.667866,Shopping,Local Store,4469.51,Debit Card
1348,2025-03-15 10:03:07.938793,Education,Airtel,4035.22,Debit Card
1349,2025-03-15 11:21:37.209720,Travel,Swiggy,3201.77,UPI
1350,2025-03-15 12:40:06.480648,Bills,Amazon,4432.77,Cash
1351,2025-03-15 13:58:35.751575,Entertainment,Swiggy,3408.42,Credit Card
1352,2025-03-15 15:17:05.022502,Travel,Netflix,4103.33,Debit Card
1353,2025-03-15 16:35:34.293429,Education,Uber,2840.7,Credit Card
1354,2025-03-15 17:54:03.564356,Healthcare,Local Store,2649.83,Debit Card
1355,2025-03-15 19:12:32.835283,Transport,Flipkart,3634.28,Cash
1356,2025-03-15 20:31:02.106210,Entertainment,Netflix,147.46,Credit Card
1357,2025-03-15 21:49:31.377137,Entertainment,Zomato,3467.37,UPI
1358,2025-03-15 23:08:00.648064,Shopping,Local Store,4675.87,Debit Card
1359,2025-03-16 00:26:29.918991,Entertainment,Swiggy,3584.01,UPI
1360,2025-03-16 01:44:59.189918,Education,Netflix,232.13,UPI
1361,2025-03-16 03:03:28.460846,Healthcare,Flipkart,1920.53,Cash
1362,2025-03-16 04:21:57.731773,Healthcare,Amazon,4057.43,UPI
1363,2025-03-16 05:40:27.002700,Food,Amazon,4795.11,Debit Card
1364,2025-03-16 06:58:56.273627,Healthcare,Reliance,1882.31,UPI
1365,2025-03-16 08:17:25.544554,Travel,Flipkart,4213.91,UPI
1366,2025-03-16 09:35:54.815481,Healthcare,Amazon,4325.86,Debit Card
1367,2025-03-16 10:54:24.086408,Shopping,Netflix,660.27,UPI
1368,2025-03-16 12:12:53.357335,Healthcare,Reliance,4236.65,Cash
1369,2025-03-16 13:31:22.628262,Food,Amazon,1655.04,Debit Card
1370,2025-03-16 14:49:51.899189,Transport,Local Store,2986.53,Cash
1371,2025-03-16 16:08:21.170117,Education,Uber,2717.86,UPI
1372,2025-03-16 17:26:50.441044,Shopping,Zomato,3332.12,Credit Card
1373,2025-03-16 18:45:19.711971,Travel,Flipkart,3715.3,Cash
1374,2025-03-16 20:03:48.982898,Transport,Netflix,2232.36,Cash
1375,2025-03-16 21:22:18.253825,Shopping,Airtel,4447.14,UPI
1376,2025-03-16 22:40:47.524752,Bills,Swiggy,4057.02,Credit Card
1377,2025-03-16 23:59:16.795679,Entertainment,Netflix,3937.83,Debit Card
1378,2025-03-17 01:17:46.066606,Bills,Amazon,2318.32,Credit Card
1379,2025-03-17 02:36:15.337533,Healthcare,Netflix,235.99,Debit Card
1380,2025-03-17 03:54:44.608460,Transport,Airtel,2486.67,UPI
1381,2025-03-17 05:13:13.879387,Healthcare,Swiggy,4497.31,Credit Card
1382,2025-03-17 06:31:43.150315,Entertainment,Reliance,992.73,UPI
1383,2025-03-17 07:50:12.421242,Shopping,Amazon,4913.83,Cash
1384,2025-03-17 09:08:41.692169,Entertainment,Myntra,4048.07,Credit Card
1385,2025-03-17 10:27:10.963096,Food,Amazon,3563.66,Debit Card
1386,2025-03-17 11:45:40.234023,Entertainment,Zomato,3401.94,Cash
1387,2025-03-17 13:04:09.504950,Food,Myntra,2955.78,Debit Card
1388,2025-03-17 14:22:38.775877,Entertainment,Zomato,3617.32,Cash
1389,2025-03-17 15:41:08.046804,Education,Airtel,2138.43,Debit Card
1390,2025-03-17 16:59:37.317731,Food,Flipkart,4234.18,Debit Card
1391,2025-03-17 18:18:06.588658,Transport,Swiggy,3496.91,UPI
1392,2025-03-17 19:36:35.859585,Healthcare,Uber,3867.7,Cash
1393,2025-03-17 20:55:05.130513,Travel,Reliance,3972.81,UPI
1394,2025-03-17 22:13:34.401440,Healthcare,Uber,505.75,UPI
1395,2025-03-17 23:32:03.672367,Bills,Local Store,325.42,UPI
1396,2025-03-18 00:50:32.943294,Healthcare,Local Store,4014.88,UPI
1397,2025-03-18 02:09:02.214221,Shopping,Airtel,1333.95,Debit Card
1398,2025-03-18 03:27:31.485148,Education,Flipkart,2930.75,UPI
1399,2025-03-18 04:46:00.756075,Entertainment,Local Store,2246.37,UPI
1400,2025-03-18 06:04:30.027002,Bills,Amazon,159.09,UPI
1401,2025-03-18 07:22:59.297929,Shopping,Netflix,249.39,Debit Card
1402,2025-03-18 08:41:28.568856,Shopping,Zomato,4144.27,Cash
1403,2025-03-18 09:59:57.839783,Food,Local Store,3058.0,Debit Card
1404,2025-03-18 11:18:27.110711,Healthcare,Airtel,2643.02,Debit Card
1405,2025-03-18 12:36:56.381638,Transport,Zomato,4724.54,Debit Card
1406,2025-03-18 13:55:25.652565,Travel,Amazon,906.92,Cash
1407,2025-03-18 15:13:54.923492,Transport,Flipkart,1326.96,UPI
1408,2025-03-18 16:32:24.194419,Bills,Swiggy,3795.86,UPI
1409,2025-03-18 17:50:53.465346,Education,Uber,3887.41,Cash
1410,2025-03-18 19:09:22.736273,Transport,Amazon,2054.24,Cash
1411,2025-03-18 20:27:52.007200,Entertainment,Reliance,4757.34,Credit Card
1412,2025-03-18 21:46:21.278127,Transport,Myntra,4694.36,UPI
1413,2025-03-18 23:04:50.549054,Bills,Airtel,111.43,Debit Card
1414,2025-03-19 00:23:19.819981,Travel,Uber,903.02,Debit Card
1415,2025-03-19 01:41:49.090909,Transport,Reliance,4110.09,UPI
1416,2025-03-19 03:00:18.361836,Entertainment,Swiggy,1709.32,Cash
1417,2025-03-19 04:18:47.632763,Food,Reliance,522.54,Credit Card
1418,2025-03-19 05:37:16.903690,Education,Flipkart,3935.75,Debit Card
1419,2025-03-19 06:55:46.174617,Bills,Myntra,2300.19,Credit Card
1420,2025-03-19 08:14:15.445544,Food,Zomato,2487.43,Debit Card
1421,2025-03-19 09:32:44.716471,Food,Uber,972.53,Debit Card
1422,2025-03-19 10:51:13.987398,Food,Myntra,3321.43,UPI
1423,2025-03-19 12:09:43.258325,Shopping,Netflix,2778.64,Debit Card
1424,2025-03-19 13:28:12.529252,Education,Amazon,1073.03,Credit Card
1425,2025-03-19 14:46:41.800180,Travel,Netflix,1734.64,Credit Card
1426,2025-03-19 16:05:11.071107,Healthcare,Amazon,3004.55,UPI
1427,2025-03-19 17:23:40.342034,Education,Flipkart,4628.12,Debit Card
1428,2025-03-19 18:42:09.612961,Shopping,Myntra,4605.86,Credit Card
1429,2025-03-19 20:00:38.883888,Healthcare,Swiggy,1475.13,Cash
1430,2025-03-19 21:19:08.154815,Education,Local Store,3691.32,UPI
1431,2025-03-19 22:37:37.425742,Food,Reliance,3888.82,Cash
1432,2025-03-19 23:56:06.696669,Bills,Local Store,4053.67,Credit Card
1433,2025-03-20 01:14:35.967596,Healthcare,Myntra,2875.27,Cash
1434,2025-03-20 02:33:05.238523,Entertainment,Netflix,102.01,UPI
1435,2025-03-20 03:51:34.509450,Entertainment,Local Store,3820.3,Cash
1436,2025-03-20 05:10:03.780378,Transport,Airtel,577.66,Credit Card
1437,2025-03-20 06:28:33.051305,Healthcare,Local Store,628.51,Cash
1438,2025-03-20 07:47:02.322232,Bills,Amazon,3047.84,Cash
1439,2025-03-20 09:05:31.593159,Travel,Airtel,4918.43,Cash
1440,2025-03-20 10:24:00.864086,Shopping,Uber,1250.57,Debit Card
1441,2025-03-20 11:42:30.135013,Food,Local Store,3246.76,Credit Card
1442,2025-03-20 13:00:59.405940,Transport,Airtel,1553.09,Cash
1443,2025-03-20 14:19:28.676867,Entertainment,Myntra,4498.69,Credit Card
1444,2025-03-20 15:37:57.947794,Shopping,Reliance,2987.91,Cash
1445,2025-03-20 16:56:27.218721,Shopping,Uber,1077.01,UPI
1446,2025-03-20 18:14:56.489648,Food,Swiggy,1347.55,UPI
1447,2025-03-20 19:33:25.760576,Travel,Swiggy,2190.78,UPI
1448,2025-03-20 20:51:55.031503,Travel,Flipkart,654.12,Cash
1449,2025-03-20 22:10:24.302430,Healthcare,Local Store,439.73,Credit Card
1450,2025-03-20 23:28:53.573357,Entertainment,Reliance,3416.3,UPI
1451,2025-03-21 00:47:22.844284,Travel,Zomato,2065.47,Debit Card
1452,2025-03-21 02:05:52.115211,Bills,Airtel,3644.82,UPI
1453,2025-03-21 03:24:21.386138,Travel,Uber,594.79,UPI
1454,2025-03-21 04:42:50.657065,Shopping,Myntra,3068.83,Debit Card
1455,2025-03-21 06:01:19.927992,Food,Local Store,2244.37,UPI
1456,2025-03-21 07:19:49.198919,Bills,Myntra,337.09,Cash
1457,2025-03-21 08:38:18.469846,Healthcare,Zomato,2746.77,Cash
1458,2025-03-21 09:56:47.740774,Entertainment,Flipkart,459.88,UPI
1459,2025-03-21 11:15:17.011701,Healthcare,Zomato,4147.21,Credit Card
1460,2025-03-21 12:33:46.282628,Shopping,Amazon,3178.19,Credit Card
1461,2025-03-21 13:52:15.553555,Bills,Netflix,2806.99,UPI
1462,2025-03-21 15:10:44.824482,Bills,Uber,710.67,Debit Card
1463,2025-03-21 16:29:14.095409,Bills,Netflix,1472.91,Cash
1464,2025-03-21 17:47:43.366336,Shopping,Zomato,2489.74,Cash
1465,2025-03-21 19:06:12.637263,Shopping,Flipkart,3184.75,Cash
1466,2025-03-21 20:24:41.908190,Healthcare,Flipkart,956.99,UPI
1467,2025-03-21 21:43:11.179117,Transport,Swiggy,93.89,Cash
1468,2025-03-21 23:01:40.450045,Healthcare,Local Store,1756.56,UPI
1469,2025-03-22 00:20:09.720972,Entertainment,Swiggy,2440.21,UPI
1470,2025-03-22 01:38:38.991899,Food,Uber,962.95,Credit Card
1471,2025-03-22 02:57:08.262826,Bills,Uber,2486.22,Debit Card
1472,2025-03-22 04:15:37.533753,Transport,Uber,1725.5,Debit Card
1473,2025-03-22 05:34:06.804680,Food,Myntra,2302.69,Debit Card
1474,2025-03-22 06:52:36.075607,Transport,Swiggy,1769.92,Cash
1475,2025-03-22 08:11:05.346534,Travel,Myntra,3160.92,Credit Card
1476,2025-03-22 09:29:34.617461,Travel,Netflix,262.34,Credit Card
1477,2025-03-22 10:48:03.888388,Education,Local Store,895.98,UPI
1478,2025-03-22 12:06:33.159315,Travel,Zomato,2192.12,Credit Card
1479,2025-03-22 13:25:02.430243,Healthcare,Airtel,1813.67,UPI
1480,2025-03-22 14:43:31.701170,Travel,Swiggy,1988.58,Credit Card
1481,2025-03-22 16:02:00.972097,Shopping,Airtel,4028.62,UPI
1482,2025-03-22 17:20:30.243024,Bills,Flipkart,4437.34,Cash
1483,2025-03-22 18:38:59.513951,Healthcare,Swiggy,1280.91,Credit Card
1484,2025-03-22 19:57:28.784878,Food,Netflix,4190.14,Debit Card
1485,2025-03-22 21:15:58.055805,Education,Swiggy,2321.01,UPI
1486,2025-03-22 22:34:27.326732,Education,Myntra,1405.41,Credit Card
1487,2025-03-22 23:52:56.597659,Education,Local Store,4928.01,Credit Card
1488,2025-03-23 01:11:25.868586,Food,Zomato,4132.77,UPI
1489,2025-03-23 02:29:55.139513,Food,Reliance,4971.55,Credit Card
1490,2025-03-23 03:48:24.410441,Food,Zomato,882.54,Debit Card
1491,2025-03-23 05:06:53.681368,Food,Zomato,762.02,UPI
1492,2025-03-23 06:25:22.952295,Education,Flipkart,2541.72,UPI
1493,2025-03-23 07:43:52.223222,Education,Netflix,3211.29,UPI
1494,2025-03-23 09:02:21.494149,Transport,Airtel,896.75,UPI
1495,2025-03-23 10:20:50.765076,Healthcare,Netflix,4309.13,UPI
1496,2025-03-23 11:39:20.036003,Bills,Reliance,2683.47,Debit Card
1497,2025-03-23 12:57:49.306930,Travel,Flipkart,2084.16,UPI
1498,2025-03-23 14:16:18.577857,Travel,Local Store,3030.17,Debit Card
1499,2025-03-23 15:34:47.848784,Shopping,Zomato,3193.02,Debit Card
1500,2025-03-23 16:53:17.119711,Education,Myntra,261.78,Debit Card
1501,2025-03-23 18:11:46.390639,Shopping,Flipkart,4999.47,UPI
1502,2025-03-23 19:30:15.661566,Healthcare,Uber,1851.4,Debit Card
1503,2025-03-23 20:48:44.932493,Healthcare,Swiggy,354.64,UPI
1504,2025-03-23 22:07:14.203420,Shopping,Netflix,4269.0,Debit Card
1505,2025-03-23 23:25:43.474347,Education,Flipkart,4965.44,UPI
1506,2025-03-24 00:44:12.745274,Shopping,Uber,4090.97,Credit Card
1507,2025-03-24 02:02:42.016201,Travel,Airtel,4266.82,Credit Card
1508,2025-03-24 03:21:11.287128,Transport,Reliance,3148.38,Debit Card
1509,2025-03-24 04:39:40.558055,Travel,Reliance,4615.51,Cash
1510,2025-03-24 05:58:09.828982,Entertainment,Zomato,226.91,Cash
1511,2025-03-24 07:16:39.099909,Education,Zomato,3845.28,Credit Card
1512,2025-03-24 08:35:08.370837,Education,Flipkart,3370.02,Debit Card
1513,2025-03-24 09:53:37.641764,Bills,Flipkart,295.45,Debit Card
1514,2025-03-24 11:12:06.912691,Food,Local Store,2742.67,Debit Card
1515,2025-03-24 12:30:36.183618,Entertainment,Swiggy,2599.55,Cash
1516,2025-03-24 13:49:05.454545,Healthcare,Amazon,3473.09,Credit Card
1517,2025-03-24 15:07:34.725472,Education,Airtel,433.78,Debit Card
1518,2025-03-24 16:26:03.996399,Shopping,Zomato,4036.13,Credit Card
1519,2025-03-24 17:44:33.267326,Entertainment,Amazon,740.05,Credit Card
1520,2025-03-24 19:03:02.538253,Bills,Amazon,2122.39,UPI
1521,2025-03-24 20:21:31.809180,Healthcare,Swiggy,4412.38,Cash
1522,2025-03-24 21:40:01.080108,Food,Myntra,2824.63,Credit Card
1523,2025-03-24 22:58:30.351035,Food,Myntra,1928.98,UPI
1524,2025-03-25 00:16:59.621962,Bills,Zomato,288.6,Cash
1525,2025-03-25 01:35:28.892889,Bills,Uber,3377.75,Debit Card
1526,2025-03-25 02:53:58.163816,Shopping,Swiggy,4933.41,Debit Card
1527,2025-03-25 04:12:27.434743,Education,Swiggy,4563.39,UPI
1528,2025-03-25 05:30:56.705670,Food,Netflix,3600.62,Debit Card
1529,2025-03-25 06:49:25.976597,Healthcare,Amazon,571.2,UPI
1530,2025-03-25 08:07:55.247524,Entertainment,Netflix,1235.23,UPI
1531,2025-03-25 09:26:24.518451,Healthcare,Amazon,974.9,Debit Card
1532,2025-03-25 10:44:53.789378,Transport,Myntra,1809.54,Cash
1533,2025-03-25 12:03:23.060306,Transport,Zomato,1215.81,UPI
1534,2025-03-25 13:21:52.331233,Bills,Airtel,1259.98,Cash
1535,2025-03-25 14:40:21.602160,Shopping,Myntra,3102.81,Cash
1536,2025-03-25 15:58:50.873087,Transport,Swiggy,1627.58,UPI
1537,2025-03-25 17:17:20.144014,Food,Airtel,3401.96,Cash
1538,2025-03-25 18:35:49.414941,Healthcare,Flipkart,4742.05,UPI
1539,2025-03-25 19:54:18.685868,Healthcare,Airtel,3210.47,Debit Card
1540,2025-03-25 21:12:47.956795,Bills,Airtel,3770.7,Debit Card
1541,2025-03-25 22:31:17.227722,Education,Myntra,3770.32,Debit Card
1542,2025-03-25 23:49:46.498649,Education,Swiggy,1686.98,Debit Card
1543,2025-03-26 01:08:15.769576,Entertainment,Airtel,124.04,Debit Card
1544,2025-03-26 02:26:45.040504,Bills,Myntra,322.49,Cash
1545,2025-03-26 03:45:14.311431,Travel,Myntra,1446.2,Cash
1546,2025-03-26 05:03:43.582358,Entertainment,Airtel,3463.24,Cash
1547,2025-03-26 06:22:12.853285,Travel,Amazon,4538.08,Credit Card
1548,2025-03-26 07:40:42.124212,Education,Swiggy,4796.05,Credit Card
1549,2025-03-26 08:59:11.395139,Bills,Reliance,177.95,UPI
1550,2025-03-26 10:17:40.666066,Travel,Airtel,4950.93,Credit Card
1551,2025-03-26 11:36:09.936993,Bills,Netflix,1646.36,Debit Card
1552,2025-03-26 12:54:39.207920,Bills,Netflix,4222.63,Debit Card
1553,2025-03-26 14:13:08.478847,Education,Flipkart,942.46,Debit Card
1554,2025-03-26 15:31:37.749774,Entertainment,Swiggy,361.35,UPI
1555,2025-03-26 16:50:07.020702,Entertainment,Myntra,1922.86,UPI
1556,2025-03-26 18:08:36.291629,Bills,Local Store,4301.68,UPI
1557,2025-03-26 19:27:05.562556,Transport,Zomato,1143.08,UPI
1558,2025-03-26 20:45:34.833483,Shopping,Uber,812.09,Cash
1559,2025-03-26 22:04:04.104410,Education,Local Store,4553.53,UPI
1560,2025-03-26 23:22:33.375337,Shopping,Swiggy,4694.77,UPI
1561,2025-03-27 00:41:02.646264,Shopping,Swiggy,112.11,Credit Card
1562,2025-03-27 01:59:31.917191,Entertainment,Airtel,3650.81,Cash
1563,2025-03-27 03:18:01.188118,Entertainment,Airtel,1580.58,Debit Card
1564,2025-03-27 04:36:30.459045,Transport,Local Store,1904.79,Credit Card
1565,2025-03-27 05:54:59.729972,Shopping,Myntra,2372.06,UPI
1566,2025-03-27 07:13:29.000900,Shopping,Flipkart,2162.62,Debit Card
1567,2025-03-27 08:31:58.271827,Bills,Airtel,2599.12,Debit Card
1568,2025-03-27 09:50:27.542754,Entertainment,Uber,2932.69,Debit Card
1569,2025-03-27 11:08:56.813681,Shopping,Uber,2354.7,Credit Card
1570,2025-03-27 12:27:26.084608,Healthcare,Flipkart,3522.74,Cash
1571,2025-03-27 13:45:55.355535,Transport,Amazon,3607.08,Cash
1572,2025-03-27 15:04:24.626462,Travel,Amazon,2229.78,Debit Card
1573,2025-03-27 16:22:53.897389,Healthcare,Swiggy,755.19,UPI
1574,2025-03-27 17:41:23.168316,Healthcare,Airtel,3221.16,Cash
1575,2025-03-27 18:59:52.439243,Travel,Netflix,3876.14,Cash
1576,2025-03-27 20:18:21.710171,Education,Local Store,3208.64,UPI
1577,2025-03-27 21:36:50.981098,Education,Reliance,2960.87,Credit Card
1578,2025-03-27 22:55:20.252025,Transport,Flipkart,1185.59,Credit Card
1579,2025-03-28 00:13:49.522952,Healthcare,Swiggy,3243.43,UPI
1580,2025-03-28 01:32:18.793879,Shopping,Netflix,1707.54,Credit Card
1581,2025-03-28 02:50:48.064806,Entertainment,Airtel,4601.82,Debit Card
1582,2025-03-28 04:09:17.335733,Transport,Netflix,3285.91,Cash
1583,2025-03-28 05:27:46.606660,Bills,Netflix,1426.99,Credit Card
1584,2025-03-28 06:46:15.877587,Travel,Flipkart,2390.99,Debit Card
1585,2025-03-28 08:04:45.148514,Healthcare,Swiggy,4240.58,Debit Card
1586,2025-03-28 09:23:14.419441,Transport,Myntra,1710.55,Debit Card
1587,2025-03-28 10:41:43.690369,Food,Uber,2650.93,Debit Card
1588,2025-03-28 12:00:12.961296,Food,Local Store,3414.37,Debit Card
1589,2025-03-28 13:18:42.232223,Education,Swiggy,3784.92,UPI
1590,2025-03-28 14:37:11.503150,Travel,Reliance,910.77,Cash
1591,2025-03-28 15:55:40.774077,Entertainment,Netflix,2847.5,Cash
1592,2025-03-28 17:14:10.045004,Shopping,Myntra,4565.39,UPI
1593,2025-03-28 18:32:39.315931,Entertainment,Flipkart,4843.38,UPI
1594,2025-03-28 19:51:08.586858,Entertainment,Zomato,3297.92,Debit Card
1595,2025-03-28 21:09:37.857785,Entertainment,Local Store,4919.12,Credit Card
1596,2025-03-28 22:28:07.128712,Travel,Local Store,2875.14,Cash
1597,2025-03-28 23:46:36.399639,Entertainment,Uber,2240.89,Credit Card
1598,2025-03-29 01:05:05.670567,Bills,Zomato,2780.36,Cash
1599,2025-03-29 02:23:34.941494,Travel,Airtel,622.78,Debit Card
1600,2025-03-29 03:42:04.212421,Bills,Zomato,2038.49,Credit Card
1601,2025-03-29 05:00:33.483348,Travel,Netflix,2319.11,Cash
1602,2025-03-29 06:19:02.754275,Education,Netflix,4250.71,Cash
1603,2025-03-29 07:37:32.025202,Transport,Netflix,3805.31,Debit Card
1604,2025-03-29 08:56:01.296129,Food,Netflix,3027.06,Credit Card
1605,2025-03-29 10:14:30.567056,Entertainment,Swiggy,1769.02,Debit Card
1606,2025-03-29 11:32:59.837983,Education,Local Store,975.82,Credit Card
1607,2025-03-29 12:51:29.108910,Transport,Zomato,1771.44,Credit Card
1608,2025-03-29 14:09:58.379837,Food,Local Store,3415.03,Cash
1609,2025-03-29 15:28:27.650765,Healthcare,Reliance,1352.04,UPI
1610,2025-03-29 16:46:56.921692,Shopping,Zomato,2163.09,Credit Card
1611,2025-03-29 18:05:26.192619,Bills,Swiggy,1964.51,Credit Card
1612,2025-03-29 19:23:55.463546,Healthcare,Reliance,3839.67,Debit Card
1613,2025-03-29 20:42:24.734473,Travel,Local Store,4424.75,Credit Card
1614,2025-03-29 22:00:54.005400,Food,Reliance,3511.89,Credit Card
1615,2025-03-29 23:19:23.276327,Healthcare,Uber,1740.93,Credit Card
1616,2025-03-30 00:37:52.547254,Shopping,Reliance,2194.23,Credit Card
1617,2025-03-30 01:56:21.818181,Education,Zomato,759.58,Credit Card
1618,2025-03-30 03:14:51.089108,Food,Netflix,882.08,UPI
1619,2025-03-30 04:33:20.360036,Healthcare,Netflix,863.25,Cash
1620,2025-03-30 05:51:49.630963,Bills,Airtel,696.4,Credit Card
1621,2025-03-30 07:10:18.901890,Bills,Local Store,938.93,Debit Card
1622,2025-03-30 08:28:48.172817,Transport,Uber,1053.31,Debit Card
1623,2025-03-30 09:47:17.443744,Healthcare,Zomato,603.64,Credit Card
1624,2025-03-30 11:05:46.714671,Entertainment,Zomato,3219.29,Credit Card
1625,2025-03-30 12:24:15.985598,Healthcare,Flipkart,4952.49,Credit Card
1626,2025-03-30 13:42:45.256525,Education,Amazon,4401.97,UPI
1627,2025-03-30 15:01:14.527452,Food,Local Store,275.73,Cash
1628,2025-03-30 16:19:43.798379,Food,Zomato,2144.14,Debit Card
1629,2025-03-30 17:38:13.069306,Education,Myntra,4303.59,UPI
1630,2025-03-30 18:56:42.340234,Healthcare,Zomato,716.64,UPI
1631,2025-03-30 20:15:11.611161,Education,Flipkart,4245.84,Credit Card
1632,2025-03-30 21:33:40.882088,Shopping,Reliance,2983.87,Cash
1633,2025-03-30 22:52:10.153015,Travel,Swiggy,4659.93,Credit Card
1634,2025-03-31 00:10:39.423942,Education,Swiggy,4386.39,Debit Card
1635,2025-03-31 01:29:08.694869,Bills,Myntra,3401.32,Cash
1636,2025-03-31 02:47:37.965796,Education,Myntra,3306.22,Credit Card
1637,2025-03-31 04:06:07.236723,Food,Airtel,1105.16,Debit Card
1638,2025-03-31 05:24:36.507650,Bills,Swiggy,627.93,UPI
1639,2025-03-31 06:43:05.778577,Food,Reliance,2106.2,Debit Card
1640,2025-03-31 08:01:35.049504,Transport,Swiggy,973.57,Debit Card
1641,2025-03-31 09:20:04.320432,Entertainment,Amazon,556.96,Debit Card
1642,2025-03-31 10:38:33.591359,Food,Local Store,1546.52,Cash
1643,2025-03-31 11:57:02.862286,Bills,Swiggy,4309.43,UPI
1644,2025-03-31 13:15:32.133213,Transport,Netflix,134.88,Cash
1645,2025-03-31 14:34:01.404140,Food,Airtel,1498.56,UPI
1646,2025-03-31 15:52:30.675067,Shopping,Flipkart,2149.06,Credit Card
1647,2025-03-31 17:10:59.945994,Education,Myntra,2577.32,Credit Card
1648,2025-03-31 18:29:29.216921,Entertainment,Amazon,948.81,Debit Card
1649,2025-03-31 19:47:58.487848,Food,Myntra,4822.89,Debit Card
1650,2025-03-31 21:06:27.758775,Transport,Airtel,2915.42,Cash
1651,2025-03-31 22:24:57.029702,Shopping,Zomato,2634.45,UPI
1652,2025-03-31 23:43:26.300630,Healthcare,Amazon,93.67,UPI
1653,2025-04-01 01:01:55.571557,Transport,Uber,2454.29,UPI
1654,2025-04-01 02:20:24.842484,Education,Amazon,4196.47,Debit Card
1655,2025-04-01 03:38:54.113411,Transport,Airtel,1137.24,Debit Card
1656,2025-04-01 04:57:23.384338,Shopping,Flipkart,1788.48,UPI
1657,2025-04-01 06:15:52.655265,Transport,Amazon,151.83,Debit Card
1658,2025-04-01 07:34:21.926192,Shopping,Airtel,4885.79,UPI
1659,2025-04-01 08:52:51.197119,Food,Reliance,379.93,Cash
1660,2025-04-01 10:11:20.468046,Travel,Local Store,4496.19,Credit Card
1661,2025-04-01 11:29:49.738973,Shopping,Swiggy,1599.29,UPI
1662,2025-04-01 12:48:19.009900,Shopping,Reliance,2958.4,Debit Card
1663,2025-04-01 14:06:48.280828,Entertainment,Airtel,3412.61,Cash
1664,2025-04-01 15:25:17.551755,Shopping,Netflix,747.1,Debit Card
1665,2025-04-01 16:43:46.822682,Shopping,Zomato,2246.61,Debit Card
1666,2025-04-01 18:02:16.093609,Healthcare,Swiggy,1661.06,Debit Card
1667,2025-04-01 19:20:45.364536,Travel,Netflix,330.18,UPI
1668,2025-04-01 20:39:14.635463,Food,Flipkart,4174.31,Cash
1669,2025-04-01 21:57:43.906390,Education,Myntra,273.58,UPI
1670,2025-04-01 23:16:13.177317,Entertainment,Uber,3283.63,Credit Card
1671,2025-04-02 00:34:42.448244,Healthcare,Swiggy,1604.68,UPI
1672,2025-04-02 01:53:11.719171,Bills,Reliance,1001.04,Credit Card
1673,2025-04-02 03:11:40.990099,Travel,Zomato,3352.08,Cash
1674,2025-04-02 04:30:10.261026,Food,Netflix,2893.96,Cash
1675,2025-04-02 05:48:39.531953,Food,Airtel,1610.52,UPI
1676,2025-04-02 07:07:08.802880,Bills,Swiggy,2589.16,UPI
1677,2025-04-02 08:25:38.073807,Education,Myntra,1268.87,Debit Card
1678,2025-04-02 09:44:07.344734,Shopping,Airtel,4325.3,Credit Card
1679,2025-04-02 11:02:36.615661,Healthcare,Netflix,1603.4,Debit Card
1680,2025-04-02 12:21:05.886588,Transport,Zomato,1263.51,Debit Card
1681,2025-04-02 13:39:35.157515,Entertainment,Amazon,3771.58,Cash
1682,2025-04-02 14:58:04.428442,Transport,Myntra,137.08,UPI
1683,2025-04-02 16:16:33.699369,Bills,Airtel,1376.66,Cash
1684,2025-04-02 17:35:02.970297,Food,Myntra,1908.21,UPI
1685,2025-04-02 18:53:32.241224,Education,Flipkart,4417.08,Cash
1686,2025-04-02 20:12:01.512151,Food,Airtel,4754.69,Cash
1687,2025-04-02 21:30:30.783078,Entertainment,Swiggy,3596.57,Cash
1688,2025-04-02 22:49:00.054005,Food,Amazon,2488.03,Credit Card
1689,2025-04-03 00:07:29.324932,Food,Amazon,3221.08,Cash
1690,2025-04-03 01:25:58.595859,Entertainment,Uber,2099.31,Credit Card
1691,2025-04-03 02:44:27.866786,Healthcare,Myntra,1529.19,Cash
1692,2025-04-03 04:02:57.137713,Healthcare,Reliance,4755.91,UPI
1693,2025-04-03 05:21:26.408640,Entertainment,Amazon,621.18,Credit Card
1694,2025-04-03 06:39:55.679567,Education,Amazon,1764.65,UPI
1695,2025-04-03 07:58:24.950495,Bills,Flipkart,4500.49,UPI
1696,2025-04-03 09:16:54.221422,Travel,Local Store,3629.55,UPI
1697,2025-04-03 10:35:23.492349,Food,Flipkart,194.05,Credit Card
1698,2025-04-03 11:53:52.763276,Education,Flipkart,164.34,Debit Card
1699,2025-04-03 13:12:22.034203,Food,Local Store,2606.74,Credit Card
1700,2025-04-03 14:30:51.305130,Travel,Myntra,2447.05,Debit Card
1701,2025-04-03 15:49:20.576057,Bills,Airtel,2242.81,Credit Card
1702,2025-04-03 17:07:49.846984,Healthcare,Zomato,1546.6,Cash
1703,2025-04-03 18:26:19.117911,Education,Reliance,4933.86,Debit Card
1704,2025-04-03 19:44:48.388838,Shopping,Amazon,1396.34,Cash
1705,2025-04-03 21:03:17.659765,Shopping,Uber,2475.7,Debit Card
1706,2025-04-03 22:21:46.930693,Travel,Reliance,2054.22,Credit Card
1707,2025-04-03 23:40:16.201620,Shopping,Airtel,892.73,Credit Card
1708,2025-04-04 00:58:45.472547,Healthcare,Local Store,1052.96,Debit Card
1709,2025-04-04 02:17:14.743474,Travel,Reliance,4595.6,Cash
1710,2025-04-04 03:35:44.014401,Healthcare,Amazon,4298.48,UPI
1711,2025-04-04 04:54:13.285328,Bills,Reliance,1035.27,Debit Card
1712,2025-04-04 06:12:42.556255,Food,Zomato,4384.53,Debit Card
1713,2025-04-04 07:31:11.827182,Bills,Local Store,1085.47,Cash
1714,2025-04-04 08:49:41.098109,Bills,Reliance,3151.4,UPI
1715,2025-04-04 10:08:10.369036,Healthcare,Amazon,452.34,Debit Card
1716,2025-04-04 11:26:39.639963,Travel,Amazon,4407.83,UPI
1717,2025-04-04 12:45:08.910891,Travel,Reliance,304.93,UPI
1718,2025-04-04 14:03:38.181818,Shopping,Myntra,2796.97,Credit Card
1719,2025-04-04 15:22:07.452745,Transport,Uber,3909.57,Cash
1720,2025-04-04 16:40:36.723672,Food,Netflix,628.33,Debit Card
1721,2025-04-04 17:59:05.994599,Healthcare,Flipkart,2052.18,Debit Card
1722,2025-04-04 19:17:35.265526,Shopping,Local Store,257.65,UPI
1723,2025-04-04 20:36:04.536453,Education,Netflix,3429.63,Debit Card
1724,2025-04-04 21:54:33.807380,Transport,Airtel,1571.88,UPI
1725,2025-04-04 23:13:03.078307,Transport,Airtel,2819.01,Debit Card
1726,2025-04-05 00:31:32.349234,Healthcare,Amazon,4667.02,Cash
1727,2025-04-05 01:50:01.620162,Entertainment,Airtel,1564.0,Debit Card
1728,2025-04-05 03:08:30.891089,Food,Myntra,290.71,UPI
1729,2025-04-05 04:27:00.162016,Transport,Uber,3394.36,UPI
1730,2025-04-05 05:45:29.432943,Healthcare,Airtel,3944.86,Debit Card
1731,2025-04-05 07:03:58.703870,Healthcare,Zomato,4791.45,Debit Card
1732,2025-04-05 08:22:27.974797,Shopping,Uber,831.11,UPI
1733,2025-04-05 09:40:57.245724,Education,Myntra,1991.09,Credit Card
1734,2025-04-05 10:59:26.516651,Entertainment,Netflix,4228.5,Credit Card
1735,2025-04-05 12:17:55.787578,Food,Uber,4044.01,Debit Card
1736,2025-04-05 13:36:25.058505,Travel,Uber,3142.74,Cash
1737,2025-04-05 14:54:54.329432,Bills,Netflix,1383.37,Debit Card
1738,2025-04-05 16:13:23.600360,Education,Myntra,1455.97,Cash
1739,2025-04-05 17:31:52.871287,Education,Airtel,663.81,Debit Card
1740,2025-04-05 18:50:22.142214,Shopping,Amazon,4613.18,UPI
1741,2025-04-05 20:08:51.413141,Travel,Local Store,906.01,Debit Card
1742,2025-04-05 21:27:20.684068,Transport,Netflix,2885.79,Cash
1743,2025-04-05 22:45:49.954995,Transport,Netflix,2942.54,Cash
1744,2025-04-06 00:04:19.225922,Shopping,Netflix,1879.55,Debit Card
1745,2025-04-06 01:22:48.496849,Healthcare,Netflix,1794.97,Debit Card
1746,2025-04-06 02:41:17.767776,Transport,Local Store,3359.51,Credit Card
1747,2025-04-06 03:59:47.038703,Entertainment,Local Store,1972.07,Debit Card
1748,2025-04-06 05:18:16.309630,Food,Airtel,1312.82,Debit Card
1749,2025-04-06 06:36:45.580558,Education,Reliance,2025.7,UPI
1750,2025-04-06 07:55:14.851485,Education,Reliance,4047.93,Cash
1751,2025-04-06 09:13:44.122412,Entertainment,Swiggy,4834.07,Credit Card
1752,2025-04-06 10:32:13.393339,Travel,Netflix,3197.95,UPI
1753,2025-04-06 11:50:42.664266,Transport,Netflix,3921.4,Debit Card
1754,2025-04-06 13:09:11.935193,Education,Uber,2687.48,Cash
1755,2025-04-06 14:27:41.206120,Bills,Reliance,3142.87,Debit Card
1756,2025-04-06 15:46:10.477047,Travel,Airtel,4941.03,Debit Card
1757,2025-04-06 17:04:39.747974,Food,Amazon,2220.17,Debit Card
1758,2025-04-06 18:23:09.018901,Food,Swiggy,377.96,Debit Card
1759,2025-04-06 19:41:38.289828,Education,Swiggy,4787.18,Cash
1760,2025-04-06 21:00:07.560756,Shopping,Airtel,3975.66,UPI
1761,2025-04-06 22:18:36.831683,Travel,Amazon,2021.64,Debit Card
1762,2025-04-06 23:37:06.102610,Education,Uber,4912.86,Debit Card
1763,2025-04-07 00:55:35.373537,Shopping,Local Store,1760.4,Credit Card
1764,2025-04-07 02:14:04.644464,Education,Flipkart,1891.99,Credit Card
1765,2025-04-07 03:32:33.915391,Bills,Reliance,3068.17,Cash
1766,2025-04-07 04:51:03.186318,Travel,Netflix,1408.02,Debit Card
1767,2025-04-07 06:09:32.457245,Healthcare,Airtel,3507.93,Debit Card
1768,2025-04-07 07:28:01.728172,Food,Reliance,806.61,Debit Card
1769,2025-04-07 08:46:30.999099,Education,Netflix,584.73,Cash
1770,2025-04-07 10:05:00.270027,Bills,Flipkart,2697.65,Cash
1771,2025-04-07 11:23:29.540954,Shopping,Flipkart,2799.69,Debit Card
1772,2025-04-07 12:41:58.811881,Shopping,Local Store,577.94,Debit Card
1773,2025-04-07 14:00:28.082808,Food,Myntra,4822.67,Cash
1774,2025-04-07 15:18:57.353735,Entertainment,Flipkart,2887.77,Debit Card
1775,2025-04-07 16:37:26.624662,Education,Reliance,797.62,UPI
1776,2025-04-07 17:55:55.895589,Travel,Zomato,1591.64,UPI
1777,2025-04-07 19:14:25.166516,Transport,Zomato,4011.16,Cash
1778,2025-04-07 20:32:54.437443,Shopping,Netflix,2640.0,UPI
1779,2025-04-07 21:51:23.708370,Travel,Netflix,981.33,Credit Card
1780,2025-04-07 23:09:52.979297,Travel,Myntra,559.1,Debit Card
1781,2025-04-08 00:28:22.250225,Healthcare,Zomato,2182.33,Credit Card
1782,2025-04-08 01:46:51.521152,Travel,Netflix,1720.2,Credit Card
1783,2025-04-08 03:05:20.792079,Travel,Flipkart,3296.79,Credit Card
1784,2025-04-08 04:23:50.063006,Healthcare,Netflix,4629.97,UPI
1785,2025-04-08 05:42:19.333933,Shopping,Swiggy,1276.26,Debit Card
1786,2025-04-08 07:00:48.604860,Travel,Myntra,4283.41,Debit Card
1787,2025-04-08 08:19:17.875787,Entertainment,Airtel,4606.29,Cash
1788,2025-04-08 09:37:47.146714,Entertainment,Amazon,4514.91,Credit Card
1789,2025-04-08 10:56:16.417641,Bills,Uber,4762.78,UPI
1790,2025-04-08 12:14:45.688568,Healthcare,Amazon,4218.44,Credit Card
1791,2025-04-08 13:33:14.959495,Bills,Amazon,2987.76,Credit Card
1792,2025-04-08 14:51:44.230423,Healthcare,Local Store,2078.74,Debit Card
1793,2025-04-08 16:10:13.501350,Education,Airtel,2483.85,Cash
1794,2025-04-08 17:28:42.772277,Education,Netflix,4369.43,UPI
1795,2025-04-08 18:47:12.043204,Travel,Local Store,1541.92,Debit Card
1796,2025-04-08 20:05:41.314131,Transport,Amazon,838.35,Credit Card
1797,2025-04-08 21:24:10.585058,Education,Swiggy,747.06,Debit Card
1798,2025-04-08 22:42:39.855985,Transport,Uber,4143.62,Credit Card
1799,2025-04-09 00:01:09.126912,Education,Amazon,3819.35,UPI
1800,2025-04-09 01:19:38.397839,Food,Zomato,2513.34,Debit Card
1801,2025-04-09 02:38:07.668766,Education,Airtel,1410.61,Debit Card
1802,2025-04-09 03:56:36.939693,Bills,Airtel,3404.19,Debit Card
1803,2025-04-09 05:15:06.210621,Shopping,Airtel,240.24,Debit Card
1804,2025-04-09 06:33:35.481548,Travel,Myntra,2862.73,Debit Card
1805,2025-04-09 07:52:04.752475,Bills,Myntra,2022.2,UPI
1806,2025-04-09 09:10:34.023402,Shopping,Flipkart,4890.41,Cash
1807,2025-04-09 10:29:03.294329,Entertainment,Reliance,2562.42,UPI
1808,2025-04-09 11:47:32.565256,Bills,Uber,2783.73,Debit Card
1809,2025-04-09 13:06:01.836183,Entertainment,Local Store,3576.2,Credit Card
1810,2025-04-09 14:24:31.107110,Transport,Netflix,2448.47,Credit Card
1811,2025-04-09 15:43:00.378037,Transport,Amazon,1161.61,Debit Card
1812,2025-04-09 17:01:29.648964,Food,Reliance,2709.53,Cash
1813,2025-04-09 18:19:58.919891,Education,Netflix,4724.13,Debit Card
1814,2025-04-09 19:38:28.190819,Bills,Local Store,2079.06,UPI
1815,2025-04-09 20:56:57.461746,Entertainment,Reliance,3414.22,Cash
1816,2025-04-09 22:15:26.732673,Shopping,Netflix,4891.27,Cash
1817,2025-04-09 23:33:56.003600,Transport,Swiggy,4158.12,UPI
1818,2025-04-10 00:52:25.274527,Education,Myntra,3312.22,Cash
1819,2025-04-10 02:10:54.545454,Transport,Local Store,3693.18,Debit Card
1820,2025-04-10 03:29:23.816381,Shopping,Uber,4685.59,Debit Card
1821,2025-04-10 04:47:53.087308,Education,Zomato,4800.77,Credit Card
1822,2025-04-10 06:06:22.358235,Education,Swiggy,4846.39,UPI
1823,2025-04-10 07:24:51.629162,Entertainment,Myntra,3146.93,Cash
1824,2025-04-10 08:43:20.900090,Entertainment,Airtel,1954.32,Cash
1825,2025-04-10 10:01:50.171017,Bills,Myntra,709.11,Cash
1826,2025-04-10 11:20:19.441944,Bills,Reliance,1958.46,Debit Card
1827,2025-04-10 12:38:48.712871,Healthcare,Flipkart,4717.63,UPI
1828,2025-04-10 13:57:17.983798,Travel,Swiggy,4454.5,Debit Card
1829,2025-04-10 15:15:47.254725,Healthcare,Airtel,2642.12,Cash
1830,2025-04-10 16:34:16.525652,Food,Reliance,2708.19,Debit Card
1831,2025-04-10 17:52:45.796579,Transport,Local Store,1579.16,Cash
1832,2025-04-10 19:11:15.067506,Bills,Uber,2299.81,Cash
1833,2025-04-10 20:29:44.338433,Entertainment,Myntra,3586.52,Debit Card
1834,2025-04-10 21:48:13.609360,Shopping,Local Store,2042.03,Cash
1835,2025-04-10 23:06:42.880288,Entertainment,Airtel,980.52,Debit Card
1836,2025-04-11 00:25:12.151215,Transport,Reliance,2727.25,Credit Card
1837,2025-04-11 01:43:41.422142,Healthcare,Flipkart,1165.42,Debit Card
1838,2025-04-11 03:02:10.693069,Entertainment,Myntra,4872.72,Credit Card
1839,2025-04-11 04:20:39.963996,Travel,Uber,1982.18,Credit Card
1840,2025-04-11 05:39:09.234923,Food,Flipkart,4552.84,Debit Card
1841,2025-04-11 06:57:38.505850,Transport,Netflix,1166.49,UPI
1842,2025-04-11 08:16:07.776777,Healthcare,Reliance,986.58,UPI
1843,2025-04-11 09:34:37.047704,Travel,Local Store,3103.66,Debit Card
1844,2025-04-11 10:53:06.318631,Shopping,Myntra,3907.93,Debit Card
1845,2025-04-11 12:11:35.589558,Healthcare,Myntra,2855.48,Cash
1846,2025-04-11 13:30:04.860486,Education,Airtel,1187.49,Cash
1847,2025-04-11 14:48:34.131413,Travel,Uber,237.58,Debit Card
1848,2025-04-11 16:07:03.402340,Travel,Zomato,3110.53,UPI
1849,2025-04-11 17:25:32.673267,Food,Netflix,698.63,Cash
1850,2025-04-11 18:44:01.944194,Transport,Flipkart,1748.72,Cash
1851,2025-04-11 20:02:31.215121,Shopping,Swiggy,3395.13,UPI
1852,2025-04-11 21:21:00.486048,Food,Swiggy,535.22,Debit Card
1853,2025-04-11 22:39:29.756975,Healthcare,Myntra,679.89,UPI
1854,2025-04-11 23:57:59.027902,Food,Airtel,355.25,Credit Card
1855,2025-04-12 01:16:28.298829,Travel,Amazon,4980.59,Cash
1856,2025-04-12 02:34:57.569756,Transport,Myntra,1966.03,Cash
1857,2025-04-12 03:53:26.840684,Bills,Swiggy,4533.69,Cash
1858,2025-04-12 05:11:56.111611,Food,Swiggy,1503.25,UPI
1859,2025-04-12 06:30:25.382538,Education,Netflix,3778.35,UPI
1860,2025-04-12 07:48:54.653465,Food,Local Store,1134.38,Debit Card
1861,2025-04-12 09:07:23.924392,Healthcare,Amazon,2516.71,Cash
1862,2025-04-12 10:25:53.195319,Healthcare,Myntra,4131.85,Credit Card
1863,2025-04-12 11:44:22.466246,Shopping,Netflix,4090.86,Debit Card
1864,2025-04-12 13:02:51.737173,Healthcare,Airtel,3981.69,UPI
1865,2025-04-12 14:21:21.008100,Entertainment,Netflix,4127.49,Credit Card
1866,2025-04-12 15:39:50.279027,Transport,Myntra,1096.79,Debit Card
1867,2025-04-12 16:58:19.549954,Transport,Reliance,2436.97,UPI
1868,2025-04-12 18:16:48.820882,Bills,Zomato,2450.11,Credit Card
1869,2025-04-12 19:35:18.091809,Bills,Myntra,4457.99,Debit Card
1870,2025-04-12 20:53:47.362736,Transport,Uber,1519.61,Credit Card
1871,2025-04-12 22:12:16.633663,Education,Swiggy,4660.9,UPI
1872,2025-04-12 23:30:45.904590,Bills,Amazon,2281.44,Debit Card
1873,2025-04-13 00:49:15.175517,Shopping,Amazon,3365.45,UPI
1874,2025-04-13 02:07:44.446444,Healthcare,Local Store,1380.97,Cash
1875,2025-04-13 03:26:13.717371,Transport,Zomato,2080.98,Cash
1876,2025-04-13 04:44:42.988298,Travel,Uber,3563.51,Credit Card
1877,2025-04-13 06:03:12.259225,Bills,Swiggy,2588.1,Cash
1878,2025-04-13 07:21:41.530153,Transport,Amazon,4657.0,UPI
1879,2025-04-13 08:40:10.801080,Entertainment,Uber,3698.77,Credit Card
1880,2025-04-13 09:58:40.072007,Food,Netflix,2843.79,Debit Card
1881,2025-04-13 11:17:09.342934,Healthcare,Local Store,4439.02,UPI
1882,2025-04-13 12:35:38.613861,Transport,Myntra,3344.5,Debit Card
1883,2025-04-13 13:54:07.884788,Food,Myntra,3254.24,Debit Card
1884,2025-04-13 15:12:37.155715,Bills,Reliance,1269.54,Debit Card
1885,2025-04-13 16:31:06.426642,Food,Swiggy,2004.54,Debit Card
1886,2025-04-13 17:49:35.697569,Healthcare,Uber,3432.35,UPI
1887,2025-04-13 19:08:04.968496,Transport,Flipkart,4464.37,Cash
1888,2025-04-13 20:26:34.239423,Entertainment,Amazon,1611.96,UPI
1889,2025-04-13 21:45:03.510351,Education,Airtel,1116.65,Cash
1890,2025-04-13 23:03:32.781278,Bills,Airtel,2988.8,Debit Card
1891,2025-04-14 00:22:02.052205,Transport,Myntra,382.63,Cash
1892,2025-04-14 01:40:31.323132,Healthcare,Flipkart,3586.98,Debit Card
1893,2025-04-14 02:59:00.594059,Bills,Airtel,3530.54,Credit Card
1894,2025-04-14 04:17:29.864986,Shopping,Zomato,1807.08,Debit Card
1895,2025-04-14 05:35:59.135913,Food,Zomato,4468.75,Cash
1896,2025-04-14 06:54:28.406840,Education,Swiggy,2535.8,Credit Card
1897,2025-04-14 08:12:57.677767,Healthcare,Flipkart,3246.54,Credit Card
1898,2025-04-14 09:31:26.948694,Shopping,Zomato,1087.41,Debit Card
1899,2025-04-14 10:49:56.219621,Travel,Zomato,2115.83,UPI
1900,2025-04-14 12:08:25.490549,Transport,Myntra,4318.97,Cash
1901,2025-04-14 13:26:54.761476,Entertainment,Airtel,1104.05,Credit Card
1902,2025-04-14 14:45:24.032403,Bills,Swiggy,1983.34,UPI
1903,2025-04-14 16:03:53.303330,Food,Uber,1624.48,Debit Card
1904,2025-04-14 17:22:22.574257,Bills,Netflix,6162.75,Debit Card
1905,2025-04-14 18:40:51.845184,Education,Amazon,1484.1,Debit Card
1906,2025-04-14 19:59:21.116111,Transport,Amazon,1202.22,Debit Card
1907,2025-04-14 21:17:50.387038,Bills,Local Store,4621.79,Cash
1908,2025-04-14 22:36:19.657965,Food,Netflix,3718.34,Credit Card
1909,2025-04-14 23:54:48.928892,Transport,Netflix,1614.7,Cash
1910,2025-04-15 01:13:18.199819,Bills,Amazon,3828.53,Credit Card
1911,2025-04-15 02:31:47.470747,Entertainment,Amazon,159.59,UPI
1912,2025-04-15 03:50:16.741674,Healthcare,Uber,2656.3,UPI
1913,2025-04-15 05:08:46.012601,Transport,Flipkart,1289.16,Credit Card
1914,2025-04-15 06:27:15.283528,Healthcare,Flipkart,615.89,Debit Card
1915,2025-04-15 07:45:44.554455,Travel,Uber,4424.6,UPI
1916,2025-04-15 09:04:13.825382,Transport,Airtel,1036.74,Cash
1917,2025-04-15 10:22:43.096309,Entertainment,Netflix,4120.84,Credit Card
1918,2025-04-15 11:41:12.367236,Healthcare,Reliance,2095.45,UPI
1919,2025-04-15 12:59:41.638163,Shopping,Netflix,120.74,Credit Card
1920,2025-04-15 14:18:10.909090,Food,Local Store,3676.04,Debit Card
1921,2025-04-15 15:36:40.180018,Shopping,Amazon,3001.98,Credit Card
1922,2025-04-15 16:55:09.450945,Bills,Netflix,1753.65,UPI
1923,2025-04-15 18:13:38.721872,Entertainment,Amazon,1443.65,Credit Card
1924,2025-04-15 19:32:07.992799,Shopping,Netflix,414.77,UPI
1925,2025-04-15 20:50:37.263726,Transport,Local Store,4710.06,UPI
1926,2025-04-15 22:09:06.534653,Bills,Airtel,2495.23,UPI
1927,2025-04-15 23:27:35.805580,Bills,Reliance,473.35,Cash
1928,2025-04-16 00:46:05.076507,Shopping,Zomato,4349.96,Debit Card
1929,2025-04-16 02:04:34.347434,Travel,Uber,1430.22,Debit Card
1930,2025-04-16 03:23:03.618361,Shopping,Uber,1057.83,Credit Card
1931,2025-04-16 04:41:32.889288,Travel,Reliance,1440.64,Credit Card
1932,2025-04-16 06:00:02.160216,Entertainment,Netflix,2844.63,UPI
1933,2025-04-16 07:18:31.431143,Food,Zomato,416.58,Debit Card
1934,2025-04-16 08:37:00.702070,Shopping,Local Store,2434.7,Credit Card
1935,2025-04-16 09:55:29.972997,Education,Flipkart,4483.93,Credit Card
1936,2025-04-16 11:13:59.243924,Travel,Netflix,981.45,Debit Card
1937,2025-04-16 12:32:28.514851,Shopping,Airtel,1689.38,UPI
1938,2025-04-16 13:50:57.785778,Healthcare,Amazon,2010.8,Credit Card
1939,2025-04-16 15:09:27.056705,Transport,Swiggy,2951.79,UPI
1940,2025-04-16 16:27:56.327632,Education,Netflix,4600.31,Debit Card
1941,2025-04-16 17:46:25.598559,Education,Swiggy,2002.97,Debit Card
1942,2025-04-16 19:04:54.869486,Travel,Netflix,392.31,Credit Card
1943,2025-04-16 20:23:24.140414,Healthcare,Reliance,1772.36,Credit Card
1944,2025-04-16 21:41:53.411341,Healthcare,Swiggy,990.92,Debit Card
1945,2025-04-16 23:00:22.682268,Bills,Netflix,3276.28,UPI
1946,2025-04-17 00:18:51.953195,Travel,Uber,194.85,UPI
1947,2025-04-17 01:37:21.224122,Food,Swiggy,1495.05,Cash
1948,2025-04-17 02:55:50.495049,Transport,Netflix,2748.61,Debit Card
1949,2025-04-17 04:14:19.765976,Entertainment,Flipkart,1422.8,Credit Card
1950,2025-04-17 05:32:49.036903,Education,Amazon,2777.43,Debit Card
1951,2025-04-17 06:51:18.307830,Entertainment,Flipkart,617.83,Credit Card
1952,2025-04-17 08:09:47.578757,Shopping,Zomato,4716.89,UPI
1953,2025-04-17 09:28:16.849684,Shopping,Netflix,1489.99,Credit Card
1954,2025-04-17 10:46:46.120612,Entertainment,Myntra,4618.85,Cash
1955,2025-04-17 12:05:15.391539,Shopping,Airtel,1662.89,UPI
1956,2025-04-17 13:23:44.662466,Food,Flipkart,3920.11,Cash
1957,2025-04-17 14:42:13.933393,Healthcare,Swiggy,1268.63,Debit Card
1958,2025-04-17 16:00:43.204320,Shopping,Reliance,3365.36,Credit Card
1959,2025-04-17 17:19:12.475247,Bills,Airtel,1652.4,UPI
1960,2025-04-17 18:37:41.746174,Shopping,Myntra,2570.34,Credit Card
1961,2025-04-17 19:56:11.017101,Transport,Local Store,3385.38,Cash
1962,2025-04-17 21:14:40.288028,Food,Netflix,2964.97,UPI
1963,2025-04-17 22:33:09.558955,Transport,Reliance,2902.59,Cash
1964,2025-04-17 23:51:38.829882,Transport,Netflix,375.12,UPI
1965,2025-04-18 01:10:08.100810,Bills,Zomato,1282.93,Debit Card
1966,2025-04-18 02:28:37.371737,Food,Myntra,2880.6,Debit Card
1967,2025-04-18 03:47:06.642664,Food,Netflix,140.67,Credit Card
1968,2025-04-18 05:05:35.913591,Travel,Swiggy,1290.69,Cash
1969,2025-04-18 06:24:05.184518,Food,Zomato,1184.47,Cash
1970,2025-04-18 07:42:34.455445,Food,Uber,1286.79,UPI
1971,2025-04-18 09:01:03.726372,Food,Local Store,2701.27,Debit Card
1972,2025-04-18 10:19:32.997299,Bills,Myntra,2930.7,Credit Card
1973,2025-04-18 11:38:02.268226,Shopping,Amazon,4549.54,Debit Card
1974,2025-04-18 12:56:31.539153,Travel,Reliance,1960.85,Cash
1975,2025-04-18 14:15:00.810081,Transport,Flipkart,4636.57,Credit Card
1976,2025-04-18 15:33:30.081008,Food,Netflix,3277.17,Debit Card
1977,2025-04-18 16:51:59.351935,Education,Reliance,4567.67,Debit Card
1978,2025-04-18 18:10:28.622862,Shopping,Reliance,4175.69,UPI
1979,2025-04-18 19:28:57.893789,Shopping,Amazon,3453.53,UPI
1980,2025-04-18 20:47:27.164716,Transport,Amazon,1812.72,Cash
1981,2025-04-18 22:05:56.435643,Bills,Zomato,1243.5,Debit Card
1982,2025-04-18 23:24:25.706570,Entertainment,Myntra,1150.84,UPI
1983,2025-04-19 00:42:54.977497,Entertainment,Swiggy,4763.26,Debit Card
1984,2025-04-19 02:01:24.248424,Shopping,Local Store,4794.94,Credit Card
1985,2025-04-19 03:19:53.519351,Healthcare,Amazon,3637.92,Debit Card
1986,2025-04-19 04:38:22.790279,Healthcare,Amazon,4424.79,Debit Card
1987,2025-04-19 05:56:52.061206,Transport,Flipkart,4599.03,Cash
1988,2025-04-19 07:15:21.332133,Entertainment,Uber,2582.2,Credit Card
1989,2025-04-19 08:33:50.603060,Shopping,Amazon,3163.85,Credit Card
1990,2025-04-19 09:52:19.873987,Bills,Uber,2122.83,UPI
1991,2025-04-19 11:10:49.144914,Entertainment,Zomato,2121.53,Credit Card
1992,2025-04-19 12:29:18.415841,Shopping,Swiggy,240.22,Cash
1993,2025-04-19 13:47:47.686768,Shopping,Reliance,2197.42,UPI
1994,2025-04-19 15:06:16.957695,Food,Amazon,3383.77,Debit Card
1995,2025-04-19 16:24:46.228622,Bills,Netflix,2138.81,Credit Card
1996,2025-04-19 17:43:15.499549,Food,Uber,4368.43,Debit Card
1997,2025-04-19 19:01:44.770477,Transport,Flipkart,1696.19,UPI
1998,2025-04-19 20:20:14.041404,Food,Local Store,706.78,Credit Card
1999,2025-04-19 21:38:43.312331,Education,Flipkart,4067.22,UPI
2000,2025-04-19 22:57:12.583258,Food,Amazon,3386.04,UPI
2001,2025-04-20 00:15:41.854185,Education,Myntra,1247.01,Credit Card
2002,2025-04-20 01:34:11.125112,Entertainment,Reliance,2705.43,Credit Card
2003,2025-04-20 02:52:40.396039,Healthcare,Swiggy,2039.17,UPI
2004,2025-04-20 04:11:09.666966,Travel,Netflix,4697.36,Cash
2005,2025-04-20 05:29:38.937893,Travel,Myntra,3056.29,Credit Card
2006,2025-04-20 06:48:08.208820,Shopping,Flipkart,834.03,UPI
2007,2025-04-20 08:06:37.479747,Travel,Uber,2535.63,Debit Card
2008,2025-04-20 09:25:06.750675,Education,Uber,4319.66,Debit Card
2009,2025-04-20 10:43:36.021602,Bills,Myntra,3373.91,Credit Card
2010,2025-04-20 12:02:05.292529,Food,Uber,4220.14,Credit Card
2011,2025-04-20 13:20:34.563456,Education,Flipkart,1289.48,Debit Card
2012,2025-04-20 14:39:03.834383,Bills,Myntra,4447.34,UPI
2013,2025-04-20 15:57:33.105310,Healthcare,Flipkart,3790.28,UPI
2014,2025-04-20 17:16:02.376237,Travel,Netflix,3658.12,UPI
2015,2025-04-20 18:34:31.647164,Healthcare,Reliance,1765.38,Cash
2016,2025-04-20 19:53:00.918091,Travel,Local Store,4443.91,Credit Card
2017,2025-04-20 21:11:30.189018,Food,Netflix,3208.0,Cash
2018,2025-04-20 22:29:59.459945,Transport,Netflix,4266.61,Cash
2019,2025-04-20 23:48:28.730873,Food,Uber,1836.81,Cash
2020,2025-04-21 01:06:58.001800,Entertainment,Amazon,770.98,Cash
2021,2025-04-21 02:25:27.272727,Education,Airtel,1695.07,UPI
2022,2025-04-21 03:43:56.543654,Shopping,Uber,2303.56,Credit Card
2023,2025-04-21 05:02:25.814581,Transport,Amazon,2690.37,Credit Card
2024,2025-04-21 06:20:55.085508,Food,Flipkart,2578.51,Cash
2025,2025-04-21 07:39:24.356435,Bills,Airtel,2752.97,Credit Card
2026,2025-04-21 08:57:53.627362,Transport,Uber,4216.44,Debit Card
2027,2025-04-21 10:16:22.898289,Education,Airtel,892.0,UPI
2028,2025-04-21 11:34:52.169216,Travel,Airtel,1614.45,Credit Card
2029,2025-04-21 12:53:21.440144,Transport,Zomato,4448.61,UPI
2030,2025-04-21 14:11:50.711071,Travel,Reliance,2824.27,Debit Card
2031,2025-04-21 15:30:19.981998,Education,Zomato,2937.78,UPI
2032,2025-04-21 16:48:49.252925,Food,Amazon,2416.41,Debit Card
2033,2025-04-21 18:07:18.523852,Education,Swiggy,2767.42,Cash
2034,2025-04-21 19:25:47.794779,Transport,Myntra,1030.49,Credit Card
2035,2025-04-21 20:44:17.065706,Bills,Local Store,2756.99,Cash
2036,2025-04-21 22:02:46.336633,Healthcare,Swiggy,4986.01,Credit Card
2037,2025-04-21 23:21:15.607560,Transport,Myntra,2851.94,Cash
2038,2025-04-22 00:39:44.878487,Education,Amazon,269.79,Debit Card
2039,2025-04-22 01:58:14.149414,Healthcare,Amazon,3992.36,Credit Card
2040,2025-04-22 03:16:43.420342,Education,Flipkart,2012.55,Cash
2041,2025-04-22 04:35:12.691269,Bills,Local Store,810.7,UPI
2042,2025-04-22 05:53:41.962196,Education,Reliance,4319.47,UPI
2043,2025-04-22 07:12:11.233123,Food,Airtel,1029.97,Cash
2044,2025-04-22 08:30:40.504050,Shopping,Zomato,4607.8,Debit Card
2045,2025-04-22 09:49:09.774977,Travel,Zomato,2236.89,Cash
2046,2025-04-22 11:07:39.045904,Travel,Amazon,3726.81,UPI
2047,2025-04-22 12:26:08.316831,Transport,Zomato,2757.63,Credit Card
2048,2025-04-22 13:44:37.587758,Shopping,Amazon,1320.3,Credit Card
2049,2025-04-22 15:03:06.858685,Education,Airtel,3371.9,Cash
2050,2025-04-22 16:21:36.129612,Bills,Amazon,4791.67,Credit Card
2051,2025-04-22 17:40:05.400540,Transport,Flipkart,3859.7,UPI
2052,2025-04-22 18:58:34.671467,Education,Reliance,3039.89,Credit Card
2053,2025-04-22 20:17:03.942394,Healthcare,Netflix,4953.61,Cash
2054,2025-04-22 21:35:33.213321,Entertainment,Uber,1363.37,Cash
2055,2025-04-22 22:54:02.484248,Education,Reliance,358.59,Cash
2056,2025-04-23 00:12:31.755175,Shopping,Reliance,209.05,UPI
2057,2025-04-23 01:31:01.026102,Transport,Swiggy,3567.91,Debit Card
2058,2025-04-23 02:49:30.297029,Shopping,Local Store,4159.65,Credit Card
2059,2025-04-23 04:07:59.567956,Transport,Local Store,3193.75,Cash
2060,2025-04-23 05:26:28.838883,Education,Myntra,4529.88,Debit Card
2061,2025-04-23 06:44:58.109810,Food,Uber,3504.98,Cash
2062,2025-04-23 08:03:27.380738,Healthcare,Airtel,1886.23,Cash
2063,2025-04-23 09:21:56.651665,Education,Netflix,947.23,UPI
2064,2025-04-23 10:40:25.922592,Travel,Netflix,4627.01,UPI
2065,2025-04-23 11:58:55.193519,Shopping,Local Store,562.81,Debit Card
2066,2025-04-23 13:17:24.464446,Entertainment,Reliance,2737.79,Cash
2067,2025-04-23 14:35:53.735373,Entertainment,Flipkart,1604.34,Credit Card
2068,2025-04-23 15:54:23.006300,Bills,Myntra,1393.5,Credit Card
2069,2025-04-23 17:12:52.277227,Transport,Amazon,3246.88,Credit Card
2070,2025-04-23 18:31:21.548154,Shopping,Myntra,1194.62,Debit Card
2071,2025-04-23 19:49:50.819081,Bills,Swiggy,4586.01,UPI
2072,2025-04-23 21:08:20.090009,Shopping,Myntra,2059.92,Debit Card
2073,2025-04-23 22:26:49.360936,Travel,Reliance,3403.01,UPI
2074,2025-04-23 23:45:18.631863,Transport,Airtel,3652.39,Credit Card
2075,2025-04-24 01:03:47.902790,Education,Reliance,3430.56,Credit Card
2076,2025-04-24 02:22:17.173717,Education,Local Store,4521.83,UPI
2077,2025-04-24 03:40:46.444644,Entertainment,Airtel,1194.1,Credit Card
2078,2025-04-24 04:59:15.715571,Education,Zomato,475.97,Debit Card
2079,2025-04-24 06:17:44.986498,Education,Airtel,324.56,UPI
2080,2025-04-24 07:36:14.257425,Travel,Myntra,4395.33,Credit Card
2081,2025-04-24 08:54:43.528352,Food,Myntra,4867.77,Cash
2082,2025-04-24 10:13:12.799279,Entertainment,Myntra,1547.51,Credit Card
2083,2025-04-24 11:31:42.070207,Bills,Zomato,3482.89,Cash
2084,2025-04-24 12:50:11.341134,Healthcare,Local Store,94.12,Credit Card
2085,2025-04-24 14:08:40.612061,Food,Amazon,983.73,Cash
2086,2025-04-24 15:27:09.882988,Bills,Uber,3461.91,Credit Card
2087,2025-04-24 16:45:39.153915,Transport,Local Store,376.14,Cash
2088,2025-04-24 18:04:08.424842,Food,Myntra,2369.12,UPI
2089,2025-04-24 19:22:37.695769,Travel,Local Store,3329.79,UPI
2090,2025-04-24 20:41:06.966696,Bills,Swiggy,3841.49,Cash
2091,2025-04-24 21:59:36.237623,Transport,Netflix,2296.39,Credit Card
2092,2025-04-24 23:18:05.508550,Entertainment,Netflix,3169.91,Debit Card
2093,2025-04-25 00:36:34.779477,Healthcare,Uber,2720.9,Debit Card
2094,2025-04-25 01:55:04.050405,Transport,Uber,308.91,Debit Card
2095,2025-04-25 03:13:33.321332,Education,Amazon,3726.88,Debit Card
2096,2025-04-25 04:32:02.592259,Shopping,Swiggy,903.19,Cash
2097,2025-04-25 05:50:31.863186,Transport,Reliance,207.44,UPI
2098,2025-04-25 07:09:01.134113,Transport,Local Store,2283.28,UPI
2099,2025-04-25 08:27:30.405040,Healthcare,Airtel,4334.91,Debit Card
2100,2025-04-25 09:45:59.675967,Shopping,Airtel,796.61,UPI
2101,2025-04-25 11:04:28.946894,Education,Reliance,113.64,Cash
2102,2025-04-25 12:22:58.217821,Bills,Netflix,594.4,Debit Card
2103,2025-04-25 13:41:27.488748,Bills,Reliance,1850.11,Cash
2104,2025-04-25 14:59:56.759675,Transport,Local Store,2921.85,Cash
2105,2025-04-25 16:18:26.030603,Travel,Swiggy,1005.41,Credit Card
2106,2025-04-25 17:36:55.301530,Travel,Myntra,4019.72,Cash
2107,2025-04-25 18:55:24.572457,Shopping,Zomato,3778.82,Credit Card
2108,2025-04-25 20:13:53.843384,Shopping,Myntra,3494.52,Debit Card
2109,2025-04-25 21:32:23.114311,Education,Zomato,2462.98,Cash
2110,2025-04-25 22:50:52.385238,Healthcare,Airtel,1857.82,UPI
2111,2025-04-26 00:09:21.656165,Entertainment,Uber,1909.15,Debit Card
2112,2025-04-26 01:27:50.927092,Bills,Local Store,2540.2,Cash
2113,2025-04-26 02:46:20.198019,Healthcare,Myntra,432.71,Cash
2114,2025-04-26 04:04:49.468946,Food,Reliance,3427.41,UPI
2115,2025-04-26 05:23:18.739873,Bills,Swiggy,1789.96,Credit Card
2116,2025-04-26 06:41:48.010801,Healthcare,Swiggy,1162.56,Cash
2117,2025-04-26 08:00:17.281728,Bills,Netflix,1427.72,Cash
2118,2025-04-26 09:18:46.552655,Entertainment,Swiggy,942.46,UPI
2119,2025-04-26 10:37:15.823582,Food,Swiggy,4512.76,Debit Card
2120,2025-04-26 11:55:45.094509,Travel,Uber,886.74,Cash
2121,2025-04-26 13:14:14.365436,Travel,Reliance,4420.48,Credit Card
2122,2025-04-26 14:32:43.636363,Entertainment,Airtel,2882.6,Credit Card
2123,2025-04-26 15:51:12.907290,Education,Swiggy,4343.88,UPI
2124,2025-04-26 17:09:42.178217,Food,Airtel,2396.62,Credit Card
2125,2025-04-26 18:28:11.449144,Transport,Uber,4641.79,Cash
2126,2025-04-26 19:46:40.720072,Healthcare,Swiggy,1096.88,Credit Card
2127,2025-04-26 21:05:09.990999,Food,Local Store,2795.72,Cash
2128,2025-04-26 22:23:39.261926,Education,Netflix,672.9,UPI
2129,2025-04-26 23:42:08.532853,Education,Myntra,2263.74,Credit Card
2130,2025-04-27 01:00:37.803780,Entertainment,Local Store,2871.02,Cash
2131,2025-04-27 02:19:07.074707,Bills,Flipkart,3048.09,Debit Card
2132,2025-04-27 03:37:36.345634,Food,Amazon,1859.37,Cash
2133,2025-04-27 04:56:05.616561,Healthcare,Swiggy,427.86,Cash
2134,2025-04-27 06:14:34.887488,Food,Airtel,3293.86,UPI
2135,2025-04-27 07:33:04.158415,Shopping,Amazon,2467.74,Cash
2136,2025-04-27 08:51:33.429342,Bills,Zomato,727.55,UPI
2137,2025-04-27 10:10:02.700270,Healthcare,Swiggy,4682.59,Cash
2138,2025-04-27 11:28:31.971197,Travel,Flipkart,4780.56,Cash
2139,2025-04-27 12:47:01.242124,Healthcare,Uber,4290.2,Cash
2140,2025-04-27 14:05:30.513051,Transport,Netflix,4227.15,UPI
2141,2025-04-27 15:23:59.783978,Entertainment,Flipkart,538.42,Cash
2142,2025-04-27 16:42:29.054905,Transport,Airtel,4967.43,UPI
2143,2025-04-27 18:00:58.325832,Healthcare,Uber,2031.88,Debit Card
2144,2025-04-27 19:19:27.596759,Bills,Myntra,857.45,UPI
2145,2025-04-27 20:37:56.867686,Food,Uber,4069.9,Debit Card
2146,2025-04-27 21:56:26.138613,Travel,Swiggy,1167.37,UPI
2147,2025-04-27 23:14:55.409540,Food,Amazon,2654.57,UPI
2148,2025-04-28 00:33:24.680468,Bills,Amazon,683.68,Cash
2149,2025-04-28 01:51:53.951395,Healthcare,Airtel,2399.5,Credit Card
2150,2025-04-28 03:10:23.222322,Education,Uber,2812.8,Credit Card
2151,2025-04-28 04:28:52.493249,Food,Flipkart,2257.32,Cash
2152,2025-04-28 05:47:21.764176,Education,Airtel,393.96,Debit Card
2153,2025-04-28 07:05:51.035103,Food,Netflix,2450.45,Cash
2154,2025-04-28 08:24:20.306030,Food,Airtel,2371.27,Credit Card
2155,2025-04-28 09:42:49.576957,Travel,Airtel,1345.02,UPI
2156,2025-04-28 11:01:18.847884,Entertainment,Myntra,4611.93,Cash
2157,2025-04-28 12:19:48.118811,Entertainment,Local Store,2118.07,Debit Card
2158,2025-04-28 13:38:17.389738,Shopping,Swiggy,4327.37,Cash
2159,2025-04-28 14:56:46.660666,Transport,Myntra,592.84,Credit Card
2160,2025-04-28 16:15:15.931593,Bills,Amazon,1628.44,UPI
2161,2025-04-28 17:33:45.202520,Bills,Amazon,922.84,Credit Card
2162,2025-04-28 18:52:14.473447,Bills,Zomato,2071.63,Credit Card
2163,2025-04-28 20:10:43.744374,Shopping,Zomato,602.6,Credit Card
2164,2025-04-28 21:29:13.015301,Entertainment,Flipkart,2233.12,Credit Card
2165,2025-04-28 22:47:42.286228,Healthcare,Amazon,1801.66,UPI
2166,2025-04-29 00:06:11.557155,Education,Local Store,1155.41,Credit Card
2167,2025-04-29 01:24:40.828082,Travel,Myntra,3228.79,Debit Card
2168,2025-04-29 02:43:10.099009,Education,Netflix,4757.01,Debit Card
2169,2025-04-29 04:01:39.369936,Healthcare,Local Store,1075.21,Credit Card
2170,2025-04-29 05:20:08.640864,Travel,Zomato,3573.36,Debit Card
2171,2025-04-29 06:38:37.911791,Shopping,Uber,3724.79,Credit Card
2172,2025-04-29 07:57:07.182718,Healthcare,Local Store,2515.7,UPI
2173,2025-04-29 09:15:36.453645,Bills,Local Store,4493.46,UPI
2174,2025-04-29 10:34:05.724572,Transport,Local Store,4833.63,Debit Card
2175,2025-04-29 11:52:34.995499,Food,Local Store,1843.12,Debit Card
2176,2025-04-29 13:11:04.266426,Education,Local Store,3272.61,Credit Card
2177,2025-04-29 14:29:33.537353,Entertainment,Zomato,3327.95,Cash
2178,2025-04-29 15:48:02.808280,Entertainment,Amazon,2048.0,Credit Card
2179,2025-04-29 17:06:32.079207,Shopping,Airtel,1618.12,Credit Card
2180,2025-04-29 18:25:01.350135,Travel,Local Store,4672.03,UPI
2181,2025-04-29 19:43:30.621062,Entertainment,Local Store,3960.41,Cash
2182,2025-04-29 21:01:59.891989,Bills,Swiggy,616.6,Cash
2183,2025-04-29 22:20:29.162916,Education,Amazon,643.43,Credit Card
2184,2025-04-29 23:38:58.433843,Healthcare,Airtel,4616.59,UPI
2185,2025-04-30 00:57:27.704770,Bills,Netflix,452.98,Debit Card
2186,2025-04-30 02:15:56.975697,Shopping,Netflix,3457.69,UPI
2187,2025-04-30 03:34:26.246624,Bills,Uber,1172.45,Debit Card
2188,2025-04-30 04:52:55.517551,Healthcare,Reliance,224.17,UPI
2189,2025-04-30 06:11:24.788478,Transport,Myntra,345.21,Cash
2190,2025-04-30 07:29:54.059405,Shopping,Swiggy,1898.93,UPI
2191,2025-04-30 08:48:23.330333,Transport,Amazon,434.06,Credit Card
2192,2025-04-30 10:06:52.601260,Food,Amazon,3003.36,Debit Card
2193,2025-04-30 11:25:21.872187,Transport,Reliance,3253.91,UPI
2194,2025-04-30 12:43:51.143114,Food,Uber,1898.67,UPI
2195,2025-04-30 14:02:20.414041,Food,Flipkart,3727.25,Debit Card
2196,2025-04-30 15:20:49.684968,Transport,Zomato,2475.71,UPI
2197,2025-04-30 16:39:18.955895,Shopping,Uber,2179.63,Debit Card
2198,2025-04-30 17:57:48.226822,Travel,Airtel,2064.59,Cash
2199,2025-04-30 19:16:17.497749,Healthcare,Uber,2183.98,Debit Card
2200,2025-04-30 20:34:46.768676,Bills,Reliance,4841.04,Debit Card
2201,2025-04-30 21:53:16.039603,Bills,Reliance,3422.96,Cash
2202,2025-04-30 23:11:45.310531,Healthcare,Myntra,1610.29,UPI
2203,2025-05-01 00:30:14.581458,Education,Swiggy,3682.61,UPI
2204,2025-05-01 01:48:43.852385,Education,Local Store,1684.82,Cash
2205,2025-05-01 03:07:13.123312,Food,Netflix,672.29,Credit Card
2206,2025-05-01 04:25:42.394239,Food,Reliance,2403.03,Debit Card
2207,2025-05-01 05:44:11.665166,Shopping,Myntra,3767.57,UPI
2208,2025-05-01 07:02:40.936093,Entertainment,Zomato,1919.42,UPI
2209,2025-05-01 08:21:10.207020,Transport,Netflix,4352.41,Debit Card
2210,2025-05-01 09:39:39.477947,Food,Flipkart,1965.42,Debit Card
2211,2025-05-01 10:58:08.748874,Bills,Amazon,1781.7,Debit Card
2212,2025-05-01 12:16:38.019801,Shopping,Zomato,4991.31,Credit Card
2213,2025-05-01 13:35:07.290729,Transport,Flipkart,2438.24,Cash
2214,2025-05-01 14:53:36.561656,Shopping,Netflix,4035.84,Credit Card
2215,2025-05-01 16:12:05.832583,Transport,Zomato,4034.69,Credit Card
2216,2025-05-01 17:30:35.103510,Transport,Myntra,4635.53,Debit Card
2217,2025-05-01 18:49:04.374437,Healthcare,Flipkart,470.23,Cash
2218,2025-05-01 20:07:33.645364,Food,Amazon,1392.54,UPI
2219,2025-05-01 21:26:02.916291,Travel,Local Store,3850.35,Debit Card
2220,2025-05-01 22:44:32.187218,Shopping,Myntra,2834.88,Cash
2221,2025-05-02 00:03:01.458145,Travel,Airtel,2820.09,UPI
2222,2025-05-02 01:21:30.729072,Shopping,Amazon,872.77,Credit Card
2223,2025-05-02 02:40:00.000000,Healthcare,Swiggy,1441.71,Cash
2224,2025-05-02 03:58:29.270927,Bills,Uber,2630.6,Credit Card
2225,2025-05-02 05:16:58.541854,Travel,Swiggy,1422.05,Credit Card
2226,2025-05-02 06:35:27.812781,Bills,Reliance,1090.9,Cash
2227,2025-05-02 07:53:57.083708,Education,Local Store,484.39,UPI
2228,2025-05-02 09:12:26.354635,Food,Airtel,820.84,Cash
2229,2025-05-02 10:30:55.625562,Food,Airtel,3855.9,UPI
2230,2025-05-02 11:49:24.896489,Entertainment,Uber,3607.96,Debit Card
2231,2025-05-02 13:07:54.167416,Healthcare,Flipkart,276.88,Debit Card
2232,2025-05-02 14:26:23.438343,Bills,Uber,1056.26,Debit Card
2233,2025-05-02 15:44:52.709270,Transport,Reliance,2824.25,Credit Card
2234,2025-05-02 17:03:21.980198,Shopping,Swiggy,1647.01,Debit Card
2235,2025-05-02 18:21:51.251125,Food,Airtel,4125.09,Credit Card
2236,2025-05-02 19:40:20.522052,Travel,Swiggy,3935.7,UPI
2237,2025-05-02 20:58:49.792979,Shopping,Amazon,4463.32,Cash
2238,2025-05-02 22:17:19.063906,Shopping,Local Store,2836.51,Cash
2239,2025-05-02 23:35:48.334833,Entertainment,Zomato,1792.78,Credit Card
2240,2025-05-03 00:54:17.605760,Bills,Reliance,3050.02,Credit Card
2241,2025-05-03 02:12:46.876687,Food,Zomato,491.23,Credit Card
2242,2025-05-03 03:31:16.147614,Shopping,Reliance,97.45,UPI
2243,2025-05-03 04:49:45.418541,Food,Netflix,134.61,UPI
2244,2025-05-03 06:08:14.689468,Transport,Local Store,2067.34,Debit Card
2245,2025-05-03 07:26:43.960396,Entertainment,Amazon,1178.98,Debit Card
2246,2025-05-03 08:45:13.231323,Transport,Local Store,828.82,Cash
2247,2025-05-03 10:03:42.502250,Food,Flipkart,3095.86,Debit Card
2248,2025-05-03 11:22:11.773177,Education,Reliance,4975.72,UPI
2249,2025-05-03 12:40:41.044104,Travel,Zomato,929.88,UPI
2250,2025-05-03 13:59:10.315031,Food,Reliance,2754.79,UPI
2251,2025-05-03 15:17:39.585958,Bills,Flipkart,642.65,UPI
2252,2025-05-03 16:36:08.856885,Shopping,Reliance,4674.47,Cash
2253,2025-05-03 17:54:38.127812,Shopping,Local Store,1494.19,Cash
2254,2025-05-03 19:13:07.398739,Transport,Myntra,4397.78,UPI
2255,2025-05-03 20:31:36.669666,Travel,Reliance,1451.23,Credit Card
2256,2025-05-03 21:50:05.940594,Entertainment,Netflix,4039.96,Debit Card
2257,2025-05-03 23:08:35.211521,Education,Netflix,1086.44,Cash
2258,2025-05-04 00:27:04.482448,Healthcare,Airtel,1499.31,Credit Card
2259,2025-05-04 01:45:33.753375,Travel,Netflix,1002.75,Debit Card
2260,2025-05-04 03:04:03.024302,Shopping,Reliance,1358.09,Credit Card
2261,2025-05-04 04:22:32.295229,Bills,Reliance,4182.59,UPI
2262,2025-05-04 05:41:01.566156,Travel,Myntra,3213.21,Debit Card
2263,2025-05-04 06:59:30.837083,Transport,Netflix,2059.1,Credit Card
2264,2025-05-04 08:18:00.108010,Transport,Swiggy,4859.03,Cash
2265,2025-05-04 09:36:29.378937,Healthcare,Reliance,2351.06,Cash
2266,2025-05-04 10:54:58.649864,Bills,Amazon,4850.31,Cash
2267,2025-05-04 12:13:27.920792,Entertainment,Amazon,1023.11,Debit Card
2268,2025-05-04 13:31:57.191719,Travel,Zomato,4527.96,UPI
2269,2025-05-04 14:50:26.462646,Bills,Myntra,118.42,UPI
2270,2025-05-04 16:08:55.733573,Entertainment,Flipkart,2749.25,Debit Card
2271,2025-05-04 17:27:25.004500,Bills,Swiggy,2144.11,Debit Card
2272,2025-05-04 18:45:54.275427,Bills,Reliance,2649.18,UPI
2273,2025-05-04 20:04:23.546354,Food,Local Store,2789.55,Cash
2274,2025-05-04 21:22:52.817281,Transport,Uber,1975.71,UPI
2275,2025-05-04 22:41:22.088208,Travel,Uber,4991.08,UPI
2276,2025-05-04 23:59:51.359135,Bills,Flipkart,4883.71,Credit Card
2277,2025-05-05 01:18:20.630063,Travel,Airtel,4810.64,Cash
2278,2025-05-05 02:36:49.900990,Healthcare,Local Store,4896.47,Debit Card
2279,2025-05-05 03:55:19.171917,Bills,Uber,3975.41,UPI
2280,2025-05-05 05:13:48.442844,Shopping,Flipkart,4943.52,Cash
2281,2025-05-05 06:32:17.713771,Transport,Uber,4467.18,Debit Card
2282,2025-05-05 07:50:46.984698,Shopping,Myntra,2108.87,Credit Card
2283,2025-05-05 09:09:16.255625,Travel,Zomato,3934.65,Credit Card
2284,2025-05-05 10:27:45.526552,Travel,Airtel,4564.74,Cash
2285,2025-05-05 11:46:14.797479,Transport,Myntra,3577.4,UPI
2286,2025-05-05 13:04:44.068406,Travel,Local Store,2142.77,Debit Card
2287,2025-05-05 14:23:13.339333,Shopping,Flipkart,375.66,Cash
2288,2025-05-05 15:41:42.610261,Bills,Swiggy,4058.0,Credit Card
2289,2025-05-05 17:00:11.881188,Bills,Local Store,4766.08,Debit Card
2290,2025-05-05 18:18:41.152115,Food,Local Store,1844.19,Debit Card
2291,2025-05-05 19:37:10.423042,Healthcare,Netflix,801.93,UPI
2292,2025-05-05 20:55:39.693969,Travel,Swiggy,1666.19,Credit Card
2293,2025-05-05 22:14:08.964896,Shopping,Amazon,2933.98,Credit Card
2294,2025-05-05 23:32:38.235823,Travel,Netflix,1618.8,Credit Card
2295,2025-05-06 00:51:07.506750,Travel,Flipkart,3072.56,Debit Card
2296,2025-05-06 02:09:36.777677,Entertainment,Amazon,4835.92,Credit Card
2297,2025-05-06 03:28:06.048604,Food,Uber,3370.14,Cash
2298,2025-05-06 04:46:35.319531,Shopping,Uber,1845.16,Credit Card
2299,2025-05-06 06:05:04.590459,Shopping,Local Store,4681.98,Debit Card
2300,2025-05-06 07:23:33.861386,Travel,Netflix,2849.89,Credit Card
2301,2025-05-06 08:42:03.132313,Food,Reliance,685.44,Credit Card
2302,2025-05-06 10:00:32.403240,Bills,Swiggy,2519.96,Debit Card
2303,2025-05-06 11:19:01.674167,Shopping,Amazon,3285.5,Credit Card
2304,2025-05-06 12:37:30.945094,Bills,Swiggy,4199.36,UPI
2305,2025-05-06 13:56:00.216021,Food,Netflix,4685.56,Debit Card
2306,2025-05-06 15:14:29.486948,Bills,Local Store,1621.21,Credit Card
2307,2025-05-06 16:32:58.757875,Transport,Myntra,819.79,UPI
2308,2025-05-06 17:51:28.028802,Entertainment,Uber,415.45,Cash
2309,2025-05-06 19:09:57.299729,Education,Amazon,3704.86,Debit Card
2310,2025-05-06 20:28:26.570657,Shopping,Amazon,3986.03,Credit Card
2311,2025-05-06 21:46:55.841584,Healthcare,Flipkart,2076.4,Debit Card
2312,2025-05-06 23:05:25.112511,Entertainment,Amazon,2009.83,UPI
2313,2025-05-07 00:23:54.383438,Education,Netflix,4773.47,Debit Card
2314,2025-05-07 01:42:23.654365,Bills,Amazon,4587.57,Cash
2315,2025-05-07 03:00:52.925292,Shopping,Amazon,1204.67,Credit Card
2316,2025-05-07 04:19:22.196219,Bills,Swiggy,3915.0,Cash
2317,2025-05-07 05:37:51.467146,Transport,Local Store,3132.37,UPI
2318,2025-05-07 06:56:20.738073,Food,Zomato,813.4,Debit Card
2319,2025-05-07 08:14:50.009000,Shopping,Amazon,1816.02,Credit Card
2320,2025-05-07 09:33:19.279927,Education,Reliance,928.49,Credit Card
2321,2025-05-07 10:51:48.550855,Education,Local Store,1511.02,UPI
2322,2025-05-07 12:10:17.821782,Transport,Airtel,3095.74,UPI
2323,2025-05-07 13:28:47.092709,Transport,Flipkart,1907.56,Debit Card
2324,2025-05-07 14:47:16.363636,Travel,Swiggy,2000.59,Credit Card
2325,2025-05-07 16:05:45.634563,Shopping,Flipkart,2721.25,UPI
2326,2025-05-07 17:24:14.905490,Bills,Myntra,481.76,Credit Card
2327,2025-05-07 18:42:44.176417,Healthcare,Amazon,3707.05,Debit Card
2328,2025-05-07 20:01:13.447344,Education,Uber,2038.46,Cash
2329,2025-05-07 21:19:42.718271,Education,Reliance,2427.97,UPI
2330,2025-05-07 22:38:11.989198,Transport,Swiggy,4872.78,Debit Card
2331,2025-05-07 23:56:41.260126,Entertainment,Flipkart,1754.62,Cash
2332,2025-05-08 01:15:10.531053,Transport,Amazon,3258.68,Debit Card
2333,2025-05-08 02:33:39.801980,Healthcare,Uber,1992.9,UPI
2334,2025-05-08 03:52:09.072907,Bills,Uber,4476.7,Debit Card
2335,2025-05-08 05:10:38.343834,Bills,Myntra,4241.44,Credit Card
2336,2025-05-08 06:29:07.614761,Entertainment,Local Store,1246.04,UPI
2337,2025-05-08 07:47:36.885688,Education,Reliance,3474.14,Credit Card
2338,2025-05-08 09:06:06.156615,Transport,Zomato,372.6,Debit Card
2339,2025-05-08 10:24:35.427542,Travel,Reliance,4817.77,UPI
2340,2025-05-08 11:43:04.698469,Bills,Myntra,1777.5,Credit Card
2341,2025-05-08 13:01:33.969396,Healthcare,Netflix,4167.62,Credit Card
2342,2025-05-08 14:20:03.240324,Shopping,Local Store,1626.24,Credit Card
2343,2025-05-08 15:38:32.511251,Food,Swiggy,3182.22,Cash
2344,2025-05-08 16:57:01.782178,Food,Local Store,4918.77,Credit Card
2345,2025-05-08 18:15:31.053105,Food,Myntra,4389.91,Credit Card
2346,2025-05-08 19:34:00.324032,Travel,Myntra,843.81,Debit Card
2347,2025-05-08 20:52:29.594959,Education,Swiggy,2760.07,Debit Card
2348,2025-05-08 22:10:58.865886,Transport,Swiggy,1775.23,Debit Card
2349,2025-05-08 23:29:28.136813,Entertainment,Swiggy,2199.98,Debit Card
2350,2025-05-09 00:47:57.407740,Travel,Local Store,1709.16,Cash
2351,2025-05-09 02:06:26.678667,Travel,Amazon,1713.0,Debit Card
2352,2025-05-09 03:24:55.949594,Bills,Flipkart,2735.64,Debit Card
2353,2025-05-09 04:43:25.220522,Shopping,Airtel,1000.22,Debit Card
2354,2025-05-09 06:01:54.491449,Travel,Swiggy,2710.11,Credit Card
2355,2025-05-09 07:20:23.762376,Healthcare,Flipkart,1430.88,Cash
2356,2025-05-09 08:38:53.033303,Shopping,Airtel,1480.47,Debit Card
2357,2025-05-09 09:57:22.304230,Healthcare,Local Store,3706.8,Credit Card
2358,2025-05-09 11:15:51.575157,Education,Flipkart,196.49,UPI
2359,2025-05-09 12:34:20.846084,Transport,Swiggy,1935.68,Cash
2360,2025-05-09 13:52:50.117011,Food,Zomato,2067.3,Debit Card
2361,2025-05-09 15:11:19.387938,Travel,Myntra,2451.3,Credit Card
2362,2025-05-09 16:29:48.658865,Transport,Flipkart,3361.6,UPI
2363,2025-05-09 17:48:17.929792,Education,Uber,1879.95,UPI
2364,2025-05-09 19:06:47.200720,Entertainment,Uber,1105.03,Credit Card
2365,2025-05-09 20:25:16.471647,Entertainment,Flipkart,4430.12,Credit Card
2366,2025-05-09 21:43:45.742574,Education,Swiggy,4906.14,Cash
2367,2025-05-09 23:02:15.013501,Healthcare,Reliance,149.07,Credit Card
2368,2025-05-10 00:20:44.284428,Bills,Swiggy,2755.01,Debit Card
2369,2025-05-10 01:39:13.555355,Bills,Local Store,1741.43,UPI
2370,2025-05-10 02:57:42.826282,Healthcare,Swiggy,1421.1,Debit Card
2371,2025-05-10 04:16:12.097209,Entertainment,Local Store,1711.75,Debit Card
2372,2025-05-10 05:34:41.368136,Entertainment,Reliance,3212.44,Debit Card
2373,2025-05-10 06:53:10.639063,Travel,Zomato,994.04,UPI
2374,2025-05-10 08:11:39.909991,Entertainment,Local Store,4568.66,UPI
2375,2025-05-10 09:30:09.180918,Transport,Netflix,2357.27,UPI
2376,2025-05-10 10:48:38.451845,Entertainment,Uber,1661.61,Credit Card
2377,2025-05-10 12:07:07.722772,Shopping,Myntra,3839.38,Debit Card
2378,2025-05-10 13:25:36.993699,Travel,Uber,130.92,Cash
2379,2025-05-10 14:44:06.264626,Food,Local Store,2187.67,Credit Card
2380,2025-05-10 16:02:35.535553,Entertainment,Netflix,1808.75,Credit Card
2381,2025-05-10 17:21:04.806480,Healthcare,Amazon,1724.14,Cash
2382,2025-05-10 18:39:34.077407,Food,Zomato,1718.5,Debit Card
2383,2025-05-10 19:58:03.348334,Transport,Zomato,204.79,Cash
2384,2025-05-10 21:16:32.619261,Healthcare,Amazon,802.98,UPI
2385,2025-05-10 22:35:01.890189,Food,Myntra,752.33,Debit Card
2386,2025-05-10 23:53:31.161116,Healthcare,Reliance,4943.62,Credit Card
2387,2025-05-11 01:12:00.432043,Transport,Airtel,159.72,UPI
2388,2025-05-11 02:30:29.702970,Travel,Netflix,877.01,UPI
2389,2025-05-11 03:48:58.973897,Shopping,Local Store,4872.16,Credit Card
2390,2025-05-11 05:07:28.244824,Transport,Airtel,3159.87,Cash
2391,2025-05-11 06:25:57.515751,Transport,Myntra,2280.8,UPI
2392,2025-05-11 07:44:26.786678,Healthcare,Reliance,439.87,UPI
2393,2025-05-11 09:02:56.057605,Travel,Zomato,3364.82,Debit Card
2394,2025-05-11 10:21:25.328532,Education,Local Store,732.12,Debit Card
2395,2025-05-11 11:39:54.599459,Bills,Local Store,3372.37,Credit Card
2396,2025-05-11 12:58:23.870387,Entertainment,Reliance,4896.92,Credit Card
2397,2025-05-11 14:16:53.141314,Entertainment,Uber,2683.26,Credit Card
2398,2025-05-11 15:35:22.412241,Shopping,Netflix,1109.72,Cash
2399,2025-05-11 16:53:51.683168,Shopping,Reliance,3145.15,UPI
2400,2025-05-11 18:12:20.954095,Entertainment,Swiggy,2589.0,Credit Card
2401,2025-05-11 19:30:50.225022,Bills,Swiggy,2689.04,Debit Card
2402,2025-05-11 20:49:19.495949,Entertainment,Reliance,2416.63,UPI
2403,2025-05-11 22:07:48.766876,Education,Zomato,3385.02,Credit Card
2404,2025-05-11 23:26:18.037803,Bills,Reliance,2881.13,UPI
2405,2025-05-12 00:44:47.308730,Shopping,Flipkart,4935.63,UPI
2406,2025-05-12 02:03:16.579657,Food,Myntra,4138.02,UPI
2407,2025-05-12 03:21:45.850585,Healthcare,Swiggy,1360.26,Credit Card
2408,2025-05-12 04:40:15.121512,Education,Airtel,3642.49,UPI
2409,2025-05-12 05:58:44.392439,Education,Reliance,1110.79,UPI
2410,2025-05-12 07:17:13.663366,Travel,Swiggy,3922.61,UPI
2411,2025-05-12 08:35:42.934293,Shopping,Myntra,780.41,Debit Card
2412,2025-05-12 09:54:12.205220,Shopping,Myntra,2394.09,Credit Card
2413,2025-05-12 11:12:41.476147,Transport,Airtel,3963.5,Cash
2414,2025-05-12 12:31:10.747074,Education,Local Store,1436.56,Debit Card
2415,2025-05-12 13:49:40.018001,Transport,Flipkart,4193.74,UPI
2416,2025-05-12 15:08:09.288928,Transport,Reliance,3238.55,UPI
2417,2025-05-12 16:26:38.559855,Healthcare,Amazon,2017.74,Cash
2418,2025-05-12 17:45:07.830783,Transport,Reliance,2145.91,Cash
2419,2025-05-12 19:03:37.101710,Bills,Local Store,4633.66,Debit Card
2420,2025-05-12 20:22:06.372637,Entertainment,Netflix,1128.07,UPI
2421,2025-05-12 21:40:35.643564,Food,Uber,3482.14,Cash
2422,2025-05-12 22:59:04.914491,Shopping,Zomato,3551.11,Debit Card
2423,2025-05-13 00:17:34.185418,Bills,Local Store,4616.13,Cash
2424,2025-05-13 01:36:03.456345,Food,Myntra,3580.16,UPI
2425,2025-05-13 02:54:32.727272,Education,Amazon,2943.11,UPI
2426,2025-05-13 04:13:01.998199,Education,Zomato,4517.49,UPI
2427,2025-05-13 05:31:31.269126,Education,Swiggy,4154.2,UPI
2428,2025-05-13 06:50:00.540054,Bills,Reliance,3598.04,Credit Card
2429,2025-05-13 08:08:29.810981,Bills,Zomato,211.26,Credit Card
2430,2025-05-13 09:26:59.081908,Shopping,Swiggy,1898.93,Credit Card
2431,2025-05-13 10:45:28.352835,Entertainment,Uber,3177.85,Debit Card
2432,2025-05-13 12:03:57.623762,Travel,Swiggy,2635.14,Debit Card
2433,2025-05-13 13:22:26.894689,Transport,Amazon,1630.63,Cash
2434,2025-05-13 14:40:56.165616,Education,Myntra,764.9,Cash
2435,2025-05-13 15:59:25.436543,Healthcare,Local Store,2787.33,Debit Card
2436,2025-05-13 17:17:54.707470,Entertainment,Airtel,1465.29,Cash
2437,2025-05-13 18:36:23.978397,Healthcare,Local Store,1203.35,Debit Card
2438,2025-05-13 19:54:53.249324,Shopping,Local Store,2024.84,Credit Card
2439,2025-05-13 21:13:22.520252,Shopping,Swiggy,3938.18,Debit Card
2440,2025-05-13 22:31:51.791179,Shopping,Reliance,2464.87,Debit Card
2441,2025-05-13 23:50:21.062106,Food,Zomato,1121.64,Cash
2442,2025-05-14 01:08:50.333033,Healthcare,Airtel,628.67,Cash
2443,2025-05-14 02:27:19.603960,Entertainment,Airtel,2519.99,Debit Card
2444,2025-05-14 03:45:48.874887,Travel,Zomato,3982.11,UPI
2445,2025-05-14 05:04:18.145814,Entertainment,Zomato,3281.45,Cash
2446,2025-05-14 06:22:47.416741,Bills,Myntra,1199.14,Debit Card
2447,2025-05-14 07:41:16.687668,Bills,Amazon,2211.7,Cash
2448,2025-05-14 08:59:45.958595,Education,Uber,4283.39,UPI
2449,2025-05-14 10:18:15.229522,Travel,Amazon,929.4,Cash
2450,2025-05-14 11:36:44.500450,Bills,Zomato,2683.8,Debit Card
2451,2025-05-14 12:55:13.771377,Shopping,Reliance,1813.35,Debit Card
2452,2025-05-14 14:13:43.042304,Entertainment,Flipkart,664.69,UPI
2453,2025-05-14 15:32:12.313231,Healthcare,Flipkart,297.02,Debit Card
2454,2025-05-14 16:50:41.584158,Shopping,Uber,2801.56,UPI
2455,2025-05-14 18:09:10.855085,Food,Zomato,152.71,Debit Card
2456,2025-05-14 19:27:40.126012,Bills,Flipkart,562.06,Debit Card
2457,2025-05-14 20:46:09.396939,Shopping,Uber,1770.44,Cash
2458,2025-05-14 22:04:38.667866,Shopping,Airtel,265.42,Cash
2459,2025-05-14 23:23:07.938793,Food,Uber,2032.2,UPI
2460,2025-05-15 00:41:37.209720,Transport,Airtel,695.31,Cash
2461,2025-05-15 02:00:06.480648,Entertainment,Myntra,1781.87,Credit Card
2462,2025-05-15 03:18:35.751575,Healthcare,Flipkart,3966.24,UPI
2463,2025-05-15 04:37:05.022502,Education,Uber,3150.5,Credit Card
2464,2025-05-15 05:55:34.293429,Transport,Uber,2254.74,UPI
2465,2025-05-15 07:14:03.564356,Bills,Uber,504.57,Credit Card
2466,2025-05-15 08:32:32.835283,Shopping,Reliance,3114.79,Cash
2467,2025-05-15 09:51:02.106210,Travel,Uber,860.36,Cash
2468,2025-05-15 11:09:31.377137,Food,Reliance,429.1,Debit Card
2469,2025-05-15 12:28:00.648064,Food,Local Store,3336.78,Credit Card
2470,2025-05-15 13:46:29.918991,Travel,Myntra,4564.7,Debit Card
2471,2025-05-15 15:04:59.189918,Entertainment,Local Store,2329.94,UPI
2472,2025-05-15 16:23:28.460846,Transport,Netflix,252.93,Credit Card
2473,2025-05-15 17:41:57.731773,Education,Local Store,4407.47,Debit Card
2474,2025-05-15 19:00:27.002700,Entertainment,Zomato,381.52,UPI
2475,2025-05-15 20:18:56.273627,Travel,Airtel,4344.19,Credit Card
2476,2025-05-15 21:37:25.544554,Shopping,Zomato,1989.51,Debit Card
2477,2025-05-15 22:55:54.815481,Travel,Amazon,1858.7,Credit Card
2478,2025-05-16 00:14:24.086408,Entertainment,Local Store,2736.85,Credit Card
2479,2025-05-16 01:32:53.357335,Healthcare,Flipkart,4787.57,Debit Card
2480,2025-05-16 02:51:22.628262,Food,Swiggy,4498.77,Cash
2481,2025-05-16 04:09:51.899189,Food,Local Store,2378.13,Cash
2482,2025-05-16 05:28:21.170117,Bills,Myntra,3494.32,Debit Card
2483,2025-05-16 06:46:50.441044,Bills,Local Store,2923.12,UPI
2484,2025-05-16 08:05:19.711971,Travel,Reliance,3482.63,Debit Card
2485,2025-05-16 09:23:48.982898,Education,Amazon,4155.17,Debit Card
2486,2025-05-16 10:42:18.253825,Shopping,Uber,220.74,Credit Card
2487,2025-05-16 12:00:47.524752,Healthcare,Amazon,1662.51,Cash
2488,2025-05-16 13:19:16.795679,Transport,Amazon,4798.68,Cash
2489,2025-05-16 14:37:46.066606,Entertainment,Airtel,4749.21,Cash
2490,2025-05-16 15:56:15.337533,Education,Swiggy,105.54,Cash
2491,2025-05-16 17:14:44.608460,Shopping,Amazon,1047.13,Debit Card
2492,2025-05-16 18:33:13.879387,Bills,Airtel,4969.16,Credit Card
2493,2025-05-16 19:51:43.150315,Travel,Uber,2489.48,Cash
2494,2025-05-16 21:10:12.421242,Entertainment,Zomato,2885.69,Cash
2495,2025-05-16 22:28:41.692169,Bills,Uber,873.78,Credit Card
2496,2025-05-16 23:47:10.963096,Travel,Flipkart,4476.96,Debit Card
2497,2025-05-17 01:05:40.234023,Entertainment,Amazon,1194.76,Debit Card
2498,2025-05-17 02:24:09.504950,Transport,Amazon,988.76,Debit Card
2499,2025-05-17 03:42:38.775877,Shopping,Zomato,1179.21,Cash
2500,2025-05-17 05:01:08.046804,Entertainment,Myntra,4602.13,Cash
2501,2025-05-17 06:19:37.317731,Healthcare,Amazon,3529.09,Cash
2502,2025-05-17 07:38:06.588658,Education,Swiggy,3854.55,Debit Card
2503,2025-05-17 08:56:35.859585,Food,Netflix,1916.33,Cash
2504,2025-05-17 10:15:05.130513,Healthcare,Amazon,4550.43,UPI
2505,2025-05-17 11:33:34.401440,Healthcare,Netflix,3957.57,Credit Card
2506,2025-05-17 12:52:03.672367,Education,Uber,3765.46,UPI
2507,2025-05-17 14:10:32.943294,Food,Local Store,4856.15,UPI
2508,2025-05-17 15:29:02.214221,Healthcare,Myntra,1862.67,Cash
2509,2025-05-17 16:47:31.485148,Entertainment,Airtel,3074.32,Credit Card
2510,2025-05-17 18:06:00.756075,Entertainment,Reliance,4554.15,UPI
2511,2025-05-17 19:24:30.027002,Entertainment,Myntra,3964.9,Debit Card
2512,2025-05-17 20:42:59.297929,Food,Reliance,2838.73,Debit Card
2513,2025-05-17 22:01:28.568856,Healthcare,Uber,427.26,Debit Card
2514,2025-05-17 23:19:57.839783,Travel,Myntra,3280.98,Debit Card
2515,2025-05-18 00:38:27.110711,Food,Airtel,2656.45,Credit Card
2516,2025-05-18 01:56:56.381638,Entertainment,Reliance,961.69,Debit Card
2517,2025-05-18 03:15:25.652565,Education,Zomato,4417.15,Credit Card
2518,2025-05-18 04:33:54.923492,Healthcare,Swiggy,1749.08,Credit Card
2519,2025-05-18 05:52:24.194419,Healthcare,Myntra,1968.03,Credit Card
2520,2025-05-18 07:10:53.465346,Bills,Uber,3378.39,Credit Card
2521,2025-05-18 08:29:22.736273,Bills,Amazon,2469.55,Cash
2522,2025-05-18 09:47:52.007200,Transport,Airtel,491.94,UPI
2523,2025-05-18 11:06:21.278127,Travel,Reliance,1967.84,Cash
2524,2025-05-18 12:24:50.549054,Travel,Reliance,517.61,UPI
2525,2025-05-18 13:43:19.819981,Shopping,Swiggy,994.21,Cash
2526,2025-05-18 15:01:49.090909,Travel,Reliance,85.51,Debit Card
2527,2025-05-18 16:20:18.361836,Bills,Netflix,947.5,Credit Card
2528,2025-05-18 17:38:47.632763,Food,Flipkart,1685.71,Debit Card
2529,2025-05-18 18:57:16.903690,Travel,Netflix,2714.18,Debit Card
2530,2025-05-18 20:15:46.174617,Bills,Reliance,4600.42,Debit Card
2531,2025-05-18 21:34:15.445544,Transport,Airtel,2724.62,Cash
2532,2025-05-18 22:52:44.716471,Healthcare,Myntra,3542.74,Debit Card
2533,2025-05-19 00:11:13.987398,Travel,Uber,1820.5,Credit Card
2534,2025-05-19 01:29:43.258325,Transport,Amazon,3770.57,Credit Card
2535,2025-05-19 02:48:12.529252,Healthcare,Myntra,3121.32,UPI
2536,2025-05-19 04:06:41.800180,Education,Zomato,2325.98,Cash
2537,2025-05-19 05:25:11.071107,Education,Myntra,1009.16,Credit Card
2538,2025-05-19 06:43:40.342034,Healthcare,Myntra,1552.53,Credit Card
2539,2025-05-19 08:02:09.612961,Travel,Uber,3123.68,Cash
2540,2025-05-19 09:20:38.883888,Shopping,Swiggy,2158.98,Debit Card
2541,2025-05-19 10:39:08.154815,Bills,Reliance,4452.46,Credit Card
2542,2025-05-19 11:57:37.425742,Food,Swiggy,1212.46,Debit Card
2543,2025-05-19 13:16:06.696669,Food,Zomato,411.71,Credit Card
2544,2025-05-19 14:34:35.967596,Entertainment,Local Store,2967.28,UPI
2545,2025-05-19 15:53:05.238523,Healthcare,Amazon,4435.95,Debit Card
2546,2025-05-19 17:11:34.509450,Food,Netflix,1855.46,Credit Card
2547,2025-05-19 18:30:03.780378,Travel,Amazon,3256.17,Cash
2548,2025-05-19 19:48:33.051305,Shopping,Reliance,1195.49,Cash
2549,2025-05-19 21:07:02.322232,Healthcare,Amazon,2814.44,Cash
2550,2025-05-19 22:25:31.593159,Shopping,Flipkart,3944.62,Credit Card
2551,2025-05-19 23:44:00.864086,Travel,Netflix,4341.81,Debit Card
2552,2025-05-20 01:02:30.135013,Food,Zomato,570.34,UPI
2553,2025-05-20 02:20:59.405940,Food,Reliance,1814.05,UPI
2554,2025-05-20 03:39:28.676867,Entertainment,Airtel,3216.24,Credit Card
2555,2025-05-20 04:57:57.947794,Food,Zomato,221.88,Credit Card
2556,2025-05-20 06:16:27.218721,Healthcare,Flipkart,3468.55,Credit Card
2557,2025-05-20 07:34:56.489648,Travel,Netflix,2663.77,Debit Card
2558,2025-05-20 08:53:25.760576,Education,Uber,1478.4,Cash
2559,2025-05-20 10:11:55.031503,Travel,Flipkart,4082.54,Debit Card
2560,2025-05-20 11:30:24.302430,Healthcare,Zomato,1485.75,Debit Card
2561,2025-05-20 12:48:53.573357,Healthcare,Reliance,4957.5,Credit Card
2562,2025-05-20 14:07:22.844284,Entertainment,Local Store,4091.03,UPI
2563,2025-05-20 15:25:52.115211,Entertainment,Reliance,3554.5,Debit Card
2564,2025-05-20 16:44:21.386138,Food,Netflix,353.67,UPI
2565,2025-05-20 18:02:50.657065,Transport,Local Store,4526.34,Credit Card
2566,2025-05-20 19:21:19.927992,Travel,Swiggy,3960.77,Debit Card
2567,2025-05-20 20:39:49.198919,Travel,Netflix,1183.67,Cash
2568,2025-05-20 21:58:18.469846,Transport,Netflix,1991.63,Cash
2569,2025-05-20 23:16:47.740774,Entertainment,Flipkart,1379.73,Debit Card
2570,2025-05-21 00:35:17.011701,Food,Reliance,4922.86,Cash
2571,2025-05-21 01:53:46.282628,Transport,Zomato,4278.27,Debit Card
2572,2025-05-21 03:12:15.553555,Food,Uber,4654.62,Cash
2573,2025-05-21 04:30:44.824482,Food,Amazon,3954.43,Credit Card
2574,2025-05-21 05:49:14.095409,Food,Myntra,2308.92,Cash
2575,2025-05-21 07:07:43.366336,Bills,Uber,1066.9,Cash
2576,2025-05-21 08:26:12.637263,Healthcare,Amazon,1080.0,Credit Card
2577,2025-05-21 09:44:41.908190,Food,Swiggy,800.83,Credit Card
2578,2025-05-21 11:03:11.179117,Bills,Zomato,2755.92,Cash
2579,2025-05-21 12:21:40.450045,Entertainment,Reliance,4603.83,UPI
2580,2025-05-21 13:40:09.720972,Transport,Airtel,4959.4,UPI
2581,2025-05-21 14:58:38.991899,Healthcare,Netflix,1472.13,Debit Card
2582,2025-05-21 16:17:08.262826,Education,Uber,3501.71,Cash
2583,2025-05-21 17:35:37.533753,Transport,Amazon,3005.64,Debit Card
2584,2025-05-21 18:54:06.804680,Healthcare,Airtel,2470.23,Credit Card
2585,2025-05-21 20:12:36.075607,Education,Uber,3345.55,Cash
2586,2025-05-21 21:31:05.346534,Transport,Zomato,1888.25,Credit Card
2587,2025-05-21 22:49:34.617461,Healthcare,Reliance,4725.2,Cash
2588,2025-05-22 00:08:03.888388,Transport,Local Store,3541.97,Cash
2589,2025-05-22 01:26:33.159315,Transport,Uber,3783.3,Credit Card
2590,2025-05-22 02:45:02.430243,Education,Uber,1249.99,Cash
2591,2025-05-22 04:03:31.701170,Transport,Reliance,884.48,Cash
2592,2025-05-22 05:22:00.972097,Transport,Swiggy,2001.99,Debit Card
2593,2025-05-22 06:40:30.243024,Education,Flipkart,3845.03,Credit Card
2594,2025-05-22 07:58:59.513951,Entertainment,Uber,4697.04,UPI
2595,2025-05-22 09:17:28.784878,Food,Reliance,2165.28,UPI
2596,2025-05-22 10:35:58.055805,Travel,Flipkart,3882.08,Cash
2597,2025-05-22 11:54:27.326732,Shopping,Reliance,2378.52,Debit Card
2598,2025-05-22 13:12:56.597659,Bills,Reliance,1511.38,Cash
2599,2025-05-22 14:31:25.868586,Shopping,Swiggy,3709.36,Debit Card
2600,2025-05-22 15:49:55.139513,Shopping,Reliance,4001.1,Cash
2601,2025-05-22 17:08:24.410441,Healthcare,Zomato,1054.06,UPI
2602,2025-05-22 18:26:53.681368,Food,Uber,1560.59,Credit Card
2603,2025-05-22 19:45:22.952295,Healthcare,Amazon,2499.15,Debit Card
2604,2025-05-22 21:03:52.223222,Food,Amazon,973.28,Cash
2605,2025-05-22 22:22:21.494149,Education,Amazon,4647.73,Cash
2606,2025-05-22 23:40:50.765076,Education,Reliance,2977.1,Debit Card
2607,2025-05-23 00:59:20.036003,Travel,Airtel,649.96,Debit Card
2608,2025-05-23 02:17:49.306930,Food,Flipkart,960.95,UPI
2609,2025-05-23 03:36:18.577857,Transport,Flipkart,4774.06,Debit Card
2610,2025-05-23 04:54:47.848784,Entertainment,Reliance,3703.93,Cash
2611,2025-05-23 06:13:17.119711,Travel,Zomato,3685.31,UPI
2612,2025-05-23 07:31:46.390639,Travel,Zomato,408.87,UPI
2613,2025-05-23 08:50:15.661566,Transport,Netflix,4481.73,Credit Card
2614,2025-05-23 10:08:44.932493,Entertainment,Reliance,2246.49,Credit Card
2615,2025-05-23 11:27:14.203420,Healthcare,Myntra,3315.6,Credit Card
2616,2025-05-23 12:45:43.474347,Entertainment,Swiggy,4800.46,Debit Card
2617,2025-05-23 14:04:12.745274,Healthcare,Amazon,545.06,UPI
2618,2025-05-23 15:22:42.016201,Education,Swiggy,2437.27,Debit Card
2619,2025-05-23 16:41:11.287128,Shopping,Amazon,295.58,UPI
2620,2025-05-23 17:59:40.558055,Education,Local Store,2522.75,Cash
2621,2025-05-23 19:18:09.828982,Education,Local Store,1298.68,Debit Card
2622,2025-05-23 20:36:39.099909,Shopping,Reliance,4559.77,UPI
2623,2025-05-23 21:55:08.370837,Entertainment,Local Store,2022.54,Credit Card
2624,2025-05-23 23:13:37.641764,Travel,Airtel,24010.57,Credit Card
2625,2025-05-24 00:32:06.912691,Entertainment,Netflix,4308.42,Cash
2626,2025-05-24 01:50:36.183618,Healthcare,Zomato,4919.27,Debit Card
2627,2025-05-24 03:09:05.454545,Transport,Airtel,2543.91,UPI
2628,2025-05-24 04:27:34.725472,Healthcare,Swiggy,2306.0,Credit Card
2629,2025-05-24 05:46:03.996399,Transport,Swiggy,424.91,UPI
2630,2025-05-24 07:04:33.267326,Education,Local Store,113.06,Debit Card
2631,2025-05-24 08:23:02.538253,Shopping,Zomato,3063.57,Credit Card
2632,2025-05-24 09:41:31.809180,Education,Netflix,374.05,Cash
2633,2025-05-24 11:00:01.080108,Food,Amazon,1932.88,Cash
2634,2025-05-24 12:18:30.351035,Entertainment,Airtel,67.85,Debit Card
2635,2025-05-24 13:36:59.621962,Transport,Netflix,3095.38,Debit Card
2636,2025-05-24 14:55:28.892889,Healthcare,Uber,2155.81,UPI
2637,2025-05-24 16:13:58.163816,Shopping,Flipkart,678.75,Cash
2638,2025-05-24 17:32:27.434743,Transport,Local Store,1517.02,Debit Card
2639,2025-05-24 18:50:56.705670,Healthcare,Amazon,2869.82,Debit Card
2640,2025-05-24 20:09:25.976597,Entertainment,Uber,3300.73,Cash
2641,2025-05-24 21:27:55.247524,Education,Amazon,2338.56,UPI
2642,2025-05-24 22:46:24.518451,Entertainment,Amazon,4029.6,UPI
2643,2025-05-25 00:04:53.789378,Bills,Local Store,606.58,Cash
2644,2025-05-25 01:23:23.060306,Food,Amazon,468.5,Cash
2645,2025-05-25 02:41:52.331233,Bills,Netflix,269.01,Cash
2646,2025-05-25 04:00:21.602160,Shopping,Netflix,2702.35,Cash
2647,2025-05-25 05:18:50.873087,Transport,Uber,3545.85,Cash
2648,2025-05-25 06:37:20.144014,Shopping,Swiggy,696.08,Debit Card
2649,2025-05-25 07:55:49.414941,Education,Zomato,3212.78,Credit Card
2650,2025-05-25 09:14:18.685868,Healthcare,Airtel,2410.89,Cash
2651,2025-05-25 10:32:47.956795,Entertainment,Airtel,4937.36,Credit Card
2652,2025-05-25 11:51:17.227722,Bills,Myntra,3601.49,UPI
2653,2025-05-25 13:09:46.498649,Travel,Local Store,3304.49,Debit Card
2654,2025-05-25 14:28:15.769576,Bills,Reliance,2873.73,Credit Card
2655,2025-05-25 15:46:45.040504,Education,Reliance,4986.96,UPI
2656,2025-05-25 17:05:14.311431,Bills,Uber,4903.27,UPI
2657,2025-05-25 18:23:43.582358,Education,Amazon,2713.67,UPI
2658,2025-05-25 19:42:12.853285,Travel,Amazon,2303.16,Cash
2659,2025-05-25 21:00:42.124212,Shopping,Local Store,2337.47,Debit Card
2660,2025-05-25 22:19:11.395139,Entertainment,Flipkart,2170.29,UPI
2661,2025-05-25 23:37:40.666066,Transport,Swiggy,2680.42,Cash
2662,2025-05-26 00:56:09.936993,Healthcare,Myntra,1404.24,Credit Card
2663,2025-05-26 02:14:39.207920,Transport,Netflix,4637.6,Debit Card
2664,2025-05-26 03:33:08.478847,Shopping,Amazon,2476.64,Credit Card
2665,2025-05-26 04:51:37.749774,Healthcare,Myntra,4217.94,Credit Card
2666,2025-05-26 06:10:07.020702,Bills,Airtel,2402.75,Cash
2667,2025-05-26 07:28:36.291629,Travel,Flipkart,3605.54,Credit Card
2668,2025-05-26 08:47:05.562556,Travel,Netflix,1717.57,Debit Card
2669,2025-05-26 10:05:34.833483,Food,Local Store,3142.79,Credit Card
2670,2025-05-26 11:24:04.104410,Shopping,Myntra,2516.94,Cash
2671,2025-05-26 12:42:33.375337,Shopping,Uber,1867.22,UPI
2672,2025-05-26 14:01:02.646264,Entertainment,Netflix,4413.7,Cash
2673,2025-05-26 15:19:31.917191,Transport,Local Store,607.92,UPI
2674,2025-05-26 16:38:01.188118,Shopping,Reliance,2460.27,Credit Card
2675,2025-05-26 17:56:30.459045,Shopping,Local Store,1012.13,UPI
2676,2025-05-26 19:14:59.729972,Bills,Local Store,4312.22,Cash
2677,2025-05-26 20:33:29.000900,Bills,Netflix,1304.67,Cash
2678,2025-05-26 21:51:58.271827,Healthcare,Flipkart,3185.48,Debit Card
2679,2025-05-26 23:10:27.542754,Education,Netflix,869.54,Debit Card
2680,2025-05-27 00:28:56.813681,Education,Zomato,2054.32,UPI
2681,2025-05-27 01:47:26.084608,Food,Swiggy,4501.82,UPI
2682,2025-05-27 03:05:55.355535,Education,Flipkart,872.02,Debit Card
2683,2025-05-27 04:24:24.626462,Entertainment,Uber,3332.82,Credit Card
2684,2025-05-27 05:42:53.897389,Food,Flipkart,1062.33,Debit Card
2685,2025-05-27 07:01:23.168316,Healthcare,Airtel,2107.96,Credit Card
2686,2025-05-27 08:19:52.439243,Bills,Uber,2726.05,UPI
2687,2025-05-27 09:38:21.710171,Education,Reliance,2907.67,UPI
2688,2025-05-27 10:56:50.981098,Transport,Netflix,3032.43,Cash
2689,2025-05-27 12:15:20.252025,Bills,Local Store,3218.65,Cash
2690,2025-05-27 13:33:49.522952,Travel,Netflix,1395.26,Credit Card
2691,2025-05-27 14:52:18.793879,Entertainment,Airtel,2036.77,Credit Card
2692,2025-05-27 16:10:48.064806,Bills,Myntra,234.73,Debit Card
2693,2025-05-27 17:29:17.335733,Entertainment,Airtel,3855.35,Credit Card
2694,2025-05-27 18:47:46.606660,Entertainment,Zomato,4193.64,UPI
2695,2025-05-27 20:06:15.877587,Entertainment,Local Store,1036.22,UPI
2696,2025-05-27 21:24:45.148514,Healthcare,Local Store,1047.15,UPI
2697,2025-05-27 22:43:14.419441,Entertainment,Amazon,258.08,Cash
2698,2025-05-28 00:01:43.690369,Entertainment,Myntra,4853.4,Credit Card
2699,2025-05-28 01:20:12.961296,Travel,Amazon,4045.57,Credit Card
2700,2025-05-28 02:38:42.232223,Transport,Reliance,1835.48,Cash
2701,2025-05-28 03:57:11.503150,Food,Swiggy,2435.45,Cash
2702,2025-05-28 05:15:40.774077,Shopping,Swiggy,1495.24,Cash
2703,2025-05-28 06:34:10.045004,Travel,Netflix,3006.36,UPI
2704,2025-05-28 07:52:39.315931,Food,Swiggy,3600.68,Credit Card
2705,2025-05-28 09:11:08.586858,Entertainment,Local Store,2264.47,Debit Card
2706,2025-05-28 10:29:37.857785,Transport,Airtel,4374.29,Debit Card
2707,2025-05-28 11:48:07.128712,Bills,Myntra,2609.28,Credit Card
2708,2025-05-28 13:06:36.399639,Transport,Netflix,764.05,Credit Card
2709,2025-05-28 14:25:05.670567,Travel,Netflix,3130.34,Cash
2710,2025-05-28 15:43:34.941494,Entertainment,Myntra,2338.04,Cash
2711,2025-05-28 17:02:04.212421,Transport,Local Store,4681.58,UPI
2712,2025-05-28 18:20:33.483348,Education,Reliance,1989.87,Cash
2713,2025-05-28 19:39:02.754275,Transport,Reliance,2044.19,Credit Card
2714,2025-05-28 20:57:32.025202,Entertainment,Netflix,3271.33,UPI
2715,2025-05-28 22:16:01.296129,Healthcare,Reliance,2658.58,Debit Card
2716,2025-05-28 23:34:30.567056,Education,Local Store,1903.53,Credit Card
2717,2025-05-29 00:52:59.837983,Transport,Zomato,4949.38,Debit Card
2718,2025-05-29 02:11:29.108910,Shopping,Zomato,1545.82,Credit Card
2719,2025-05-29 03:29:58.379837,Shopping,Amazon,1423.77,Credit Card
2720,2025-05-29 04:48:27.650765,Transport,Flipkart,4328.92,UPI
2721,2025-05-29 06:06:56.921692,Healthcare,Uber,66.7,UPI
2722,2025-05-29 07:25:26.192619,Bills,Swiggy,1046.2,Cash
2723,2025-05-29 08:43:55.463546,Entertainment,Reliance,2972.71,Credit Card
2724,2025-05-29 10:02:24.734473,Shopping,Zomato,854.13,Credit Card
2725,2025-05-29 11:20:54.005400,Bills,Airtel,4929.73,UPI
2726,2025-05-29 12:39:23.276327,Transport,Myntra,2347.77,Debit Card
2727,2025-05-29 13:57:52.547254,Travel,Flipkart,3006.95,Cash
2728,2025-05-29 15:16:21.818181,Bills,Amazon,843.85,Credit Card
2729,2025-05-29 16:34:51.089108,Education,Uber,1482.42,UPI
2730,2025-05-29 17:53:20.360036,Food,Zomato,3092.39,Credit Card
2731,2025-05-29 19:11:49.630963,Shopping,Amazon,2770.29,UPI
2732,2025-05-29 20:30:18.901890,Transport,Flipkart,3932.6,Cash
2733,2025-05-29 21:48:48.172817,Travel,Myntra,1382.7,Debit Card
2734,2025-05-29 23:07:17.443744,Entertainment,Swiggy,3285.03,Credit Card
2735,2025-05-30 00:25:46.714671,Travel,Zomato,1490.33,Credit Card
2736,2025-05-30 01:44:15.985598,Healthcare,Myntra,2954.43,Cash
2737,2025-05-30 03:02:45.256525,Education,Uber,3044.9,Debit Card
2738,2025-05-30 04:21:14.527452,Transport,Reliance,653.1,Credit Card
2739,2025-05-30 05:39:43.798379,Entertainment,Flipkart,2765.73,Cash
2740,2025-05-30 06:58:13.069306,Healthcare,Uber,109.09,Credit Card
2741,2025-05-30 08:16:42.340234,Healthcare,Swiggy,2530.99,Credit Card
2742,2025-05-30 09:35:11.611161,Transport,Myntra,3502.73,Cash
2743,2025-05-30 10:53:40.882088,Education,Local Store,410.52,Cash
2744,2025-05-30 12:12:10.153015,Bills,Swiggy,4696.62,UPI
2745,2025-05-30 13:30:39.423942,Bills,Netflix,2320.84,UPI
2746,2025-05-30 14:49:08.694869,Healthcare,Zomato,4695.16,Credit Card
2747,2025-05-30 16:07:37.965796,Bills,Reliance,581.62,Cash
2748,2025-05-30 17:26:07.236723,Food,Flipkart,4752.02,Debit Card
2749,2025-05-30 18:44:36.507650,Healthcare,Airtel,590.53,Debit Card
2750,2025-05-30 20:03:05.778577,Healthcare,Myntra,2334.4,Credit Card
2751,2025-05-30 21:21:35.049504,Entertainment,Local Store,4693.06,UPI
2752,2025-05-30 22:40:04.320432,Bills,Airtel,1201.91,Cash
2753,2025-05-30 23:58:33.591359,Education,Zomato,222.19,Cash
2754,2025-05-31 01:17:02.862286,Healthcare,Zomato,3975.9,UPI
2755,2025-05-31 02:35:32.133213,Travel,Flipkart,2999.62,Cash
2756,2025-05-31 03:54:01.404140,Education,Local Store,2593.91,Credit Card
2757,2025-05-31 05:12:30.675067,Food,Zomato,220.0,Cash
2758,2025-05-31 06:30:59.945994,Entertainment,Airtel,3283.49,Cash
2759,2025-05-31 07:49:29.216921,Transport,Local Store,899.54,UPI
2760,2025-05-31 09:07:58.487848,Education,Airtel,4659.42,UPI
2761,2025-05-31 10:26:27.758775,Healthcare,Swiggy,3444.35,Debit Card
2762,2025-05-31 11:44:57.029702,Food,Uber,3549.82,Credit Card
2763,2025-05-31 13:03:26.300630,Shopping,Local Store,1201.27,UPI
2764,2025-05-31 14:21:55.571557,Food,Amazon,4409.73,UPI
2765,2025-05-31 15:40:24.842484,Food,Uber,2711.78,UPI
2766,2025-05-31 16:58:54.113411,Entertainment,Uber,4292.57,Cash
2767,2025-05-31 18:17:23.384338,Transport,Local Store,1391.19,Credit Card
2768,2025-05-31 19:35:52.655265,Shopping,Reliance,3789.54,Credit Card
2769,2025-05-31 20:54:21.926192,Bills,Zomato,2894.11,Cash
2770,2025-05-31 22:12:51.197119,Bills,Swiggy,289.68,Cash
2771,2025-05-31 23:31:20.468046,Education,Reliance,2056.44,UPI
2772,2025-06-01 00:49:49.738973,Food,Reliance,960.36,Debit Card
2773,2025-06-01 02:08:19.009900,Travel,Amazon,1827.91,Debit Card
2774,2025-06-01 03:26:48.280828,Entertainment,Myntra,1947.59,Credit Card
2775,2025-06-01 04:45:17.551755,Travel,Local Store,2400.9,Debit Card
2776,2025-06-01 06:03:46.822682,Entertainment,Airtel,3021.44,UPI
2777,2025-06-01 07:22:16.093609,Bills,Zomato,2876.34,Cash
2778,2025-06-01 08:40:45.364536,Education,Reliance,243.01,Credit Card
2779,2025-06-01 09:59:14.635463,Education,Swiggy,3765.91,Credit Card
2780,2025-06-01 11:17:43.906390,Education,Myntra,4748.46,Cash
2781,2025-06-01 12:36:13.177317,Shopping,Amazon,1775.97,Debit Card
2782,2025-06-01 13:54:42.448244,Transport,Netflix,939.75,Credit Card
2783,2025-06-01 15:13:11.719171,Shopping,Zomato,2723.01,Cash
2784,2025-06-01 16:31:40.990099,Healthcare,Netflix,3539.32,Cash
2785,2025-06-01 17:50:10.261026,Healthcare,Uber,3410.58,Debit Card
2786,2025-06-01 19:08:39.531953,Travel,Reliance,3079.94,Debit Card
2787,2025-06-01 20:27:08.802880,Transport,Flipkart,773.85,UPI
2788,2025-06-01 21:45:38.073807,Bills,Zomato,4192.28,Debit Card
2789,2025-06-01 23:04:07.344734,Transport,Airtel,2156.83,Debit Card
2790,2025-06-02 00:22:36.615661,Entertainment,Myntra,1146.27,Cash
2791,2025-06-02 01:41:05.886588,Healthcare,Swiggy,477.02,Credit Card
2792,2025-06-02 02:59:35.157515,Food,Zomato,11887.17,Cash
2793,2025-06-02 04:18:04.428442,Food,Airtel,3108.97,UPI
2794,2025-06-02 05:36:33.699369,Bills,Local Store,3343.62,Cash
2795,2025-06-02 06:55:02.970297,Entertainment,Netflix,4815.55,UPI
2796,2025-06-02 08:13:32.241224,Travel,Local Store,808.08,Debit Card
2797,2025-06-02 09:32:01.512151,Shopping,Myntra,4929.58,Credit Card
2798,2025-06-02 10:50:30.783078,Entertainment,Amazon,3290.65,Credit Card
2799,2025-06-02 12:09:00.054005,Food,Reliance,2298.43,Cash
2800,2025-06-02 13:27:29.324932,Food,Zomato,4446.56,Credit Card
2801,2025-06-02 14:45:58.595859,Travel,Flipkart,3487.67,UPI
2802,2025-06-02 16:04:27.866786,Healthcare,Netflix,1776.15,UPI
2803,2025-06-02 17:22:57.137713,Entertainment,Netflix,4426.22,Debit Card
2804,2025-06-02 18:41:26.408640,Entertainment,Zomato,3349.75,Cash
2805,2025-06-02 19:59:55.679567,Food,Uber,3509.24,Debit Card
2806,2025-06-02 21:18:24.950495,Shopping,Local Store,4487.13,Credit Card
2807,2025-06-02 22:36:54.221422,Bills,Netflix,2269.66,Debit Card
2808,2025-06-02 23:55:23.492349,Education,Airtel,3301.68,Credit Card
2809,2025-06-03 01:13:52.763276,Bills,Swiggy,3736.21,UPI
2810,2025-06-03 02:32:22.034203,Entertainment,Reliance,2297.0,Cash
2811,2025-06-03 03:50:51.305130,Bills,Netflix,463.09,Cash
2812,2025-06-03 05:09:20.576057,Food,Airtel,3868.63,Debit Card
2813,2025-06-03 06:27:49.846984,Food,Myntra,286.69,Credit Card
2814,2025-06-03 07:46:19.117911,Travel,Myntra,3603.68,UPI
2815,2025-06-03 09:04:48.388838,Entertainment,Reliance,4558.83,Credit Card
2816,2025-06-03 10:23:17.659765,Travel,Uber,1767.5,Debit Card
2817,2025-06-03 11:41:46.930693,Entertainment,Flipkart,555.21,Credit Card
2818,2025-06-03 13:00:16.201620,Education,Reliance,1202.68,UPI
2819,2025-06-03 14:18:45.472547,Education,Amazon,2833.29,Debit Card
2820,2025-06-03 15:37:14.743474,Healthcare,Uber,4716.17,UPI
2821,2025-06-03 16:55:44.014401,Entertainment,Netflix,2585.8,Debit Card
2822,2025-06-03 18:14:13.285328,Shopping,Reliance,608.05,Cash
2823,2025-06-03 19:32:42.556255,Bills,Local Store,3157.53,Credit Card
2824,2025-06-03 20:51:11.827182,Entertainment,Myntra,3677.58,UPI
2825,2025-06-03 22:09:41.098109,Transport,Airtel,1996.75,UPI
2826,2025-06-03 23:28:10.369036,Healthcare,Reliance,3621.49,Credit Card
2827,2025-06-04 00:46:39.639963,Transport,Local Store,1657.87,UPI
2828,2025-06-04 02:05:08.910891,Food,Uber,3956.0,UPI
2829,2025-06-04 03:23:38.181818,Education,Amazon,1738.31,UPI
2830,2025-06-04 04:42:07.452745,Bills,Airtel,1317.73,Cash
2831,2025-06-04 06:00:36.723672,Entertainment,Swiggy,4401.95,UPI
2832,2025-06-04 07:19:05.994599,Transport,Amazon,2764.94,Cash
2833,2025-06-04 08:37:35.265526,Bills,Netflix,1461.52,Credit Card
2834,2025-06-04 09:56:04.536453,Food,Local Store,4678.68,Cash
2835,2025-06-04 11:14:33.807380,Education,Reliance,3469.71,UPI
2836,2025-06-04 12:33:03.078307,Shopping,Reliance,1142.47,UPI
2837,2025-06-04 13:51:32.349234,Healthcare,Zomato,3092.48,UPI
2838,2025-06-04 15:10:01.620162,Bills,Myntra,4358.28,Cash
2839,2025-06-04 16:28:30.891089,Bills,Netflix,3495.96,Debit Card
2840,2025-06-04 17:47:00.162016,Shopping,Local Store,1261.56,Debit Card
2841,2025-06-04 19:05:29.432943,Bills,Reliance,3261.8,Credit Card
2842,2025-06-04 20:23:58.703870,Food,Swiggy,3114.84,Credit Card
2843,2025-06-04 21:42:27.974797,Food,Airtel,4113.18,Credit Card
2844,2025-06-04 23:00:57.245724,Shopping,Netflix,931.76,UPI
2845,2025-06-05 00:19:26.516651,Healthcare,Uber,3513.19,Debit Card
2846,2025-06-05 01:37:55.787578,Entertainment,Swiggy,185.48,Debit Card
2847,2025-06-05 02:56:25.058505,Transport,Airtel,3496.07,Credit Card
2848,2025-06-05 04:14:54.329432,Entertainment,Flipkart,4804.16,Debit Card
2849,2025-06-05 05:33:23.600360,Bills,Myntra,913.22,Credit Card
2850,2025-06-05 06:51:52.871287,Transport,Netflix,1590.93,UPI
2851,2025-06-05 08:10:22.142214,Travel,Local Store,2935.21,Debit Card
2852,2025-06-05 09:28:51.413141,Shopping,Amazon,3675.36,UPI
2853,2025-06-05 10:47:20.684068,Shopping,Airtel,1754.64,UPI
2854,2025-06-05 12:05:49.954995,Healthcare,Uber,3338.08,Debit Card
2855,2025-06-05 13:24:19.225922,Transport,Reliance,4501.43,Cash
2856,2025-06-05 14:42:48.496849,Food,Amazon,3646.47,Credit Card
2857,2025-06-05 16:01:17.767776,Transport,Swiggy,3569.56,Debit Card
2858,2025-06-05 17:19:47.038703,Bills,Myntra,1940.75,UPI
2859,2025-06-05 18:38:16.309630,Food,Local Store,4561.58,Credit Card
2860,2025-06-05 19:56:45.580558,Education,Amazon,1422.75,UPI
2861,2025-06-05 21:15:14.851485,Education,Uber,1066.14,Credit Card
2862,2025-06-05 22:33:44.122412,Travel,Airtel,1852.91,Debit Card
2863,2025-06-05 23:52:13.393339,Education,Local Store,3268.27,UPI
2864,2025-06-06 01:10:42.664266,Shopping,Flipkart,4315.31,Credit Card
2865,2025-06-06 02:29:11.935193,Transport,Reliance,703.79,Credit Card
2866,2025-06-06 03:47:41.206120,Education,Myntra,4078.32,Debit Card
2867,2025-06-06 05:06:10.477047,Entertainment,Amazon,4073.48,Credit Card
2868,2025-06-06 06:24:39.747974,Healthcare,Myntra,2955.25,Credit Card
2869,2025-06-06 07:43:09.018901,Entertainment,Myntra,3815.21,UPI
2870,2025-06-06 09:01:38.289828,Education,Myntra,950.31,Debit Card
2871,2025-06-06 10:20:07.560756,Travel,Airtel,889.45,Debit Card
2872,2025-06-06 11:38:36.831683,Healthcare,Myntra,4320.86,UPI
2873,2025-06-06 12:57:06.102610,Bills,Flipkart,2515.83,Cash
2874,2025-06-06 14:15:35.373537,Entertainment,Swiggy,1267.39,UPI
2875,2025-06-06 15:34:04.644464,Travel,Uber,3459.22,UPI
2876,2025-06-06 16:52:33.915391,Transport,Local Store,4464.78,Cash
2877,2025-06-06 18:11:03.186318,Transport,Flipkart,3180.0,Credit Card
2878,2025-06-06 19:29:32.457245,Entertainment,Local Store,1769.36,Debit Card
2879,2025-06-06 20:48:01.728172,Education,Uber,2442.03,Debit Card
2880,2025-06-06 22:06:30.999099,Travel,Swiggy,3773.73,Cash
2881,2025-06-06 23:25:00.270027,Transport,Netflix,384.13,Debit Card
2882,2025-06-07 00:43:29.540954,Bills,Local Store,1124.96,Cash
2883,2025-06-07 02:01:58.811881,Food,Local Store,2339.79,Credit Card
2884,2025-06-07 03:20:28.082808,Education,Swiggy,3040.99,Cash
2885,2025-06-07 04:38:57.353735,Travel,Amazon,1728.87,Debit Card
2886,2025-06-07 05:57:26.624662,Bills,Flipkart,1527.04,Debit Card
2887,2025-06-07 07:15:55.895589,Travel,Amazon,254.85,Cash
2888,2025-06-07 08:34:25.166516,Healthcare,Amazon,211.38,Debit Card
2889,2025-06-07 09:52:54.437443,Bills,Amazon,1429.54,Cash
2890,2025-06-07 11:11:23.708370,Education,Myntra,2676.01,Debit Card
2891,2025-06-07 12:29:52.979297,Healthcare,Reliance,2804.04,UPI
2892,2025-06-07 13:48:22.250225,Education,Local Store,2495.44,Credit Card
2893,2025-06-07 15:06:51.521152,Transport,Amazon,2078.91,Debit Card
2894,2025-06-07 16:25:20.792079,Food,Flipkart,1298.84,Debit Card
2895,2025-06-07 17:43:50.063006,Education,Reliance,2033.44,Debit Card
2896,2025-06-07 19:02:19.333933,Education,Reliance,736.86,Cash
2897,2025-06-07 20:20:48.604860,Transport,Amazon,620.53,Debit Card
2898,2025-06-07 21:39:17.875787,Shopping,Airtel,1534.72,Cash
2899,2025-06-07 22:57:47.146714,Transport,Amazon,4976.98,Debit Card
2900,2025-06-08 00:16:16.417641,Healthcare,Airtel,1666.16,UPI
2901,2025-06-08 01:34:45.688568,Transport,Amazon,4685.46,UPI
2902,2025-06-08 02:53:14.959495,Transport,Flipkart,1991.7,Credit Card
2903,2025-06-08 04:11:44.230423,Food,Airtel,2223.1,Cash
2904,2025-06-08 05:30:13.501350,Transport,Myntra,3995.46,Credit Card
2905,2025-06-08 06:48:42.772277,Travel,Reliance,513.51,Debit Card
2906,2025-06-08 08:07:12.043204,Education,Amazon,952.45,Debit Card
2907,2025-06-08 09:25:41.314131,Travel,Reliance,4870.51,UPI
2908,2025-06-08 10:44:10.585058,Food,Amazon,2554.29,Credit Card
2909,2025-06-08 12:02:39.855985,Entertainment,Local Store,269.33,Debit Card
2910,2025-06-08 13:21:09.126912,Shopping,Local Store,284.53,Debit Card
2911,2025-06-08 14:39:38.397839,Travel,Zomato,4540.84,Cash
2912,2025-06-08 15:58:07.668766,Food,Amazon,4373.16,Debit Card
2913,2025-06-08 17:16:36.939693,Healthcare,Zomato,2319.08,Credit Card
2914,2025-06-08 18:35:06.210621,Entertainment,Swiggy,857.95,UPI
2915,2025-06-08 19:53:35.481548,Food,Swiggy,4159.91,UPI
2916,2025-06-08 21:12:04.752475,Food,Reliance,1656.77,Debit Card
2917,2025-06-08 22:30:34.023402,Shopping,Airtel,2124.34,Debit Card
2918,2025-06-08 23:49:03.294329,Education,Amazon,3428.26,Debit Card
2919,2025-06-09 01:07:32.565256,Travel,Uber,1799.32,Cash
2920,2025-06-09 02:26:01.836183,Healthcare,Amazon,3161.92,Debit Card
2921,2025-06-09 03:44:31.107110,Bills,Amazon,4432.15,Debit Card
2922,2025-06-09 05:03:00.378037,Travel,Uber,3997.0,Cash
2923,2025-06-09 06:21:29.648964,Bills,Swiggy,1938.97,Credit Card
2924,2025-06-09 07:39:58.919891,Food,Zomato,1475.29,Cash
2925,2025-06-09 08:58:28.190819,Transport,Reliance,1463.28,UPI
2926,2025-06-09 10:16:57.461746,Healthcare,Swiggy,1775.53,Cash
2927,2025-06-09 11:35:26.732673,Entertainment,Uber,2492.91,Cash
2928,2025-06-09 12:53:56.003600,Transport,Amazon,2112.16,Credit Card
2929,2025-06-09 14:12:25.274527,Transport,Swiggy,708.37,Credit Card
2930,2025-06-09 15:30:54.545454,Travel,Flipkart,859.11,Debit Card
2931,2025-06-09 16:49:23.816381,Healthcare,Local Store,1747.5,Cash
2932,2025-06-09 18:07:53.087308,Education,Amazon,2832.22,Credit Card
2933,2025-06-09 19:26:22.358235,Food,Netflix,2983.69,UPI
2934,2025-06-09 20:44:51.629162,Food,Uber,2456.72,Debit Card
2935,2025-06-09 22:03:20.900090,Food,Myntra,3706.94,Cash
2936,2025-06-09 23:21:50.171017,Food,Airtel,3699.38,UPI
2937,2025-06-10 00:40:19.441944,Travel,Myntra,2166.76,Credit Card
2938,2025-06-10 01:58:48.712871,Bills,Swiggy,7087.43,Debit Card
2939,2025-06-10 03:17:17.983798,Food,Amazon,2674.37,UPI
2940,2025-06-10 04:35:47.254725,Bills,Airtel,1938.27,Cash
2941,2025-06-10 05:54:16.525652,Bills,Airtel,732.72,UPI
2942,2025-06-10 07:12:45.796579,Education,Reliance,4910.0,Debit Card
2943,2025-06-10 08:31:15.067506,Food,Myntra,1880.29,Cash
2944,2025-06-10 09:49:44.338433,Shopping,Amazon,3147.7,Cash
2945,2025-06-10 11:08:13.609360,Entertainment,Reliance,2476.14,UPI
2946,2025-06-10 12:26:42.880288,Transport,Zomato,757.0,Debit Card
2947,2025-06-10 13:45:12.151215,Bills,Myntra,324.94,Cash
2948,2025-06-10 15:03:41.422142,Healthcare,Local Store,3147.56,Debit Card
2949,2025-06-10 16:22:10.693069,Healthcare,Local Store,1272.76,Credit Card
2950,2025-06-10 17:40:39.963996,Entertainment,Reliance,1256.09,UPI
2951,2025-06-10 18:59:09.234923,Healthcare,Zomato,4787.03,Debit Card
2952,2025-06-10 20:17:38.505850,Shopping,Flipkart,2335.78,Credit Card
2953,2025-06-10 21:36:07.776777,Healthcare,Flipkart,195.66,Credit Card
2954,2025-06-10 22:54:37.047704,Transport,Local Store,1732.22,Debit Card
2955,2025-06-11 00:13:06.318631,Transport,Netflix,2943.23,Debit Card
2956,2025-06-11 01:31:35.589558,Bills,Uber,1676.41,UPI
2957,2025-06-11 02:50:04.860486,Food,Uber,182.92,UPI
2958,2025-06-11 04:08:34.131413,Education,Netflix,2249.34,Cash
2959,2025-06-11 05:27:03.402340,Shopping,Reliance,574.24,UPI
2960,2025-06-11 06:45:32.673267,Bills,Uber,3114.84,Debit Card
2961,2025-06-11 08:04:01.944194,Shopping,Uber,3116.96,Cash
2962,2025-06-11 09:22:31.215121,Food,Myntra,236.91,Credit Card
2963,2025-06-11 10:41:00.486048,Travel,Myntra,1488.8,Credit Card
2964,2025-06-11 11:59:29.756975,Healthcare,Netflix,2097.75,Debit Card
2965,2025-06-11 13:17:59.027902,Healthcare,Amazon,2773.81,Cash
2966,2025-06-11 14:36:28.298829,Education,Zomato,1515.51,Cash
2967,2025-06-11 15:54:57.569756,Food,Reliance,1474.35,UPI
2968,2025-06-11 17:13:26.840684,Bills,Myntra,4915.93,Credit Card
2969,2025-06-11 18:31:56.111611,Education,Myntra,257.22,Credit Card
2970,2025-06-11 19:50:25.382538,Food,Flipkart,4945.77,UPI
2971,2025-06-11 21:08:54.653465,Entertainment,Zomato,286.37,Credit Card
2972,2025-06-11 22:27:23.924392,Transport,Flipkart,1477.29,UPI
2973,2025-06-11 23:45:53.195319,Education,Amazon,2493.77,Credit Card
2974,2025-06-12 01:04:22.466246,Education,Zomato,759.33,Credit Card
2975,2025-06-12 02:22:51.737173,Bills,Uber,717.49,Credit Card
2976,2025-06-12 03:41:21.008100,Shopping,Flipkart,1318.75,UPI
2977,2025-06-12 04:59:50.279027,Entertainment,Local Store,4868.86,Credit Card
2978,2025-06-12 06:18:19.549954,Bills,Reliance,1931.58,Credit Card
2979,2025-06-12 07:36:48.820882,Food,Uber,2851.67,Cash
2980,2025-06-12 08:55:18.091809,Food,Zomato,3536.24,Credit Card
2981,2025-06-12 10:13:47.362736,Food,Local Store,3724.0,Debit Card
2982,2025-06-12 11:32:16.633663,Travel,Amazon,3455.8,Credit Card
2983,2025-06-12 12:50:45.904590,Food,Local Store,1717.79,Credit Card
2984,2025-06-12 14:09:15.175517,Shopping,Myntra,603.05,Cash
2985,2025-06-12 15:27:44.446444,Entertainment,Netflix,1444.5,Cash
2986,2025-06-12 16:46:13.717371,Healthcare,Local Store,1090.96,UPI
2987,2025-06-12 18:04:42.988298,Transport,Airtel,724.57,UPI
2988,2025-06-12 19:23:12.259225,Shopping,Amazon,171.26,Debit Card
2989,2025-06-12 20:41:41.530153,Shopping,Uber,4681.84,Cash
2990,2025-06-12 22:00:10.801080,Travel,Flipkart,4609.12,UPI
2991,2025-06-12 23:18:40.072007,Healthcare,Swiggy,299.56,UPI
2992,2025-06-13 00:37:09.342934,Healthcare,Amazon,906.77,UPI
2993,2025-06-13 01:55:38.613861,Transport,Airtel,740.53,Cash
2994,2025-06-13 03:14:07.884788,Transport,Myntra,1442.05,Cash
2995,2025-06-13 04:32:37.155715,Healthcare,Flipkart,1060.14,Debit Card
2996,2025-06-13 05:51:06.426642,Food,Reliance,4731.98,Cash
2997,2025-06-13 07:09:35.697569,Shopping,Swiggy,466.64,Cash
2998,2025-06-13 08:28:04.968496,Bills,Local Store,1097.77,Cash
2999,2025-06-13 09:46:34.239423,Transport,Airtel,449.58,Debit Card
3000,2025-06-13 11:05:03.510351,Travel,Local Store,4902.91,Credit Card
3001,2025-06-13 12:23:32.781278,Travel,Reliance,4596.15,Credit Card
3002,2025-06-13 13:42:02.052205,Transport,Amazon,3597.33,UPI
3003,2025-06-13 15:00:31.323132,Healthcare,Netflix,2158.57,Credit Card
3004,2025-06-13 16:19:00.594059,Entertainment,Airtel,991.38,Credit Card
3005,2025-06-13 17:37:29.864986,Bills,Zomato,1146.37,Debit Card
3006,2025-06-13 18:55:59.135913,Bills,Uber,2243.05,Debit Card
3007,2025-06-13 20:14:28.406840,Transport,Zomato,3852.7,Credit Card
3008,2025-06-13 21:32:57.677767,Food,Netflix,1360.41,Credit Card
3009,2025-06-13 22:51:26.948694,Entertainment,Reliance,1588.42,Credit Card
3010,2025-06-14 00:09:56.219621,Bills,Zomato,3019.72,UPI
3011,2025-06-14 01:28:25.490549,Transport,Myntra,1226.76,Debit Card
3012,2025-06-14 02:46:54.761476,Travel,Airtel,2941.88,Credit Card
3013,2025-06-14 04:05:24.032403,Bills,Myntra,1966.3,Cash
3014,2025-06-14 05:23:53.303330,Education,Swiggy,220.12,Credit Card
3015,2025-06-14 06:42:22.574257,Entertainment,Netflix,2043.37,Cash
3016,2025-06-14 08:00:51.845184,Entertainment,Swiggy,4601.65,UPI
3017,2025-06-14 09:19:21.116111,Education,Swiggy,1500.9,Cash
3018,2025-06-14 10:37:50.387038,Shopping,Swiggy,1648.02,Debit Card
3019,2025-06-14 11:56:19.657965,Travel,Amazon,376.41,UPI
3020,2025-06-14 13:14:48.928892,Education,Amazon,3094.48,UPI
3021,2025-06-14 14:33:18.199819,Healthcare,Netflix,4253.75,Credit Card
3022,2025-06-14 15:51:47.470747,Healthcare,Flipkart,1796.97,UPI
3023,2025-06-14 17:10:16.741674,Transport,Zomato,1239.22,UPI
3024,2025-06-14 18:28:46.012601,Entertainment,Amazon,4785.23,Cash
3025,2025-06-14 19:47:15.283528,Shopping,Local Store,3738.11,Credit Card
3026,2025-06-14 21:05:44.554455,Shopping,Myntra,2857.46,Debit Card
3027,2025-06-14 22:24:13.825382,Bills,Amazon,1562.38,Credit Card
3028,2025-06-14 23:42:43.096309,Bills,Reliance,1142.95,Debit Card
3029,2025-06-15 01:01:12.367236,Education,Swiggy,3592.93,Cash
3030,2025-06-15 02:19:41.638163,Shopping,Amazon,2632.85,UPI
3031,2025-06-15 03:38:10.909090,Education,Netflix,2626.97,UPI
3032,2025-06-15 04:56:40.180018,Travel,Myntra,414.86,Credit Card
3033,2025-06-15 06:15:09.450945,Education,Myntra,2585.36,Credit Card
3034,2025-06-15 07:33:38.721872,Bills,Flipkart,4122.58,Credit Card
3035,2025-06-15 08:52:07.992799,Entertainment,Uber,4736.66,UPI
3036,2025-06-15 10:10:37.263726,Education,Uber,578.08,UPI
3037,2025-06-15 11:29:06.534653,Food,Zomato,3174.27,Cash
3038,2025-06-15 12:47:35.805580,Entertainment,Local Store,2863.32,Debit Card
3039,2025-06-15 14:06:05.076507,Shopping,Airtel,4457.05,Credit Card
3040,2025-06-15 15:24:34.347434,Shopping,Netflix,3768.66,UPI
3041,2025-06-15 16:43:03.618361,Education,Reliance,4828.05,Debit Card
3042,2025-06-15 18:01:32.889288,Entertainment,Amazon,4802.16,Credit Card
3043,2025-06-15 19:20:02.160216,Bills,Netflix,1167.14,Credit Card
3044,2025-06-15 20:38:31.431143,Bills,Local Store,3640.49,Debit Card
3045,2025-06-15 21:57:00.702070,Healthcare,Uber,2676.09,Debit Card
3046,2025-06-15 23:15:29.972997,Shopping,Netflix,1112.28,Debit Card
3047,2025-06-16 00:33:59.243924,Transport,Amazon,1014.6,UPI
3048,2025-06-16 01:52:28.514851,Healthcare,Flipkart,451.37,Cash
3049,2025-06-16 03:10:57.785778,Bills,Zomato,3987.95,Credit Card
3050,2025-06-16 04:29:27.056705,Entertainment,Flipkart,1656.3,Credit Card
3051,2025-06-16 05:47:56.327632,Travel,Uber,4292.0,Debit Card
3052,2025-06-16 07:06:25.598559,Bills,Swiggy,3061.16,UPI
3053,2025-06-16 08:24:54.869486,Entertainment,Uber,3384.49,Debit Card
3054,2025-06-16 09:43:24.140414,Healthcare,Zomato,1493.79,UPI
3055,2025-06-16 11:01:53.411341,Shopping,Amazon,2313.61,Cash
3056,2025-06-16 12:20:22.682268,Bills,Local Store,2090.97,Credit Card
3057,2025-06-16 13:38:51.953195,Education,Airtel,1216.66,Credit Card
3058,2025-06-16 14:57:21.224122,Entertainment,Flipkart,4170.94,UPI
3059,2025-06-16 16:15:50.495049,Shopping,Uber,3129.32,Cash
3060,2025-06-16 17:34:19.765976,Travel,Local Store,235.29,Cash
3061,2025-06-16 18:52:49.036903,Travel,Flipkart,4108.59,Credit Card
3062,2025-06-16 20:11:18.307830,Transport,Uber,574.89,Credit Card
3063,2025-06-16 21:29:47.578757,Entertainment,Zomato,2048.3,Debit Card
3064,2025-06-16 22:48:16.849684,Healthcare,Flipkart,2877.72,UPI
3065,2025-06-17 00:06:46.120612,Transport,Uber,87.87,Credit Card
3066,2025-06-17 01:25:15.391539,Transport,Amazon,3281.9,Cash
3067,2025-06-17 02:43:44.662466,Food,Zomato,3315.53,Cash
3068,2025-06-17 04:02:13.933393,Bills,Local Store,3280.01,Credit Card
3069,2025-06-17 05:20:43.204320,Entertainment,Local Store,859.17,Cash
3070,2025-06-17 06:39:12.475247,Transport,Airtel,1315.88,UPI
3071,2025-06-17 07:57:41.746174,Food,Netflix,1274.51,Cash
3072,2025-06-17 09:16:11.017101,Healthcare,Swiggy,4802.33,Cash
3073,2025-06-17 10:34:40.288028,Shopping,Amazon,384.26,Credit Card
3074,2025-06-17 11:53:09.558955,Education,Zomato,2172.37,UPI
3075,2025-06-17 13:11:38.829882,Education,Flipkart,4362.71,UPI
3076,2025-06-17 14:30:08.100810,Entertainment,Local Store,3858.86,Debit Card
3077,2025-06-17 15:48:37.371737,Transport,Amazon,4121.09,UPI
3078,2025-06-17 17:07:06.642664,Education,Zomato,4862.85,Debit Card
3079,2025-06-17 18:25:35.913591,Bills,Zomato,1966.95,Credit Card
3080,2025-06-17 19:44:05.184518,Education,Flipkart,1582.79,Cash
3081,2025-06-17 21:02:34.455445,Education,Zomato,201.76,UPI
3082,2025-06-17 22:21:03.726372,Education,Reliance,792.6,Debit Card
3083,2025-06-17 23:39:32.997299,Travel,Amazon,2831.97,UPI
3084,2025-06-18 00:58:02.268226,Food,Uber,830.42,Credit Card
3085,2025-06-18 02:16:31.539153,Transport,Local Store,3694.71,Debit Card
3086,2025-06-18 03:35:00.810081,Bills,Local Store,234.3,Debit Card
3087,2025-06-18 04:53:30.081008,Transport,Uber,1334.47,Debit Card
3088,2025-06-18 06:11:59.351935,Travel,Amazon,3492.49,Credit Card
3089,2025-06-18 07:30:28.622862,Entertainment,Swiggy,1314.74,Debit Card
3090,2025-06-18 08:48:57.893789,Entertainment,Amazon,3657.36,Cash
3091,2025-06-18 10:07:27.164716,Entertainment,Myntra,4979.53,Credit Card
3092,2025-06-18 11:25:56.435643,Healthcare,Zomato,3995.57,Cash
3093,2025-06-18 12:44:25.706570,Education,Netflix,1742.09,Cash
3094,2025-06-18 14:02:54.977497,Healthcare,Flipkart,4507.93,Credit Card
3095,2025-06-18 15:21:24.248424,Food,Reliance,303.34,UPI
3096,2025-06-18 16:39:53.519351,Entertainment,Netflix,3638.78,Cash
3097,2025-06-18 17:58:22.790279,Travel,Uber,165.45,Credit Card
3098,2025-06-18 19:16:52.061206,Bills,Flipkart,914.05,Cash
3099,2025-06-18 20:35:21.332133,Transport,Flipkart,4938.55,Debit Card
3100,2025-06-18 21:53:50.603060,Education,Flipkart,1836.38,Cash
3101,2025-06-18 23:12:19.873987,Shopping,Local Store,4111.47,Cash
3102,2025-06-19 00:30:49.144914,Bills,Reliance,1911.63,Cash
3103,2025-06-19 01:49:18.415841,Education,Local Store,4208.14,Debit Card
3104,2025-06-19 03:07:47.686768,Healthcare,Zomato,4828.93,Cash
3105,2025-06-19 04:26:16.957695,Healthcare,Myntra,2205.9,Credit Card
3106,2025-06-19 05:44:46.228622,Bills,Airtel,2818.78,Cash
3107,2025-06-19 07:03:15.499549,Healthcare,Reliance,3161.77,Credit Card
3108,2025-06-19 08:21:44.770477,Entertainment,Netflix,4677.43,Cash
3109,2025-06-19 09:40:14.041404,Food,Zomato,1320.88,Cash
3110,2025-06-19 10:58:43.312331,Transport,Amazon,3075.68,Cash
3111,2025-06-19 12:17:12.583258,Food,Uber,1657.37,UPI
3112,2025-06-19 13:35:41.854185,Education,Myntra,1123.82,UPI
3113,2025-06-19 14:54:11.125112,Transport,Zomato,470.36,Debit Card
3114,2025-06-19 16:12:40.396039,Travel,Amazon,3122.52,Credit Card
3115,2025-06-19 17:31:09.666966,Transport,Myntra,4416.32,Debit Card
3116,2025-06-19 18:49:38.937893,Food,Amazon,1789.39,Credit Card
3117,2025-06-19 20:08:08.208820,Bills,Reliance,2785.71,Debit Card
3118,2025-06-19 21:26:37.479747,Transport,Amazon,3228.56,Debit Card
3119,2025-06-19 22:45:06.750675,Travel,Myntra,2102.52,Cash
3120,2025-06-20 00:03:36.021602,Travel,Amazon,4521.57,Cash
3121,2025-06-20 01:22:05.292529,Travel,Netflix,1845.64,Cash
3122,2025-06-20 02:40:34.563456,Food,Zomato,668.8,Cash
3123,2025-06-20 03:59:03.834383,Transport,Myntra,762.9,Cash
3124,2025-06-20 05:17:33.105310,Shopping,Netflix,4459.75,Debit Card
3125,2025-06-20 06:36:02.376237,Bills,Amazon,4940.64,Credit Card
3126,2025-06-20 07:54:31.647164,Entertainment,Amazon,1480.24,UPI
3127,2025-06-20 09:13:00.918091,Transport,Flipkart,760.83,UPI
3128,2025-06-20 10:31:30.189018,Travel,Myntra,2436.95,Credit Card
3129,2025-06-20 11:49:59.459945,Shopping,Reliance,3562.16,UPI
3130,2025-06-20 13:08:28.730873,Entertainment,Amazon,3081.39,Debit Card
3131,2025-06-20 14:26:58.001800,Entertainment,Uber,4757.99,Credit Card
3132,2025-06-20 15:45:27.272727,Education,Local Store,4098.0,Credit Card
3133,2025-06-20 17:03:56.543654,Transport,Airtel,4351.41,UPI
3134,2025-06-20 18:22:25.814581,Food,Local Store,2731.25,UPI
3135,2025-06-20 19:40:55.085508,Transport,Reliance,1670.01,Debit Card
3136,2025-06-20 20:59:24.356435,Shopping,Zomato,3523.59,Cash
3137,2025-06-20 22:17:53.627362,Entertainment,Swiggy,2223.31,Credit Card
3138,2025-06-20 23:36:22.898289,Transport,Uber,1474.38,Cash
3139,2025-06-21 00:54:52.169216,Food,Swiggy,803.74,UPI
3140,2025-06-21 02:13:21.440144,Education,Amazon,2662.98,Credit Card
3141,2025-06-21 03:31:50.711071,Transport,Zomato,2991.56,Cash
3142,2025-06-21 04:50:19.981998,Bills,Netflix,2865.49,Debit Card
3143,2025-06-21 06:08:49.252925,Education,Amazon,626.91,Debit Card
3144,2025-06-21 07:27:18.523852,Food,Swiggy,2871.44,Debit Card
3145,2025-06-21 08:45:47.794779,Shopping,Amazon,883.65,Credit Card
3146,2025-06-21 10:04:17.065706,Entertainment,Airtel,3335.39,Credit Card
3147,2025-06-21 11:22:46.336633,Transport,Flipkart,2175.45,Credit Card
3148,2025-06-21 12:41:15.607560,Food,Airtel,4251.5,Credit Card
3149,2025-06-21 13:59:44.878487,Education,Zomato,3902.42,Credit Card
3150,2025-06-21 15:18:14.149414,Bills,Netflix,3635.69,Cash
3151,2025-06-21 16:36:43.420342,Food,Airtel,3518.65,Cash
3152,2025-06-21 17:55:12.691269,Healthcare,Myntra,2824.42,Debit Card
3153,2025-06-21 19:13:41.962196,Travel,Netflix,352.51,Cash
3154,2025-06-21 20:32:11.233123,Bills,Swiggy,3294.67,Cash
3155,2025-06-21 21:50:40.504050,Education,Airtel,2361.26,Debit Card
3156,2025-06-21 23:09:09.774977,Shopping,Flipkart,2374.3,Debit Card
3157,2025-06-22 00:27:39.045904,Entertainment,Netflix,1926.16,UPI
3158,2025-06-22 01:46:08.316831,Education,Amazon,4648.9,Debit Card
3159,2025-06-22 03:04:37.587758,Travel,Flipkart,1284.78,Cash
3160,2025-06-22 04:23:06.858685,Shopping,Amazon,1617.14,Credit Card
3161,2025-06-22 05:41:36.129612,Transport,Airtel,4817.05,Debit Card
3162,2025-06-22 07:00:05.400540,Food,Uber,4060.26,UPI
3163,2025-06-22 08:18:34.671467,Healthcare,Uber,119.73,Cash
3164,2025-06-22 09:37:03.942394,Bills,Swiggy,4535.23,UPI
3165,2025-06-22 10:55:33.213321,Bills,Flipkart,1171.9,UPI
3166,2025-06-22 12:14:02.484248,Food,Amazon,3544.37,Cash
3167,2025-06-22 13:32:31.755175,Healthcare,Reliance,2787.71,UPI
3168,2025-06-22 14:51:01.026102,Food,Flipkart,2707.22,Cash
3169,2025-06-22 16:09:30.297029,Transport,Myntra,3603.71,UPI
3170,2025-06-22 17:27:59.567956,Travel,Swiggy,1075.55,Credit Card
3171,2025-06-22 18:46:28.838883,Shopping,Local Store,837.17,Debit Card
3172,2025-06-22 20:04:58.109810,Education,Local Store,3276.97,Credit Card
3173,2025-06-22 21:23:27.380738,Bills,Amazon,1488.37,Credit Card
3174,2025-06-22 22:41:56.651665,Transport,Uber,4871.05,UPI
3175,2025-06-23 00:00:25.922592,Shopping,Netflix,2284.98,Debit Card
3176,2025-06-23 01:18:55.193519,Transport,Myntra,602.41,Debit Card
3177,2025-06-23 02:37:24.464446,Healthcare,Local Store,3444.79,Debit Card
3178,2025-06-23 03:55:53.735373,Bills,Amazon,1565.49,UPI
3179,2025-06-23 05:14:23.006300,Education,Amazon,785.51,Credit Card
3180,2025-06-23 06:32:52.277227,Food,Airtel,2142.98,Cash
3181,2025-06-23 07:51:21.548154,Food,Uber,4822.9,Cash
3182,2025-06-23 09:09:50.819081,Shopping,Flipkart,2086.58,Cash
3183,2025-06-23 10:28:20.090009,Education,Netflix,1769.3,Debit Card
3184,2025-06-23 11:46:49.360936,Travel,Airtel,2250.32,Cash
3185,2025-06-23 13:05:18.631863,Entertainment,Local Store,109.97,Credit Card
3186,2025-06-23 14:23:47.902790,Healthcare,Netflix,708.85,Cash
3187,2025-06-23 15:42:17.173717,Shopping,Swiggy,4255.89,Debit Card
3188,2025-06-23 17:00:46.444644,Entertainment,Uber,4891.27,Debit Card
3189,2025-06-23 18:19:15.715571,Transport,Local Store,831.81,Cash
3190,2025-06-23 19:37:44.986498,Healthcare,Amazon,2700.81,Debit Card
3191,2025-06-23 20:56:14.257425,Transport,Local Store,4833.35,Cash
3192,2025-06-23 22:14:43.528352,Travel,Reliance,825.08,Debit Card
3193,2025-06-23 23:33:12.799279,Education,Zomato,972.23,UPI
3194,2025-06-24 00:51:42.070207,Bills,Zomato,4637.74,UPI
3195,2025-06-24 02:10:11.341134,Healthcare,Local Store,3543.15,Credit Card
3196,2025-06-24 03:28:40.612061,Entertainment,Reliance,802.24,UPI
3197,2025-06-24 04:47:09.882988,Travel,Local Store,1997.79,Cash
3198,2025-06-24 06:05:39.153915,Bills,Zomato,328.54,Debit Card
3199,2025-06-24 07:24:08.424842,Food,Airtel,2191.72,Credit Card
3200,2025-06-24 08:42:37.695769,Entertainment,Swiggy,3900.61,Cash
3201,2025-06-24 10:01:06.966696,Shopping,Zomato,2792.16,Cash
3202,2025-06-24 11:19:36.237623,Food,Swiggy,3254.84,Credit Card
3203,2025-06-24 12:38:05.508550,Travel,Amazon,1667.76,Credit Card
3204,2025-06-24 13:56:34.779477,Food,Swiggy,848.91,Cash
3205,2025-06-24 15:15:04.050405,Shopping,Airtel,114.93,Debit Card
3206,2025-06-24 16:33:33.321332,Healthcare,Reliance,4115.5,Cash
3207,2025-06-24 17:52:02.592259,Food,Swiggy,3201.44,Debit Card
3208,2025-06-24 19:10:31.863186,Education,Netflix,1185.14,Credit Card
3209,2025-06-24 20:29:01.134113,Entertainment,Flipkart,2121.25,Cash
3210,2025-06-24 21:47:30.405040,Bills,Zomato,4017.14,UPI
3211,2025-06-24 23:05:59.675967,Food,Reliance,2716.57,Cash
3212,2025-06-25 00:24:28.946894,Entertainment,Myntra,1535.79,Debit Card
3213,2025-06-25 01:42:58.217821,Transport,Amazon,1372.56,Cash
3214,2025-06-25 03:01:27.488748,Entertainment,Flipkart,1127.19,Debit Card
3215,2025-06-25 04:19:56.759675,Bills,Netflix,4127.46,UPI
3216,2025-06-25 05:38:26.030603,Entertainment,Uber,2930.21,Credit Card
3217,2025-06-25 06:56:55.301530,Shopping,Airtel,3560.33,UPI
3218,2025-06-25 08:15:24.572457,Travel,Local Store,4307.6,Debit Card
3219,2025-06-25 09:33:53.843384,Bills,Flipkart,4934.97,Credit Card
3220,2025-06-25 10:52:23.114311,Travel,Reliance,1284.94,Credit Card
3221,2025-06-25 12:10:52.385238,Healthcare,Reliance,945.47,Cash
3222,2025-06-25 13:29:21.656165,Travel,Reliance,2336.89,UPI
3223,2025-06-25 14:47:50.927092,Transport,Amazon,223.6,Debit Card
3224,2025-06-25 16:06:20.198019,Shopping,Swiggy,3969.0,Debit Card
3225,2025-06-25 17:24:49.468946,Healthcare,Zomato,4424.61,Credit Card
3226,2025-06-25 18:43:18.739873,Entertainment,Uber,3445.9,Cash
3227,2025-06-25 20:01:48.010801,Bills,Local Store,1376.58,Debit Card
3228,2025-06-25 21:20:17.281728,Transport,Reliance,659.62,Cash
3229,2025-06-25 22:38:46.552655,Shopping,Local Store,1941.61,Credit Card
3230,2025-06-25 23:57:15.823582,Healthcare,Myntra,4175.01,Credit Card
3231,2025-06-26 01:15:45.094509,Healthcare,Amazon,1771.75,Credit Card
3232,2025-06-26 02:34:14.365436,Transport,Reliance,219.56,Cash
3233,2025-06-26 03:52:43.636363,Education,Myntra,1407.69,Debit Card
3234,2025-06-26 05:11:12.907290,Entertainment,Uber,4950.23,UPI
3235,2025-06-26 06:29:42.178217,Transport,Uber,3399.51,Cash
3236,2025-06-26 07:48:11.449144,Healthcare,Zomato,4509.23,Credit Card
3237,2025-06-26 09:06:40.720072,Food,Netflix,3885.58,UPI
3238,2025-06-26 10:25:09.990999,Shopping,Zomato,2721.54,UPI
3239,2025-06-26 11:43:39.261926,Transport,Swiggy,786.01,UPI
3240,2025-06-26 13:02:08.532853,Education,Local Store,1775.79,UPI
3241,2025-06-26 14:20:37.803780,Healthcare,Airtel,2939.51,UPI
3242,2025-06-26 15:39:07.074707,Entertainment,Uber,4359.63,Credit Card
3243,2025-06-26 16:57:36.345634,Travel,Airtel,1379.94,Debit Card
3244,2025-06-26 18:16:05.616561,Healthcare,Amazon,650.07,UPI
3245,2025-06-26 19:34:34.887488,Entertainment,Flipkart,2816.22,Debit Card
3246,2025-06-26 20:53:04.158415,Transport,Reliance,923.68,Debit Card
3247,2025-06-26 22:11:33.429342,Entertainment,Amazon,3071.29,Cash
3248,2025-06-26 23:30:02.700270,Bills,Uber,1354.43,Credit Card
3249,2025-06-27 00:48:31.971197,Bills,Myntra,1193.27,UPI
3250,2025-06-27 02:07:01.242124,Bills,Local Store,2025.94,Debit Card
3251,2025-06-27 03:25:30.513051,Education,Airtel,2986.3,Cash
3252,2025-06-27 04:43:59.783978,Education,Zomato,2749.32,Debit Card
3253,2025-06-27 06:02:29.054905,Food,Flipkart,1261.44,UPI
3254,2025-06-27 07:20:58.325832,Education,Netflix,4461.03,Credit Card
3255,2025-06-27 08:39:27.596759,Travel,Amazon,593.92,Credit Card
3256,2025-06-27 09:57:56.867686,Transport,Netflix,245.36,UPI
3257,2025-06-27 11:16:26.138613,Healthcare,Airtel,3033.4,Debit Card
3258,2025-06-27 12:34:55.409540,Healthcare,Airtel,660.87,Cash
3259,2025-06-27 13:53:24.680468,Food,Reliance,2549.21,Credit Card
3260,2025-06-27 15:11:53.951395,Education,Myntra,4761.28,Credit Card
3261,2025-06-27 16:30:23.222322,Travel,Myntra,3507.97,Debit Card
3262,2025-06-27 17:48:52.493249,Entertainment,Swiggy,3106.41,Debit Card
3263,2025-06-27 19:07:21.764176,Food,Zomato,2895.29,Debit Card
3264,2025-06-27 20:25:51.035103,Travel,Uber,938.72,Cash
3265,2025-06-27 21:44:20.306030,Entertainment,Uber,2191.61,Debit Card
3266,2025-06-27 23:02:49.576957,Travel,Airtel,1745.49,Cash
3267,2025-06-28 00:21:18.847884,Entertainment,Amazon,4767.72,UPI
3268,2025-06-28 01:39:48.118811,Shopping,Local Store,1249.49,Cash
3269,2025-06-28 02:58:17.389738,Travel,Uber,2384.01,Debit Card
3270,2025-06-28 04:16:46.660666,Healthcare,Uber,4693.49,Cash
3271,2025-06-28 05:35:15.931593,Bills,Amazon,3956.44,Cash
3272,2025-06-28 06:53:45.202520,Education,Zomato,4824.35,Cash
3273,2025-06-28 08:12:14.473447,Entertainment,Flipkart,3061.23,Credit Card
3274,2025-06-28 09:30:43.744374,Shopping,Myntra,1702.24,Debit Card
3275,2025-06-28 10:49:13.015301,Travel,Reliance,4141.92,Cash
3276,2025-06-28 12:07:42.286228,Healthcare,Reliance,1492.71,Debit Card
3277,2025-06-28 13:26:11.557155,Bills,Reliance,8657.26,UPI
3278,2025-06-28 14:44:40.828082,Entertainment,Amazon,3546.13,Cash
3279,2025-06-28 16:03:10.099009,Travel,Reliance,3212.83,Cash
3280,2025-06-28 17:21:39.369936,Travel,Airtel,4400.8,UPI
3281,2025-06-28 18:40:08.640864,Entertainment,Swiggy,4811.53,Debit Card
3282,2025-06-28 19:58:37.911791,Food,Amazon,4293.13,UPI
3283,2025-06-28 21:17:07.182718,Food,Amazon,347.11,UPI
3284,2025-06-28 22:35:36.453645,Healthcare,Myntra,3339.34,UPI
3285,2025-06-28 23:54:05.724572,Bills,Reliance,3934.43,UPI
3286,2025-06-29 01:12:34.995499,Entertainment,Netflix,4910.55,Debit Card
3287,2025-06-29 02:31:04.266426,Healthcare,Flipkart,1904.57,Cash
3288,2025-06-29 03:49:33.537353,Healthcare,Swiggy,890.91,UPI
3289,2025-06-29 05:08:02.808280,Transport,Amazon,4272.02,UPI
3290,2025-06-29 06:26:32.079207,Travel,Swiggy,1621.46,Credit Card
3291,2025-06-29 07:45:01.350135,Education,Amazon,3011.1,Debit Card
3292,2025-06-29 09:03:30.621062,Travel,Zomato,1979.98,UPI
3293,2025-06-29 10:21:59.891989,Food,Myntra,2041.51,Credit Card
3294,2025-06-29 11:40:29.162916,Bills,Airtel,3675.7,UPI
3295,2025-06-29 12:58:58.433843,Travel,Zomato,1839.3,Debit Card
3296,2025-06-29 14:17:27.704770,Entertainment,Local Store,3480.72,Credit Card
3297,2025-06-29 15:35:56.975697,Healthcare,Reliance,120.93,Credit Card
3298,2025-06-29 16:54:26.246624,Entertainment,Local Store,1657.0,Debit Card
3299,2025-06-29 18:12:55.517551,Transport,Flipkart,1629.27,Credit Card
3300,2025-06-29 19:31:24.788478,Bills,Netflix,3756.73,Credit Card
3301,2025-06-29 20:49:54.059405,Healthcare,Airtel,1607.06,UPI
3302,2025-06-29 22:08:23.330333,Entertainment,Zomato,3184.97,Credit Card
3303,2025-06-29 23:26:52.601260,Food,Swiggy,3458.2,Cash
3304,2025-06-30 00:45:21.872187,Education,Swiggy,3309.21,Debit Card
3305,2025-06-30 02:03:51.143114,Transport,Flipkart,3036.3,UPI
3306,2025-06-30 03:22:20.414041,Bills,Amazon,2097.4,Credit Card
3307,2025-06-30 04:40:49.684968,Transport,Swiggy,1897.86,Cash
3308,2025-06-30 05:59:18.955895,Food,Reliance,2844.69,UPI
3309,2025-06-30 07:17:48.226822,Bills,Netflix,365.33,Debit Card
3310,2025-06-30 08:36:17.497749,Transport,Myntra,4385.31,Credit Card
3311,2025-06-30 09:54:46.768676,Shopping,Reliance,4135.31,Debit Card
3312,2025-06-30 11:13:16.039603,Food,Netflix,1764.6,Debit Card
3313,2025-06-30 12:31:45.310531,Food,Flipkart,2855.75,Credit Card
3314,2025-06-30 13:50:14.581458,Food,Reliance,4664.53,Credit Card
3315,2025-06-30 15:08:43.852385,Shopping,Myntra,1394.6,UPI
3316,2025-06-30 16:27:13.123312,Shopping,Myntra,3725.15,Debit Card
3317,2025-06-30 17:45:42.394239,Entertainment,Uber,459.52,Credit Card
3318,2025-06-30 19:04:11.665166,Healthcare,Amazon,2640.69,Debit Card
3319,2025-06-30 20:22:40.936093,Education,Flipkart,4425.65,Credit Card
3320,2025-06-30 21:41:10.207020,Transport,Reliance,2780.96,Debit Card
3321,2025-06-30 22:59:39.477947,Entertainment,Airtel,3100.45,UPI
3322,2025-07-01 00:18:08.748874,Transport,Airtel,4542.81,Debit Card
3323,2025-07-01 01:36:38.019801,Education,Flipkart,3591.04,Credit Card
3324,2025-07-01 02:55:07.290729,Healthcare,Reliance,3494.55,Cash
3325,2025-07-01 04:13:36.561656,Shopping,Zomato,2952.6,UPI
3326,2025-07-01 05:32:05.832583,Healthcare,Zomato,3183.29,UPI
3327,2025-07-01 06:50:35.103510,Shopping,Amazon,4028.34,Cash
3328,2025-07-01 08:09:04.374437,Education,Reliance,4897.2,Credit Card
3329,2025-07-01 09:27:33.645364,Healthcare,Myntra,3986.86,UPI
3330,2025-07-01 10:46:02.916291,Entertainment,Swiggy,3552.31,Cash
3331,2025-07-01 12:04:32.187218,Bills,Airtel,720.95,Cash
3332,2025-07-01 13:23:01.458145,Entertainment,Reliance,4094.55,Debit Card
3333,2025-07-01 14:41:30.729072,Transport,Reliance,3693.17,Debit Card
3334,2025-07-01 16:00:00.000000,Entertainment,Swiggy,3863.64,Credit Card
3335,2025-07-01 17:18:29.270927,Education,Swiggy,1193.93,Cash
3336,2025-07-01 18:36:58.541854,Food,Netflix,4522.05,Debit Card
3337,2025-07-01 19:55:27.812781,Transport,Uber,531.54,Credit Card
3338,2025-07-01 21:13:57.083708,Healthcare,Amazon,1305.38,UPI
3339,2025-07-01 22:32:26.354635,Transport,Airtel,3331.97,Debit Card
3340,2025-07-01 23:50:55.625562,Bills,Swiggy,3384.89,Credit Card
3341,2025-07-02 01:09:24.896489,Shopping,Zomato,1600.96,Debit Card
3342,2025-07-02 02:27:54.167416,Healthcare,Flipkart,3522.52,UPI
3343,2025-07-02 03:46:23.438343,Travel,Zomato,1970.26,UPI
3344,2025-07-02 05:04:52.709270,Transport,Netflix,50.87,Debit Card
3345,2025-07-02 06:23:21.980198,Healthcare,Netflix,854.9,UPI
3346,2025-07-02 07:41:51.251125,Healthcare,Swiggy,4418.96,Credit Card
3347,2025-07-02 09:00:20.522052,Healthcare,Netflix,1152.34,Debit Card
3348,2025-07-02 10:18:49.792979,Shopping,Myntra,608.91,Debit Card
3349,2025-07-02 11:37:19.063906,Travel,Local Store,3426.89,UPI
3350,2025-07-02 12:55:48.334833,Education,Reliance,2231.5,Credit Card
3351,2025-07-02 14:14:17.605760,Entertainment,Reliance,3993.13,Debit Card
3352,2025-07-02 15:32:46.876687,Healthcare,Swiggy,4314.15,Debit Card
3353,2025-07-02 16:51:16.147614,Food,Netflix,4237.64,UPI
3354,2025-07-02 18:09:45.418541,Education,Flipkart,1599.4,UPI
3355,2025-07-02 19:28:14.689468,Bills,Myntra,2552.45,Credit Card
3356,2025-07-02 20:46:43.960396,Shopping,Amazon,3268.2,Credit Card
3357,2025-07-02 22:05:13.231323,Transport,Netflix,1643.82,UPI
3358,2025-07-02 23:23:42.502250,Shopping,Myntra,253.44,Credit Card
3359,2025-07-03 00:42:11.773177,Transport,Uber,2503.54,Cash
3360,2025-07-03 02:00:41.044104,Shopping,Amazon,113.45,Cash
3361,2025-07-03 03:19:10.315031,Transport,Reliance,4755.7,UPI
3362,2025-07-03 04:37:39.585958,Healthcare,Uber,3993.58,Debit Card
3363,2025-07-03 05:56:08.856885,Entertainment,Swiggy,1000.45,UPI
3364,2025-07-03 07:14:38.127812,Transport,Airtel,1473.48,UPI
3365,2025-07-03 08:33:07.398739,Travel,Swiggy,4915.05,UPI
3366,2025-07-03 09:51:36.669666,Transport,Flipkart,1899.07,Debit Card
3367,2025-07-03 11:10:05.940594,Food,Myntra,3929.43,Cash
3368,2025-07-03 12:28:35.211521,Transport,Airtel,2261.74,Credit Card
3369,2025-07-03 13:47:04.482448,Food,Amazon,4327.27,Cash
3370,2025-07-03 15:05:33.753375,Bills,Amazon,3533.58,Credit Card
3371,2025-07-03 16:24:03.024302,Healthcare,Uber,163.4,Credit Card
3372,2025-07-03 17:42:32.295229,Food,Flipkart,1507.23,UPI
3373,2025-07-03 19:01:01.566156,Entertainment,Reliance,2812.06,UPI
3374,2025-07-03 20:19:30.837083,Education,Netflix,4634.56,Credit Card
3375,2025-07-03 21:38:00.108010,Healthcare,Netflix,555.05,Debit Card
3376,2025-07-03 22:56:29.378937,Food,Airtel,3025.75,Debit Card
3377,2025-07-04 00:14:58.649864,Healthcare,Flipkart,1545.77,Debit Card
3378,2025-07-04 01:33:27.920792,Travel,Flipkart,4452.17,Debit Card
3379,2025-07-04 02:51:57.191719,Healthcare,Amazon,3837.59,UPI
3380,2025-07-04 04:10:26.462646,Healthcare,Reliance,1880.03,Cash
3381,2025-07-04 05:28:55.733573,Bills,Myntra,877.16,Cash
3382,2025-07-04 06:47:25.004500,Entertainment,Reliance,106.91,Credit Card
3383,2025-07-04 08:05:54.275427,Shopping,Zomato,3124.62,Debit Card
3384,2025-07-04 09:24:23.546354,Shopping,Flipkart,2060.31,UPI
3385,2025-07-04 10:42:52.817281,Food,Swiggy,1608.04,UPI
3386,2025-07-04 12:01:22.088208,Healthcare,Local Store,4928.24,UPI
3387,2025-07-04 13:19:51.359135,Food,Flipkart,2357.4,Credit Card
3388,2025-07-04 14:38:20.630063,Bills,Airtel,3761.7,UPI
3389,2025-07-04 15:56:49.900990,Bills,Swiggy,928.19,Credit Card
3390,2025-07-04 17:15:19.171917,Transport,Airtel,116.6,Credit Card
3391,2025-07-04 18:33:48.442844,Travel,Uber,2116.93,Credit Card
3392,2025-07-04 19:52:17.713771,Bills,Local Store,3345.04,Credit Card
3393,2025-07-04 21:10:46.984698,Transport,Local Store,2557.66,UPI
3394,2025-07-04 22:29:16.255625,Entertainment,Amazon,4457.81,UPI
3395,2025-07-04 23:47:45.526552,Food,Flipkart,2198.2,Cash
3396,2025-07-05 01:06:14.797479,Education,Amazon,1589.46,UPI
3397,2025-07-05 02:24:44.068406,Entertainment,Netflix,4584.44,Debit Card
3398,2025-07-05 03:43:13.339333,Bills,Airtel,2063.67,Debit Card
3399,2025-07-05 05:01:42.610261,Entertainment,Zomato,1384.76,Credit Card
3400,2025-07-05 06:20:11.881188,Entertainment,Zomato,533.42,Credit Card
3401,2025-07-05 07:38:41.152115,Travel,Netflix,3976.88,Credit Card
3402,2025-07-05 08:57:10.423042,Travel,Uber,4134.2,Cash
3403,2025-07-05 10:15:39.693969,Travel,Zomato,214.82,Credit Card
3404,2025-07-05 11:34:08.964896,Entertainment,Airtel,1825.3,Cash
3405,2025-07-05 12:52:38.235823,Bills,Zomato,3761.89,Credit Card
3406,2025-07-05 14:11:07.506750,Education,Netflix,4734.59,Debit Card
3407,2025-07-05 15:29:36.777677,Healthcare,Swiggy,1920.2,Credit Card
3408,2025-07-05 16:48:06.048604,Entertainment,Amazon,4366.66,UPI
3409,2025-07-05 18:06:35.319531,Transport,Myntra,1998.92,Credit Card
3410,2025-07-05 19:25:04.590459,Bills,Airtel,938.5,UPI
3411,2025-07-05 20:43:33.861386,Entertainment,Amazon,67.06,UPI
3412,2025-07-05 22:02:03.132313,Education,Local Store,1684.4,UPI
3413,2025-07-05 23:20:32.403240,Healthcare,Reliance,1923.45,UPI
3414,2025-07-06 00:39:01.674167,Travel,Zomato,4728.33,Cash
3415,2025-07-06 01:57:30.945094,Bills,Zomato,1070.05,Cash
3416,2025-07-06 03:16:00.216021,Shopping,Uber,1942.04,Credit Card
3417,2025-07-06 04:34:29.486948,Healthcare,Amazon,174.51,Credit Card
3418,2025-07-06 05:52:58.757875,Transport,Reliance,3829.52,Cash
3419,2025-07-06 07:11:28.028802,Entertainment,Zomato,37578.97,Credit Card
3420,2025-07-06 08:29:57.299729,Education,Local Store,1227.21,Credit Card
3421,2025-07-06 09:48:26.570657,Shopping,Uber,2173.53,Cash
3422,2025-07-06 11:06:55.841584,Education,Amazon,654.46,Cash
3423,2025-07-06 12:25:25.112511,Shopping,Uber,2311.34,Credit Card
3424,2025-07-06 13:43:54.383438,Bills,Amazon,710.05,Cash
3425,2025-07-06 15:02:23.654365,Shopping,Flipkart,2640.58,Debit Card
3426,2025-07-06 16:20:52.925292,Transport,Flipkart,3686.38,UPI
3427,2025-07-06 17:39:22.196219,Transport,Netflix,2789.05,UPI
3428,2025-07-06 18:57:51.467146,Food,Airtel,1263.84,Debit Card
3429,2025-07-06 20:16:20.738073,Transport,Uber,1801.29,Debit Card
3430,2025-07-06 21:34:50.009000,Healthcare,Netflix,3210.94,Credit Card
3431,2025-07-06 22:53:19.279927,Shopping,Uber,2969.29,Credit Card
3432,2025-07-07 00:11:48.550855,Transport,Zomato,727.04,UPI
3433,2025-07-07 01:30:17.821782,Bills,Myntra,4232.5,Credit Card
3434,2025-07-07 02:48:47.092709,Education,Uber,2402.19,UPI
3435,2025-07-07 04:07:16.363636,Travel,Zomato,853.73,Credit Card
3436,2025-07-07 05:25:45.634563,Education,Reliance,657.99,Credit Card
3437,2025-07-07 06:44:14.905490,Food,Flipkart,4829.48,UPI
3438,2025-07-07 08:02:44.176417,Education,Netflix,1443.6,Debit Card
3439,2025-07-07 09:21:13.447344,Shopping,Myntra,4547.54,Debit Card
3440,2025-07-07 10:39:42.718271,Food,Local Store,2082.4,Credit Card
3441,2025-07-07 11:58:11.989198,Shopping,Flipkart,1960.31,Debit Card
3442,2025-07-07 13:16:41.260126,Bills,Netflix,3519.6,Credit Card
3443,2025-07-07 14:35:10.531053,Food,Myntra,98.92,Cash
3444,2025-07-07 15:53:39.801980,Entertainment,Local Store,1723.54,Cash
3445,2025-07-07 17:12:09.072907,Healthcare,Swiggy,1548.1,Cash
3446,2025-07-07 18:30:38.343834,Healthcare,Zomato,4347.09,Debit Card
3447,2025-07-07 19:49:07.614761,Shopping,Swiggy,2669.16,Debit Card
3448,2025-07-07 21:07:36.885688,Education,Zomato,1854.62,UPI
3449,2025-07-07 22:26:06.156615,Travel,Amazon,1367.09,Debit Card
3450,2025-07-07 23:44:35.427542,Travel,Airtel,2973.02,Credit Card
3451,2025-07-08 01:03:04.698469,Entertainment,Myntra,800.78,UPI
3452,2025-07-08 02:21:33.969396,Food,Swiggy,1268.71,Debit Card
3453,2025-07-08 03:40:03.240324,Entertainment,Airtel,1503.38,UPI
3454,2025-07-08 04:58:32.511251,Entertainment,Myntra,3059.15,Debit Card
3455,2025-07-08 06:17:01.782178,Education,Netflix,1897.61,Credit Card
3456,2025-07-08 07:35:31.053105,Travel,Amazon,2553.63,Cash
3457,2025-07-08 08:54:00.324032,Food,Netflix,3269.67,Cash
3458,2025-07-08 10:12:29.594959,Bills,Zomato,4783.54,Credit Card
3459,2025-07-08 11:30:58.865886,Education,Airtel,3835.95,UPI
3460,2025-07-08 12:49:28.136813,Entertainment,Myntra,2056.02,Cash
3461,2025-07-08 14:07:57.407740,Entertainment,Uber,3753.96,Debit Card
3462,2025-07-08 15:26:26.678667,Bills,Airtel,4750.99,Debit Card
3463,2025-07-08 16:44:55.949594,Entertainment,Reliance,2521.93,UPI
3464,2025-07-08 18:03:25.220522,Entertainment,Local Store,2081.96,UPI
3465,2025-07-08 19:21:54.491449,Entertainment,Swiggy,436.19,Credit Card
3466,2025-07-08 20:40:23.762376,Healthcare,Myntra,4467.23,Cash
3467,2025-07-08 21:58:53.033303,Education,Flipkart,1269.85,UPI
3468,2025-07-08 23:17:22.304230,Transport,Flipkart,366.59,Cash
3469,2025-07-09 00:35:51.575157,Education,Local Store,2709.16,Cash
3470,2025-07-09 01:54:20.846084,Bills,Zomato,4237.2,Debit Card
3471,2025-07-09 03:12:50.117011,Entertainment,Airtel,2062.84,UPI
3472,2025-07-09 04:31:19.387938,Education,Airtel,3926.18,Credit Card
3473,2025-07-09 05:49:48.658865,Healthcare,Flipkart,4190.16,UPI
3474,2025-07-09 07:08:17.929792,Travel,Airtel,2299.3,Cash
3475,2025-07-09 08:26:47.200720,Bills,Local Store,2975.23,Debit Card
3476,2025-07-09 09:45:16.471647,Shopping,Airtel,2692.87,UPI
3477,2025-07-09 11:03:45.742574,Education,Zomato,4699.02,UPI
3478,2025-07-09 12:22:15.013501,Shopping,Swiggy,3641.25,UPI
3479,2025-07-09 13:40:44.284428,Entertainment,Reliance,4630.45,Credit Card
3480,2025-07-09 14:59:13.555355,Healthcare,Swiggy,1139.05,Credit Card
3481,2025-07-09 16:17:42.826282,Healthcare,Reliance,1585.67,Credit Card
3482,2025-07-09 17:36:12.097209,Education,Uber,401.02,Credit Card
3483,2025-07-09 18:54:41.368136,Bills,Swiggy,2524.54,Debit Card
3484,2025-07-09 20:13:10.639063,Bills,Local Store,4375.92,Debit Card
3485,2025-07-09 21:31:39.909991,Healthcare,Amazon,1667.89,Credit Card
3486,2025-07-09 22:50:09.180918,Bills,Uber,685.0,Cash
3487,2025-07-10 00:08:38.451845,Healthcare,Reliance,388.81,Credit Card
3488,2025-07-10 01:27:07.722772,Education,Reliance,2265.13,Credit Card
3489,2025-07-10 02:45:36.993699,Transport,Uber,861.91,Cash
3490,2025-07-10 04:04:06.264626,Healthcare,Reliance,1763.21,UPI
3491,2025-07-10 05:22:35.535553,Shopping,Myntra,4108.9,Cash
3492,2025-07-10 06:41:04.806480,Bills,Amazon,1951.03,Cash
3493,2025-07-10 07:59:34.077407,Healthcare,Local Store,3068.86,Debit Card
3494,2025-07-10 09:18:03.348334,Healthcare,Myntra,2535.69,UPI
3495,2025-07-10 10:36:32.619261,Education,Reliance,3606.74,Cash
3496,2025-07-10 11:55:01.890189,Bills,Swiggy,823.02,Credit Card
3497,2025-07-10 13:13:31.161116,Transport,Myntra,4606.18,Cash
3498,2025-07-10 14:32:00.432043,Education,Swiggy,3235.98,Debit Card
3499,2025-07-10 15:50:29.702970,Transport,Uber,1391.22,Cash
3500,2025-07-10 17:08:58.973897,Travel,Airtel,660.11,Credit Card
3501,2025-07-10 18:27:28.244824,Education,Netflix,791.14,UPI
3502,2025-07-10 19:45:57.515751,Bills,Reliance,3924.18,Debit Card
3503,2025-07-10 21:04:26.786678,Food,Netflix,2961.14,UPI
3504,2025-07-10 22:22:56.057605,Bills,Amazon,1934.75,Debit Card
3505,2025-07-10 23:41:25.328532,Bills,Swiggy,1697.86,Credit Card
3506,2025-07-11 00:59:54.599459,Transport,Myntra,4286.0,Debit Card
3507,2025-07-11 02:18:23.870387,Transport,Netflix,4380.07,UPI
3508,2025-07-11 03:36:53.141314,Bills,Zomato,2927.25,UPI
3509,2025-07-11 04:55:22.412241,Bills,Reliance,2646.49,Cash
3510,2025-07-11 06:13:51.683168,Bills,Netflix,4091.42,UPI
3511,2025-07-11 07:32:20.954095,Transport,Myntra,3759.21,Cash
3512,2025-07-11 08:50:50.225022,Bills,Myntra,2031.61,UPI
3513,2025-07-11 10:09:19.495949,Bills,Amazon,459.56,Cash
3514,2025-07-11 11:27:48.766876,Travel,Flipkart,3854.08,Credit Card
3515,2025-07-11 12:46:18.037803,Entertainment,Local Store,885.07,Cash
3516,2025-07-11 14:04:47.308730,Food,Zomato,131.07,UPI
3517,2025-07-11 15:23:16.579657,Shopping,Netflix,4224.35,Credit Card
3518,2025-07-11 16:41:45.850585,Food,Local Store,2912.36,Debit Card
3519,2025-07-11 18:00:15.121512,Entertainment,Zomato,4463.75,UPI
3520,2025-07-11 19:18:44.392439,Shopping,Flipkart,2448.71,Cash
3521,2025-07-11 20:37:13.663366,Education,Netflix,4636.08,Debit Card
3522,2025-07-11 21:55:42.934293,Bills,Zomato,1802.16,Cash
3523,2025-07-11 23:14:12.205220,Entertainment,Local Store,3636.38,Debit Card
3524,2025-07-12 00:32:41.476147,Travel,Swiggy,1539.88,Credit Card
3525,2025-07-12 01:51:10.747074,Education,Myntra,55.76,UPI
3526,2025-07-12 03:09:40.018001,Bills,Airtel,1929.74,Credit Card
3527,2025-07-12 04:28:09.288928,Transport,Uber,3701.94,UPI
3528,2025-07-12 05:46:38.559855,Healthcare,Reliance,792.62,Debit Card
3529,2025-07-12 07:05:07.830783,Entertainment,Airtel,2548.77,Credit Card
3530,2025-07-12 08:23:37.101710,Transport,Netflix,1100.99,UPI
3531,2025-07-12 09:42:06.372637,Entertainment,Netflix,419.39,Debit Card
3532,2025-07-12 11:00:35.643564,Travel,Zomato,3106.39,Credit Card
3533,2025-07-12 12:19:04.914491,Entertainment,Myntra,4762.24,Credit Card
3534,2025-07-12 13:37:34.185418,Transport,Flipkart,1587.99,Credit Card
3535,2025-07-12 14:56:03.456345,Travel,Amazon,2924.2,Credit Card
3536,2025-07-12 16:14:32.727272,Shopping,Zomato,4770.34,Cash
3537,2025-07-12 17:33:01.998199,Food,Amazon,3269.89,Debit Card
3538,2025-07-12 18:51:31.269126,Bills,Uber,3381.91,Cash
3539,2025-07-12 20:10:00.540054,Entertainment,Local Store,935.7,Debit Card
3540,2025-07-12 21:28:29.810981,Bills,Zomato,21728.23,Debit Card
3541,2025-07-12 22:46:59.081908,Healthcare,Uber,1867.06,Debit Card
3542,2025-07-13 00:05:28.352835,Transport,Reliance,2381.24,UPI
3543,2025-07-13 01:23:57.623762,Bills,Zomato,4014.09,Debit Card
3544,2025-07-13 02:42:26.894689,Transport,Myntra,2330.46,Credit Card
3545,2025-07-13 04:00:56.165616,Bills,Myntra,361.11,Cash
3546,2025-07-13 05:19:25.436543,Food,Netflix,4532.43,Credit Card
3547,2025-07-13 06:37:54.707470,Food,Reliance,2746.84,Credit Card
3548,2025-07-13 07:56:23.978397,Travel,Netflix,4626.25,Cash
3549,2025-07-13 09:14:53.249324,Food,Amazon,2883.15,Credit Card
3550,2025-07-13 10:33:22.520252,Travel,Airtel,394.7,UPI
3551,2025-07-13 11:51:51.791179,Food,Flipkart,2786.7,Credit Card
3552,2025-07-13 13:10:21.062106,Food,Reliance,2899.91,Credit Card
3553,2025-07-13 14:28:50.333033,Food,Local Store,1110.98,Cash
3554,2025-07-13 15:47:19.603960,Transport,Flipkart,2381.59,Credit Card
3555,2025-07-13 17:05:48.874887,Entertainment,Flipkart,2324.24,Cash
3556,2025-07-13 18:24:18.145814,Travel,Swiggy,3133.24,Debit Card
3557,2025-07-13 19:42:47.416741,Bills,Zomato,1335.09,Debit Card
3558,2025-07-13 21:01:16.687668,Food,Local Store,2929.65,UPI
3559,2025-07-13 22:19:45.958595,Transport,Reliance,1242.71,Cash
3560,2025-07-13 23:38:15.229522,Transport,Netflix,2259.9,Cash
3561,2025-07-14 00:56:44.500450,Transport,Amazon,657.39,Cash
3562,2025-07-14 02:15:13.771377,Travel,Zomato,234.64,UPI
3563,2025-07-14 03:33:43.042304,Entertainment,Swiggy,1636.91,UPI
3564,2025-07-14 04:52:12.313231,Travel,Amazon,1409.13,Credit Card
3565,2025-07-14 06:10:41.584158,Bills,Reliance,2064.33,Cash
3566,2025-07-14 07:29:10.855085,Entertainment,Airtel,4811.81,UPI
3567,2025-07-14 08:47:40.126012,Shopping,Flipkart,2635.04,Debit Card
3568,2025-07-14 10:06:09.396939,Education,Swiggy,2788.22,Debit Card
3569,2025-07-14 11:24:38.667866,Transport,Amazon,4710.93,Cash
3570,2025-07-14 12:43:07.938793,Travel,Netflix,4609.68,Debit Card
3571,2025-07-14 14:01:37.209720,Shopping,Swiggy,4426.35,Credit Card
3572,2025-07-14 15:20:06.480648,Healthcare,Amazon,535.07,Credit Card
3573,2025-07-14 16:38:35.751575,Travel,Swiggy,3189.77,Cash
3574,2025-07-14 17:57:05.022502,Food,Netflix,4050.09,UPI
3575,2025-07-14 19:15:34.293429,Education,Netflix,4186.09,UPI
3576,2025-07-14 20:34:03.564356,Food,Local Store,2910.64,UPI
3577,2025-07-14 21:52:32.835283,Entertainment,Myntra,136.6,UPI
3578,2025-07-14 23:11:02.106210,Education,Flipkart,4869.88,Cash
3579,2025-07-15 00:29:31.377137,Travel,Zomato,2387.37,Credit Card
3580,2025-07-15 01:48:00.648064,Bills,Zomato,1998.3,Cash
3581,2025-07-15 03:06:29.918991,Shopping,Reliance,2005.0,Cash
3582,2025-07-15 04:24:59.189918,Bills,Uber,2149.55,Debit Card
3583,2025-07-15 05:43:28.460846,Travel,Reliance,1248.79,Credit Card
3584,2025-07-15 07:01:57.731773,Entertainment,Uber,1670.3,UPI
3585,2025-07-15 08:20:27.002700,Food,Swiggy,4927.52,Credit Card
3586,2025-07-15 09:38:56.273627,Education,Uber,1872.43,Debit Card
3587,2025-07-15 10:57:25.544554,Bills,Myntra,2657.29,Cash
3588,2025-07-15 12:15:54.815481,Travel,Myntra,4249.06,Credit Card
3589,2025-07-15 13:34:24.086408,Bills,Flipkart,2660.77,Debit Card
3590,2025-07-15 14:52:53.357335,Travel,Amazon,1656.04,Cash
3591,2025-07-15 16:11:22.628262,Food,Zomato,2642.57,UPI
3592,2025-07-15 17:29:51.899189,Education,Flipkart,614.73,Credit Card
3593,2025-07-15 18:48:21.170117,Shopping,Myntra,693.53,UPI
3594,2025-07-15 20:06:50.441044,Food,Amazon,3485.83,UPI
3595,2025-07-15 21:25:19.711971,Bills,Reliance,4591.43,Debit Card
3596,2025-07-15 22:43:48.982898,Shopping,Zomato,3642.11,Debit Card
3597,2025-07-16 00:02:18.253825,Travel,Local Store,419.34,Cash
3598,2025-07-16 01:20:47.524752,Shopping,Zomato,2044.33,UPI
3599,2025-07-16 02:39:16.795679,Travel,Swiggy,62.64,Debit Card
3600,2025-07-16 03:57:46.066606,Food,Airtel,2580.47,Debit Card
3601,2025-07-16 05:16:15.337533,Bills,Zomato,1006.36,UPI
3602,2025-07-16 06:34:44.608460,Entertainment,Myntra,4347.33,Cash
3603,2025-07-16 07:53:13.879387,Bills,Swiggy,566.46,UPI
3604,2025-07-16 09:11:43.150315,Travel,Netflix,57.1,Cash
3605,2025-07-16 10:30:12.421242,Transport,Uber,2283.17,Cash
3606,2025-07-16 11:48:41.692169,Education,Reliance,819.39,Debit Card
3607,2025-07-16 13:07:10.963096,Healthcare,Local Store,3703.03,UPI
3608,2025-07-16 14:25:40.234023,Entertainment,Reliance,4603.68,UPI
3609,2025-07-16 15:44:09.504950,Shopping,Netflix,257.59,Debit Card
3610,2025-07-16 17:02:38.775877,Entertainment,Airtel,2008.13,Credit Card
3611,2025-07-16 18:21:08.046804,Education,Zomato,4984.23,Credit Card
3612,2025-07-16 19:39:37.317731,Shopping,Flipkart,3676.73,UPI
3613,2025-07-16 20:58:06.588658,Education,Swiggy,4768.28,Debit Card
3614,2025-07-16 22:16:35.859585,Shopping,Local Store,862.21,Cash
3615,2025-07-16 23:35:05.130513,Entertainment,Netflix,1145.77,Cash
3616,2025-07-17 00:53:34.401440,Shopping,Airtel,816.32,UPI
3617,2025-07-17 02:12:03.672367,Shopping,Reliance,1546.73,Debit Card
3618,2025-07-17 03:30:32.943294,Transport,Netflix,3635.7,UPI
3619,2025-07-17 04:49:02.214221,Bills,Local Store,866.49,UPI
3620,2025-07-17 06:07:31.485148,Bills,Local Store,2644.96,Debit Card
3621,2025-07-17 07:26:00.756075,Healthcare,Airtel,1382.59,UPI
3622,2025-07-17 08:44:30.027002,Healthcare,Reliance,4154.52,Cash
3623,2025-07-17 10:02:59.297929,Travel,Myntra,82.63,Credit Card
3624,2025-07-17 11:21:28.568856,Travel,Local Store,1154.42,Cash
3625,2025-07-17 12:39:57.839783,Travel,Swiggy,3045.94,Credit Card
3626,2025-07-17 13:58:27.110711,Transport,Swiggy,528.72,Debit Card
3627,2025-07-17 15:16:56.381638,Healthcare,Uber,2358.25,UPI
3628,2025-07-17 16:35:25.652565,Education,Reliance,2209.23,Credit Card
3629,2025-07-17 17:53:54.923492,Travel,Netflix,4269.99,Debit Card
3630,2025-07-17 19:12:24.194419,Travel,Swiggy,3145.72,Debit Card
3631,2025-07-17 20:30:53.465346,Entertainment,Airtel,3216.53,Debit Card
3632,2025-07-17 21:49:22.736273,Food,Netflix,4761.45,Cash
3633,2025-07-17 23:07:52.007200,Education,Reliance,4912.68,Cash
3634,2025-07-18 00:26:21.278127,Travel,Airtel,3284.3,Credit Card
3635,2025-07-18 01:44:50.549054,Travel,Zomato,2633.91,Credit Card
3636,2025-07-18 03:03:19.819982,Travel,Amazon,3059.2,Cash
3637,2025-07-18 04:21:49.090909,Food,Swiggy,1943.1,Credit Card
3638,2025-07-18 05:40:18.361836,Food,Swiggy,4937.91,Credit Card
3639,2025-07-18 06:58:47.632763,Transport,Uber,3539.86,UPI
3640,2025-07-18 08:17:16.903690,Education,Myntra,1490.48,Credit Card
3641,2025-07-18 09:35:46.174617,Transport,Uber,335.94,Debit Card
3642,2025-07-18 10:54:15.445544,Shopping,Reliance,271.37,UPI
3643,2025-07-18 12:12:44.716471,Food,Uber,1064.32,Credit Card
3644,2025-07-18 13:31:13.987398,Entertainment,Myntra,1202.92,UPI
3645,2025-07-18 14:49:43.258325,Healthcare,Myntra,2104.48,Debit Card
3646,2025-07-18 16:08:12.529252,Entertainment,Local Store,15809.0,Credit Card
3647,2025-07-18 17:26:41.800180,Healthcare,Local Store,3173.01,UPI
3648,2025-07-18 18:45:11.071107,Food,Amazon,1095.71,Credit Card
3649,2025-07-18 20:03:40.342034,Food,Airtel,979.99,UPI
3650,2025-07-18 21:22:09.612961,Food,Zomato,2382.62,UPI
3651,2025-07-18 22:40:38.883888,Transport,Myntra,4448.91,Debit Card
3652,2025-07-18 23:59:08.154815,Education,Zomato,2368.11,Debit Card
3653,2025-07-19 01:17:37.425742,Healthcare,Swiggy,2098.55,Credit Card
3654,2025-07-19 02:36:06.696669,Education,Flipkart,2911.57,Cash
3655,2025-07-19 03:54:35.967596,Transport,Amazon,1323.21,Credit Card
3656,2025-07-19 05:13:05.238523,Transport,Reliance,1799.51,UPI
3657,2025-07-19 06:31:34.509450,Bills,Netflix,1108.48,Debit Card
3658,2025-07-19 07:50:03.780378,Entertainment,Zomato,2880.46,Debit Card
3659,2025-07-19 09:08:33.051305,Entertainment,Uber,3502.07,UPI
3660,2025-07-19 10:27:02.322232,Shopping,Myntra,3384.81,Cash
3661,2025-07-19 11:45:31.593159,Travel,Zomato,1311.35,Debit Card
3662,2025-07-19 13:04:00.864086,Transport,Netflix,3909.26,Cash
3663,2025-07-19 14:22:30.135013,Healthcare,Myntra,1316.97,Debit Card
3664,2025-07-19 15:40:59.405940,Bills,Reliance,794.04,UPI
3665,2025-07-19 16:59:28.676867,Bills,Flipkart,1781.55,Credit Card
3666,2025-07-19 18:17:57.947794,Travel,Uber,3008.83,Credit Card
3667,2025-07-19 19:36:27.218721,Education,Zomato,752.91,Cash
3668,2025-07-19 20:54:56.489648,Travel,Local Store,3258.03,Credit Card
3669,2025-07-19 22:13:25.760576,Travel,Amazon,4322.19,UPI
3670,2025-07-19 23:31:55.031503,Travel,Zomato,1501.05,Credit Card
3671,2025-07-20 00:50:24.302430,Entertainment,Zomato,2278.52,Cash
3672,2025-07-20 02:08:53.573357,Transport,Netflix,1180.14,UPI
3673,2025-07-20 03:27:22.844284,Shopping,Netflix,1838.25,UPI
3674,2025-07-20 04:45:52.115211,Transport,Amazon,158.75,Debit Card
3675,2025-07-20 06:04:21.386138,Education,Zomato,4771.16,Debit Card
3676,2025-07-20 07:22:50.657065,Food,Airtel,2108.66,Credit Card
3677,2025-07-20 08:41:19.927992,Travel,Reliance,3954.91,Cash
3678,2025-07-20 09:59:49.198919,Transport,Netflix,756.09,UPI
3679,2025-07-20 11:18:18.469846,Education,Netflix,4071.16,Credit Card
3680,2025-07-20 12:36:47.740774,Food,Airtel,4307.73,Credit Card
3681,2025-07-20 13:55:17.011701,Food,Myntra,3591.61,Debit Card
3682,2025-07-20 15:13:46.282628,Travel,Zomato,4520.88,Credit Card
3683,2025-07-20 16:32:15.553555,Shopping,Amazon,877.63,Credit Card
3684,2025-07-20 17:50:44.824482,Healthcare,Netflix,2408.59,Debit Card
3685,2025-07-20 19:09:14.095409,Entertainment,Amazon,3119.54,Credit Card
3686,2025-07-20 20:27:43.366336,Transport,Amazon,3001.16,Credit Card
3687,2025-07-20 21:46:12.637263,Food,Reliance,4312.15,UPI
3688,2025-07-20 23:04:41.908190,Transport,Local Store,1117.67,Credit Card
3689,2025-07-21 00:23:11.179117,Healthcare,Netflix,919.44,Debit Card
3690,2025-07-21 01:41:40.450045,Entertainment,Uber,1304.22,Debit Card
3691,2025-07-21 03:00:09.720972,Healthcare,Myntra,4463.17,UPI
3692,2025-07-21 04:18:38.991899,Entertainment,Amazon,4708.08,Debit Card
3693,2025-07-21 05:37:08.262826,Bills,Netflix,2869.67,Debit Card
3694,2025-07-21 06:55:37.533753,Entertainment,Myntra,2531.79,Debit Card
3695,2025-07-21 08:14:06.804680,Travel,Uber,3046.66,Credit Card
3696,2025-07-21 09:32:36.075607,Shopping,Netflix,3100.72,UPI
3697,2025-07-21 10:51:05.346534,Healthcare,Zomato,893.01,Cash
3698,2025-07-21 12:09:34.617461,Food,Amazon,3447.73,UPI
3699,2025-07-21 13:28:03.888388,Travel,Uber,2289.14,UPI
3700,2025-07-21 14:46:33.159315,Bills,Zomato,2611.04,UPI
3701,2025-07-21 16:05:02.430243,Shopping,Amazon,200.07,Cash
3702,2025-07-21 17:23:31.701170,Transport,Swiggy,3834.56,Cash
3703,2025-07-21 18:42:00.972097,Travel,Flipkart,4185.37,Debit Card
3704,2025-07-21 20:00:30.243024,Healthcare,Airtel,3116.14,Credit Card
3705,2025-07-21 21:18:59.513951,Education,Amazon,3756.18,Debit Card
3706,2025-07-21 22:37:28.784878,Education,Uber,2637.39,Debit Card
3707,2025-07-21 23:55:58.055805,Food,Uber,3110.85,Cash
3708,2025-07-22 01:14:27.326732,Entertainment,Flipkart,2003.13,Debit Card
3709,2025-07-22 02:32:56.597659,Food,Netflix,3969.78,Debit Card
3710,2025-07-22 03:51:25.868586,Education,Airtel,2367.94,Cash
3711,2025-07-22 05:09:55.139513,Transport,Myntra,3417.05,UPI
3712,2025-07-22 06:28:24.410441,Bills,Amazon,3126.08,UPI
3713,2025-07-22 07:46:53.681368,Bills,Netflix,3526.46,Cash
3714,2025-07-22 09:05:22.952295,Healthcare,Zomato,3936.82,Credit Card
3715,2025-07-22 10:23:52.223222,Bills,Myntra,2587.93,Debit Card
3716,2025-07-22 11:42:21.494149,Healthcare,Airtel,4074.68,UPI
3717,2025-07-22 13:00:50.765076,Travel,Netflix,2511.42,Cash
3718,2025-07-22 14:19:20.036003,Healthcare,Local Store,4785.34,Credit Card
3719,2025-07-22 15:37:49.306930,Travel,Myntra,3775.73,Debit Card
3720,2025-07-22 16:56:18.577857,Healthcare,Reliance,897.15,Cash
3721,2025-07-22 18:14:47.848784,Education,Reliance,4156.44,Cash
3722,2025-07-22 19:33:17.119711,Education,Amazon,2780.36,Cash
3723,2025-07-22 20:51:46.390639,Entertainment,Amazon,4923.08,Debit Card
3724,2025-07-22 22:10:15.661566,Travel,Amazon,3608.15,UPI
3725,2025-07-22 23:28:44.932493,Shopping,Airtel,467.73,Debit Card
3726,2025-07-23 00:47:14.203420,Travel,Local Store,2005.05,Debit Card
3727,2025-07-23 02:05:43.474347,Healthcare,Netflix,2610.51,UPI
3728,2025-07-23 03:24:12.745274,Healthcare,Zomato,4203.12,Cash
3729,2025-07-23 04:42:42.016201,Shopping,Swiggy,3660.26,Credit Card
3730,2025-07-23 06:01:11.287128,Food,Uber,1878.33,Credit Card
3731,2025-07-23 07:19:40.558055,Healthcare,Zomato,3284.49,UPI
3732,2025-07-23 08:38:09.828982,Entertainment,Netflix,2905.71,UPI
3733,2025-07-23 09:56:39.099909,Bills,Local Store,673.96,Cash
3734,2025-07-23 11:15:08.370837,Bills,Airtel,1212.55,Credit Card
3735,2025-07-23 12:33:37.641764,Transport,Myntra,1738.56,Credit Card
3736,2025-07-23 13:52:06.912691,Transport,Zomato,1017.64,Cash
3737,2025-07-23 15:10:36.183618,Bills,Myntra,793.16,UPI
3738,2025-07-23 16:29:05.454545,Bills,Swiggy,338.08,UPI
3739,2025-07-23 17:47:34.725472,Education,Netflix,4371.86,Cash
3740,2025-07-23 19:06:03.996399,Entertainment,Local Store,1480.27,UPI
3741,2025-07-23 20:24:33.267326,Shopping,Netflix,1487.09,Debit Card
3742,2025-07-23 21:43:02.538253,Transport,Uber,1070.83,UPI
3743,2025-07-23 23:01:31.809180,Education,Airtel,2403.22,Debit Card
3744,2025-07-24 00:20:01.080108,Education,Uber,2595.5,Credit Card
3745,2025-07-24 01:38:30.351035,Shopping,Netflix,1080.99,Credit Card
3746,2025-07-24 02:56:59.621962,Education,Uber,3062.42,UPI
3747,2025-07-24 04:15:28.892889,Travel,Flipkart,3628.85,Cash
3748,2025-07-24 05:33:58.163816,Entertainment,Netflix,1900.51,UPI
3749,2025-07-24 06:52:27.434743,Bills,Local Store,2947.99,Cash
3750,2025-07-24 08:10:56.705670,Healthcare,Zomato,2536.39,Credit Card
3751,2025-07-24 09:29:25.976597,Shopping,Local Store,1017.96,Credit Card
3752,2025-07-24 10:47:55.247524,Bills,Flipkart,3663.55,Credit Card
3753,2025-07-24 12:06:24.518451,Bills,Zomato,4017.19,Cash
3754,2025-07-24 13:24:53.789378,Food,Flipkart,3261.53,Cash
3755,2025-07-24 14:43:23.060306,Travel,Zomato,1653.29,Credit Card
3756,2025-07-24 16:01:52.331233,Shopping,Local Store,4637.62,UPI
3757,2025-07-24 17:20:21.602160,Education,Netflix,2304.02,Cash
3758,2025-07-24 18:38:50.873087,Healthcare,Amazon,1366.1,Debit Card
3759,2025-07-24 19:57:20.144014,Shopping,Reliance,2070.76,Credit Card
3760,2025-07-24 21:15:49.414941,Education,Reliance,3475.77,Cash
3761,2025-07-24 22:34:18.685868,Bills,Flipkart,4237.36,Credit Card
3762,2025-07-24 23:52:47.956795,Healthcare,Reliance,1815.05,Debit Card
3763,2025-07-25 01:11:17.227722,Education,Local Store,1201.49,UPI
3764,2025-07-25 02:29:46.498649,Entertainment,Myntra,3151.14,Debit Card
3765,2025-07-25 03:48:15.769576,Education,Flipkart,4610.01,UPI
3766,2025-07-25 05:06:45.040504,Food,Zomato,957.3,UPI
3767,2025-07-25 06:25:14.311431,Travel,Airtel,4024.95,Cash
3768,2025-07-25 07:43:43.582358,Bills,Uber,2409.21,UPI
3769,2025-07-25 09:02:12.853285,Education,Local Store,4007.59,UPI
3770,2025-07-25 10:20:42.124212,Travel,Zomato,2552.43,UPI
3771,2025-07-25 11:39:11.395139,Transport,Myntra,1917.77,Credit Card
3772,2025-07-25 12:57:40.666066,Transport,Airtel,3498.87,Cash
3773,2025-07-25 14:16:09.936993,Travel,Reliance,4508.11,Cash
3774,2025-07-25 15:34:39.207920,Travel,Myntra,1635.25,UPI
3775,2025-07-25 16:53:08.478847,Food,Flipkart,2330.7,Credit Card
3776,2025-07-25 18:11:37.749774,Entertainment,Swiggy,1185.53,UPI
3777,2025-07-25 19:30:07.020702,Bills,Swiggy,957.88,Cash
3778,2025-07-25 20:48:36.291629,Shopping,Reliance,3900.56,Cash
3779,2025-07-25 22:07:05.562556,Food,Swiggy,1043.29,Cash
3780,2025-07-25 23:25:34.833483,Entertainment,Swiggy,3976.92,Cash
3781,2025-07-26 00:44:04.104410,Travel,Zomato,2174.62,Credit Card
3782,2025-07-26 02:02:33.375337,Shopping,Zomato,4975.49,Debit Card
3783,2025-07-26 03:21:02.646264,Travel,Uber,1026.84,Debit Card
3784,2025-07-26 04:39:31.917191,Travel,Netflix,510.24,Credit Card
3785,2025-07-26 05:58:01.188118,Transport,Reliance,423.39,UPI
3786,2025-07-26 07:16:30.459045,Transport,Swiggy,4185.32,Cash
3787,2025-07-26 08:34:59.729973,Shopping,Uber,2216.99,Cash
3788,2025-07-26 09:53:29.000900,Food,Reliance,65.47,Cash
3789,2025-07-26 11:11:58.271827,Transport,Swiggy,4380.12,Credit Card
3790,2025-07-26 12:30:27.542754,Bills,Local Store,4390.76,Credit Card
3791,2025-07-26 13:48:56.813681,Travel,Amazon,4041.76,Cash
3792,2025-07-26 15:07:26.084608,Healthcare,Local Store,1279.18,Cash
3793,2025-07-26 16:25:55.355535,Education,Airtel,1895.13,UPI
3794,2025-07-26 17:44:24.626462,Shopping,Reliance,3737.38,Debit Card
3795,2025-07-26 19:02:53.897389,Shopping,Netflix,2472.3,Credit Card
3796,2025-07-26 20:21:23.168316,Transport,Airtel,811.44,Debit Card
3797,2025-07-26 21:39:52.439243,Food,Uber,1251.85,Cash
3798,2025-07-26 22:58:21.710171,Travel,Uber,4864.32,Debit Card
3799,2025-07-27 00:16:50.981098,Bills,Swiggy,797.51,Debit Card
3800,2025-07-27 01:35:20.252025,Food,Airtel,3644.1,Credit Card
3801,2025-07-27 02:53:49.522952,Entertainment,Swiggy,2416.19,Credit Card
3802,2025-07-27 04:12:18.793879,Entertainment,Reliance,3755.58,UPI
3803,2025-07-27 05:30:48.064806,Healthcare,Uber,3322.51,Cash
3804,2025-07-27 06:49:17.335733,Transport,Amazon,2223.88,UPI
3805,2025-07-27 08:07:46.606660,Transport,Uber,1801.86,Credit Card
3806,2025-07-27 09:26:15.877587,Transport,Zomato,3784.08,UPI
3807,2025-07-27 10:44:45.148514,Healthcare,Myntra,1649.55,Debit Card
3808,2025-07-27 12:03:14.419441,Entertainment,Netflix,3949.47,Debit Card
3809,2025-07-27 13:21:43.690369,Food,Airtel,3415.22,Credit Card
3810,2025-07-27 14:40:12.961296,Healthcare,Swiggy,2909.46,Debit Card
3811,2025-07-27 15:58:42.232223,Healthcare,Myntra,1875.56,Cash
3812,2025-07-27 17:17:11.503150,Food,Myntra,1065.15,Credit Card
3813,2025-07-27 18:35:40.774077,Transport,Local Store,3566.58,Cash
3814,2025-07-27 19:54:10.045004,Bills,Flipkart,502.18,Credit Card
3815,2025-07-27 21:12:39.315931,Food,Local Store,4854.18,Credit Card
3816,2025-07-27 22:31:08.586858,Entertainment,Local Store,4894.8,Debit Card
3817,2025-07-27 23:49:37.857785,Shopping,Netflix,694.6,Credit Card
3818,2025-07-28 01:08:07.128712,Travel,Zomato,564.48,Credit Card
3819,2025-07-28 02:26:36.399639,Shopping,Uber,2092.95,UPI
3820,2025-07-28 03:45:05.670567,Education,Local Store,4820.23,Debit Card
3821,2025-07-28 05:03:34.941494,Education,Reliance,2031.54,Cash
3822,2025-07-28 06:22:04.212421,Healthcare,Uber,1850.82,Credit Card
3823,2025-07-28 07:40:33.483348,Travel,Zomato,3532.75,Cash
3824,2025-07-28 08:59:02.754275,Shopping,Swiggy,934.72,UPI
3825,2025-07-28 10:17:32.025202,Bills,Flipkart,1848.45,Credit Card
3826,2025-07-28 11:36:01.296129,Transport,Uber,1491.97,Cash
3827,2025-07-28 12:54:30.567056,Entertainment,Airtel,3027.6,Debit Card
3828,2025-07-28 14:12:59.837983,Education,Netflix,855.63,UPI
3829,2025-07-28 15:31:29.108910,Bills,Myntra,2766.07,UPI
3830,2025-07-28 16:49:58.379837,Entertainment,Swiggy,4294.86,Cash
3831,2025-07-28 18:08:27.650765,Entertainment,Zomato,2595.14,Credit Card
3832,2025-07-28 19:26:56.921692,Transport,Local Store,3433.31,Credit Card
3833,2025-07-28 20:45:26.192619,Travel,Reliance,422.48,Debit Card
3834,2025-07-28 22:03:55.463546,Healthcare,Reliance,2272.58,Debit Card
3835,2025-07-28 23:22:24.734473,Shopping,Flipkart,519.72,Credit Card
3836,2025-07-29 00:40:54.005400,Transport,Zomato,3017.34,UPI
3837,2025-07-29 01:59:23.276327,Bills,Swiggy,1441.22,Debit Card
3838,2025-07-29 03:17:52.547254,Healthcare,Airtel,1471.97,Debit Card
3839,2025-07-29 04:36:21.818181,Bills,Myntra,430.0,UPI
3840,2025-07-29 05:54:51.089108,Healthcare,Local Store,1585.68,Credit Card
3841,2025-07-29 07:13:20.360036,Travel,Netflix,2558.05,Cash
3842,2025-07-29 08:31:49.630963,Education,Amazon,2944.07,Debit Card
3843,2025-07-29 09:50:18.901890,Bills,Amazon,379.99,UPI
3844,2025-07-29 11:08:48.172817,Transport,Local Store,3274.72,Debit Card
3845,2025-07-29 12:27:17.443744,Healthcare,Swiggy,2469.94,UPI
3846,2025-07-29 13:45:46.714671,Healthcare,Local Store,2707.69,Debit Card
3847,2025-07-29 15:04:15.985598,Entertainment,Zomato,4172.34,Credit Card
3848,2025-07-29 16:22:45.256525,Entertainment,Amazon,1744.02,UPI
3849,2025-07-29 17:41:14.527452,Food,Flipkart,911.55,Cash
3850,2025-07-29 18:59:43.798379,Bills,Zomato,2781.46,Cash
3851,2025-07-29 20:18:13.069306,Entertainment,Amazon,4727.86,Debit Card
3852,2025-07-29 21:36:42.340234,Food,Airtel,2613.45,Cash
3853,2025-07-29 22:55:11.611161,Education,Myntra,4167.97,Debit Card
3854,2025-07-30 00:13:40.882088,Education,Reliance,3797.31,UPI
3855,2025-07-30 01:32:10.153015,Entertainment,Zomato,2615.74,UPI
3856,2025-07-30 02:50:39.423942,Bills,Reliance,3255.4,Cash
3857,2025-07-30 04:09:08.694869,Healthcare,Reliance,2063.07,Cash
3858,2025-07-30 05:27:37.965796,Shopping,Amazon,2676.61,Credit Card
3859,2025-07-30 06:46:07.236723,Travel,Zomato,2561.06,UPI
3860,2025-07-30 08:04:36.507650,Bills,Myntra,3560.1,Cash
3861,2025-07-30 09:23:05.778577,Travel,Airtel,2079.41,Cash
3862,2025-07-30 10:41:35.049504,Transport,Uber,543.85,Cash
3863,2025-07-30 12:00:04.320432,Education,Flipkart,3954.11,Debit Card
3864,2025-07-30 13:18:33.591359,Entertainment,Reliance,3440.02,Credit Card
3865,2025-07-30 14:37:02.862286,Entertainment,Myntra,4753.11,UPI
3866,2025-07-30 15:55:32.133213,Travel,Netflix,2172.15,Cash
3867,2025-07-30 17:14:01.404140,Healthcare,Netflix,437.12,Cash
3868,2025-07-30 18:32:30.675067,Travel,Uber,652.01,Cash
3869,2025-07-30 19:50:59.945994,Transport,Uber,3877.93,Debit Card
3870,2025-07-30 21:09:29.216921,Healthcare,Uber,385.4,UPI
3871,2025-07-30 22:27:58.487848,Transport,Flipkart,4543.74,Cash
3872,2025-07-30 23:46:27.758775,Shopping,Flipkart,1444.17,Cash
3873,2025-07-31 01:04:57.029702,Education,Airtel,4499.45,Debit Card
3874,2025-07-31 02:23:26.300630,Entertainment,Reliance,3878.86,Debit Card
3875,2025-07-31 03:41:55.571557,Entertainment,Swiggy,4362.45,Credit Card
3876,2025-07-31 05:00:24.842484,Shopping,Netflix,1109.5,Credit Card
3877,2025-07-31 06:18:54.113411,Food,Amazon,2998.68,UPI
3878,2025-07-31 07:37:23.384338,Education,Amazon,513.27,Credit Card
3879,2025-07-31 08:55:52.655265,Healthcare,Uber,1051.29,UPI
3880,2025-07-31 10:14:21.926192,Shopping,Local Store,1584.02,Credit Card
3881,2025-07-31 11:32:51.197119,Healthcare,Netflix,3717.02,Cash
3882,2025-07-31 12:51:20.468046,Travel,Swiggy,172.34,Credit Card
3883,2025-07-31 14:09:49.738973,Bills,Swiggy,4520.43,Cash
3884,2025-07-31 15:28:19.009900,Entertainment,Amazon,400.48,UPI
3885,2025-07-31 16:46:48.280828,Healthcare,Local Store,1913.63,Credit Card
3886,2025-07-31 18:05:17.551755,Transport,Swiggy,451.39,Credit Card
3887,2025-07-31 19:23:46.822682,Healthcare,Netflix,3856.39,Credit Card
3888,2025-07-31 20:42:16.093609,Bills,Reliance,749.51,Cash
3889,2025-07-31 22:00:45.364536,Education,Myntra,4429.55,Cash
3890,2025-07-31 23:19:14.635463,Entertainment,Local Store,2674.6,Credit Card
3891,2025-08-01 00:37:43.906390,Travel,Swiggy,4744.94,UPI
3892,2025-08-01 01:56:13.177317,Shopping,Local Store,1487.29,Cash
3893,2025-08-01 03:14:42.448244,Travel,Local Store,2298.86,Debit Card
3894,2025-08-01 04:33:11.719171,Bills,Reliance,3486.52,UPI
3895,2025-08-01 05:51:40.990099,Entertainment,Netflix,4167.97,UPI
3896,2025-08-01 07:10:10.261026,Healthcare,Amazon,2135.72,UPI
3897,2025-08-01 08:28:39.531953,Education,Reliance,4467.54,Cash
3898,2025-08-01 09:47:08.802880,Food,Swiggy,634.04,Credit Card
3899,2025-08-01 11:05:38.073807,Education,Uber,3557.99,Credit Card
3900,2025-08-01 12:24:07.344734,Food,Reliance,1773.58,Debit Card
3901,2025-08-01 13:42:36.615661,Transport,Uber,551.61,Credit Card
3902,2025-08-01 15:01:05.886588,Education,Zomato,1963.99,Debit Card
3903,2025-08-01 16:19:35.157515,Entertainment,Amazon,4407.07,Debit Card
3904,2025-08-01 17:38:04.428442,Food,Netflix,4903.64,Credit Card
3905,2025-08-01 18:56:33.699369,Shopping,Myntra,1994.36,Debit Card
3906,2025-08-01 20:15:02.970297,Entertainment,Local Store,4437.76,UPI
3907,2025-08-01 21:33:32.241224,Shopping,Uber,2572.79,UPI
3908,2025-08-01 22:52:01.512151,Education,Myntra,3599.22,UPI
3909,2025-08-02 00:10:30.783078,Shopping,Myntra,274.59,Cash
3910,2025-08-02 01:29:00.054005,Food,Uber,2808.69,Debit Card
3911,2025-08-02 02:47:29.324932,Entertainment,Myntra,397.3,Debit Card
3912,2025-08-02 04:05:58.595859,Healthcare,Local Store,14748.02,UPI
3913,2025-08-02 05:24:27.866786,Bills,Airtel,2855.73,Cash
3914,2025-08-02 06:42:57.137713,Food,Zomato,4045.46,Credit Card
3915,2025-08-02 08:01:26.408640,Food,Uber,2826.42,UPI
3916,2025-08-02 09:19:55.679567,Healthcare,Local Store,4684.15,Cash
3917,2025-08-02 10:38:24.950495,Entertainment,Amazon,4061.15,Credit Card
3918,2025-08-02 11:56:54.221422,Entertainment,Uber,823.39,Cash
3919,2025-08-02 13:15:23.492349,Travel,Local Store,1975.34,Credit Card
3920,2025-08-02 14:33:52.763276,Education,Local Store,3359.0,Debit Card
3921,2025-08-02 15:52:22.034203,Shopping,Reliance,4695.11,Debit Card
3922,2025-08-02 17:10:51.305130,Education,Airtel,4939.19,Cash
3923,2025-08-02 18:29:20.576057,Healthcare,Uber,3827.77,Cash
3924,2025-08-02 19:47:49.846984,Education,Netflix,2890.16,Credit Card
3925,2025-08-02 21:06:19.117911,Healthcare,Local Store,3795.22,Cash
3926,2025-08-02 22:24:48.388838,Entertainment,Zomato,1402.52,Cash
3927,2025-08-02 23:43:17.659765,Shopping,Reliance,1453.83,Credit Card
3928,2025-08-03 01:01:46.930693,Education,Local Store,3289.03,Credit Card
3929,2025-08-03 02:20:16.201620,Food,Uber,4365.59,Debit Card
3930,2025-08-03 03:38:45.472547,Transport,Swiggy,4850.56,UPI
3931,2025-08-03 04:57:14.743474,Travel,Local Store,1739.61,Cash
3932,2025-08-03 06:15:44.014401,Bills,Flipkart,53416.66,Credit Card
3933,2025-08-03 07:34:13.285328,Food,Swiggy,4265.08,Debit Card
3934,2025-08-03 08:52:42.556255,Entertainment,Local Store,3134.71,UPI
3935,2025-08-03 10:11:11.827182,Bills,Myntra,1770.58,Cash
3936,2025-08-03 11:29:41.098109,Transport,Local Store,3114.49,Debit Card
3937,2025-08-03 12:48:10.369036,Transport,Amazon,2943.02,UPI
3938,2025-08-03 14:06:39.639963,Shopping,Myntra,3052.3,Cash
3939,2025-08-03 15:25:08.910891,Bills,Uber,3115.34,Debit Card
3940,2025-08-03 16:43:38.181818,Shopping,Zomato,4242.94,Cash
3941,2025-08-03 18:02:07.452745,Food,Swiggy,891.9,UPI
3942,2025-08-03 19:20:36.723672,Healthcare,Netflix,1868.11,Credit Card
3943,2025-08-03 20:39:05.994599,Healthcare,Reliance,2950.71,Debit Card
3944,2025-08-03 21:57:35.265526,Healthcare,Zomato,1452.47,UPI
3945,2025-08-03 23:16:04.536453,Bills,Myntra,4891.86,Cash
3946,2025-08-04 00:34:33.807380,Healthcare,Reliance,1352.59,UPI
3947,2025-08-04 01:53:03.078307,Food,Swiggy,2374.66,UPI
3948,2025-08-04 03:11:32.349234,Shopping,Netflix,4392.96,Credit Card
3949,2025-08-04 04:30:01.620162,Bills,Flipkart,446.32,Debit Card
3950,2025-08-04 05:48:30.891089,Shopping,Flipkart,4112.41,UPI
3951,2025-08-04 07:07:00.162016,Bills,Netflix,2876.49,Credit Card
3952,2025-08-04 08:25:29.432943,Shopping,Reliance,207.42,Credit Card
3953,2025-08-04 09:43:58.703870,Transport,Uber,4519.42,Credit Card
3954,2025-08-04 11:02:27.974797,Shopping,Reliance,244.02,Cash
3955,2025-08-04 12:20:57.245724,Healthcare,Local Store,2600.33,Credit Card
3956,2025-08-04 13:39:26.516651,Transport,Reliance,292.7,Credit Card
3957,2025-08-04 14:57:55.787578,Shopping,Uber,402.44,Credit Card
3958,2025-08-04 16:16:25.058505,Bills,Zomato,4441.66,Credit Card
3959,2025-08-04 17:34:54.329432,Bills,Swiggy,3840.84,Debit Card
3960,2025-08-04 18:53:23.600360,Travel,Reliance,1024.86,Debit Card
3961,2025-08-04 20:11:52.871287,Bills,Swiggy,3121.32,Credit Card
3962,2025-08-04 21:30:22.142214,Entertainment,Myntra,3983.66,UPI
3963,2025-08-04 22:48:51.413141,Food,Flipkart,4453.47,Cash
3964,2025-08-05 00:07:20.684068,Bills,Flipkart,2368.12,UPI
3965,2025-08-05 01:25:49.954995,Transport,Uber,4492.62,UPI
3966,2025-08-05 02:44:19.225922,Travel,Myntra,2563.86,Credit Card
3967,2025-08-05 04:02:48.496849,Bills,Flipkart,3456.73,UPI
3968,2025-08-05 05:21:17.767776,Entertainment,Uber,4896.2,Debit Card
3969,2025-08-05 06:39:47.038703,Healthcare,Reliance,1217.96,Debit Card
3970,2025-08-05 07:58:16.309630,Transport,Myntra,884.18,Cash
3971,2025-08-05 09:16:45.580558,Entertainment,Local Store,1742.99,Debit Card
3972,2025-08-05 10:35:14.851485,Healthcare,Local Store,863.78,Debit Card
3973,2025-08-05 11:53:44.122412,Education,Local Store,1456.61,Credit Card
3974,2025-08-05 13:12:13.393339,Education,Zomato,3727.78,Debit Card
3975,2025-08-05 14:30:42.664266,Transport,Local Store,2413.74,UPI
3976,2025-08-05 15:49:11.935193,Shopping,Myntra,1906.45,UPI
3977,2025-08-05 17:07:41.206120,Food,Amazon,1875.18,Debit Card
3978,2025-08-05 18:26:10.477047,Travel,Flipkart,1012.92,Cash
3979,2025-08-05 19:44:39.747974,Food,Local Store,2264.69,Cash
3980,2025-08-05 21:03:09.018901,Entertainment,Myntra,3141.95,Cash
3981,2025-08-05 22:21:38.289828,Healthcare,Airtel,738.82,Debit Card
3982,2025-08-05 23:40:07.560756,Food,Reliance,4865.42,Cash
3983,2025-08-06 00:58:36.831683,Healthcare,Zomato,2244.24,Debit Card
3984,2025-08-06 02:17:06.102610,Healthcare,Swiggy,4742.41,UPI
3985,2025-08-06 03:35:35.373537,Entertainment,Uber,716.56,Cash
3986,2025-08-06 04:54:04.644464,Entertainment,Airtel,3847.72,Cash
3987,2025-08-06 06:12:33.915391,Entertainment,Airtel,3107.31,Cash
3988,2025-08-06 07:31:03.186318,Food,Zomato,4109.32,UPI
3989,2025-08-06 08:49:32.457245,Education,Uber,3023.36,Debit Card
3990,2025-08-06 10:08:01.728172,Entertainment,Zomato,4816.04,UPI
3991,2025-08-06 11:26:30.999099,Travel,Local Store,3153.31,UPI
3992,2025-08-06 12:45:00.270027,Food,Swiggy,3933.79,Credit Card
3993,2025-08-06 14:03:29.540954,Entertainment,Uber,4394.03,Cash
3994,2025-08-06 15:21:58.811881,Bills,Myntra,3587.19,Debit Card
3995,2025-08-06 16:40:28.082808,Healthcare,Flipkart,2644.97,Debit Card
3996,2025-08-06 17:58:57.353735,Travel,Zomato,1400.44,Credit Card
3997,2025-08-06 19:17:26.624662,Entertainment,Swiggy,4279.74,Credit Card
3998,2025-08-06 20:35:55.895589,Transport,Reliance,2428.86,UPI
3999,2025-08-06 21:54:25.166516,Healthcare,Amazon,3122.51,Credit Card
4000,2025-08-06 23:12:54.437443,Healthcare,Reliance,442.17,Debit Card
4001,2025-08-07 00:31:23.708370,Entertainment,Amazon,2511.89,Debit Card
4002,2025-08-07 01:49:52.979297,Education,Netflix,3505.88,Debit Card
4003,2025-08-07 03:08:22.250225,Shopping,Myntra,2941.16,UPI
4004,2025-08-07 04:26:51.521152,Education,Netflix,2270.35,Cash
4005,2025-08-07 05:45:20.792079,Entertainment,Zomato,1155.97,Cash
4006,2025-08-07 07:03:50.063006,Healthcare,Zomato,1582.87,UPI
4007,2025-08-07 08:22:19.333933,Travel,Amazon,3518.09,Debit Card
4008,2025-08-07 09:40:48.604860,Transport,Uber,1159.74,Debit Card
4009,2025-08-07 10:59:17.875787,Travel,Swiggy,3127.55,UPI
4010,2025-08-07 12:17:47.146714,Travel,Local Store,2969.2,UPI
4011,2025-08-07 13:36:16.417641,Healthcare,Airtel,4853.57,Credit Card
4012,2025-08-07 14:54:45.688568,Education,Zomato,350.87,UPI
4013,2025-08-07 16:13:14.959495,Transport,Netflix,585.21,Cash
4014,2025-08-07 17:31:44.230423,Food,Netflix,2555.11,UPI
4015,2025-08-07 18:50:13.501350,Bills,Reliance,2659.19,Debit Card
4016,2025-08-07 20:08:42.772277,Healthcare,Myntra,247.64,Debit Card
4017,2025-08-07 21:27:12.043204,Entertainment,Amazon,4137.98,Debit Card
4018,2025-08-07 22:45:41.314131,Food,Airtel,2498.88,Cash
4019,2025-08-08 00:04:10.585058,Bills,Amazon,1765.89,Cash
4020,2025-08-08 01:22:39.855985,Entertainment,Zomato,1628.33,Credit Card
4021,2025-08-08 02:41:09.126912,Travel,Flipkart,4313.97,UPI
4022,2025-08-08 03:59:38.397839,Shopping,Airtel,1023.83,Credit Card
4023,2025-08-08 05:18:07.668766,Entertainment,Reliance,844.07,UPI
4024,2025-08-08 06:36:36.939693,Transport,Netflix,1105.23,UPI
4025,2025-08-08 07:55:06.210621,Transport,Reliance,3143.86,Cash
4026,2025-08-08 09:13:35.481548,Shopping,Zomato,4064.11,Debit Card
4027,2025-08-08 10:32:04.752475,Food,Flipkart,1688.34,UPI
4028,2025-08-08 11:50:34.023402,Bills,Local Store,908.64,Cash
4029,2025-08-08 13:09:03.294329,Entertainment,Airtel,1085.51,Credit Card
4030,2025-08-08 14:27:32.565256,Transport,Amazon,3114.96,Debit Card
4031,2025-08-08 15:46:01.836183,Food,Airtel,1267.87,Credit Card
4032,2025-08-08 17:04:31.107110,Shopping,Netflix,4392.54,Credit Card
4033,2025-08-08 18:23:00.378037,Education,Amazon,564.26,Cash
4034,2025-08-08 19:41:29.648964,Healthcare,Local Store,210.22,Debit Card
4035,2025-08-08 20:59:58.919891,Education,Local Store,487.47,UPI
4036,2025-08-08 22:18:28.190819,Education,Myntra,4235.93,Credit Card
4037,2025-08-08 23:36:57.461746,Transport,Amazon,3273.59,UPI
4038,2025-08-09 00:55:26.732673,Travel,Swiggy,4790.84,Debit Card
4039,2025-08-09 02:13:56.003600,Travel,Flipkart,1714.67,Cash
4040,2025-08-09 03:32:25.274527,Shopping,Swiggy,1102.76,Cash
4041,2025-08-09 04:50:54.545454,Entertainment,Local Store,2831.78,Cash
4042,2025-08-09 06:09:23.816381,Travel,Amazon,2712.25,UPI
4043,2025-08-09 07:27:53.087308,Education,Myntra,2975.57,UPI
4044,2025-08-09 08:46:22.358235,Travel,Airtel,1770.29,Debit Card
4045,2025-08-09 10:04:51.629162,Education,Airtel,79.19,UPI
4046,2025-08-09 11:23:20.900090,Bills,Airtel,223.41,Cash
4047,2025-08-09 12:41:50.171017,Transport,Myntra,3335.94,Credit Card
4048,2025-08-09 14:00:19.441944,Transport,Zomato,2640.13,Credit Card
4049,2025-08-09 15:18:48.712871,Entertainment,Amazon,4114.01,Credit Card
4050,2025-08-09 16:37:17.983798,Travel,Swiggy,1537.03,Cash
4051,2025-08-09 17:55:47.254725,Travel,Flipkart,4086.59,UPI
4052,2025-08-09 19:14:16.525652,Healthcare,Local Store,2156.18,Credit Card
4053,2025-08-09 20:32:45.796579,Food,Flipkart,528.66,UPI
4054,2025-08-09 21:51:15.067506,Bills,Local Store,4890.66,UPI
4055,2025-08-09 23:09:44.338433,Transport,Amazon,2584.08,Cash
4056,2025-08-10 00:28:13.609360,Bills,Amazon,3165.92,UPI
4057,2025-08-10 01:46:42.880288,Transport,Reliance,3370.45,UPI
4058,2025-08-10 03:05:12.151215,Bills,Swiggy,1843.94,Cash
4059,2025-08-10 04:23:41.422142,Shopping,Netflix,3750.27,Debit Card
4060,2025-08-10 05:42:10.693069,Education,Local Store,4357.82,Credit Card
4061,2025-08-10 07:00:39.963996,Transport,Uber,1966.58,Credit Card
4062,2025-08-10 08:19:09.234923,Bills,Netflix,3302.15,UPI
4063,2025-08-10 09:37:38.505850,Travel,Airtel,3797.76,Debit Card
4064,2025-08-10 10:56:07.776777,Food,Flipkart,991.12,Cash
4065,2025-08-10 12:14:37.047704,Shopping,Amazon,1696.35,UPI
4066,2025-08-10 13:33:06.318631,Shopping,Uber,588.54,Cash
4067,2025-08-10 14:51:35.589558,Food,Local Store,3030.93,Credit Card
4068,2025-08-10 16:10:04.860486,Bills,Zomato,4014.64,Cash
4069,2025-08-10 17:28:34.131413,Travel,Local Store,3073.65,Credit Card
4070,2025-08-10 18:47:03.402340,Entertainment,Flipkart,939.93,Cash
4071,2025-08-10 20:05:32.673267,Food,Local Store,2754.52,Cash
4072,2025-08-10 21:24:01.944194,Bills,Local Store,4182.92,Debit Card
4073,2025-08-10 22:42:31.215121,Food,Myntra,1548.49,Cash
4074,2025-08-11 00:01:00.486048,Food,Swiggy,4171.62,UPI
4075,2025-08-11 01:19:29.756975,Transport,Netflix,3933.89,Debit Card
4076,2025-08-11 02:37:59.027902,Bills,Zomato,157.62,UPI
4077,2025-08-11 03:56:28.298829,Entertainment,Amazon,1235.3,Cash
4078,2025-08-11 05:14:57.569756,Education,Local Store,2737.56,Cash
4079,2025-08-11 06:33:26.840684,Transport,Zomato,3602.21,Debit Card
4080,2025-08-11 07:51:56.111611,Food,Reliance,4408.63,Credit Card
4081,2025-08-11 09:10:25.382538,Education,Local Store,3223.16,Debit Card
4082,2025-08-11 10:28:54.653465,Healthcare,Myntra,1932.7,Credit Card
4083,2025-08-11 11:47:23.924392,Education,Myntra,963.9,Credit Card
4084,2025-08-11 13:05:53.195319,Food,Uber,3812.18,Cash
4085,2025-08-11 14:24:22.466246,Food,Airtel,1073.57,UPI
4086,2025-08-11 15:42:51.737173,Travel,Flipkart,3492.38,Debit Card
4087,2025-08-11 17:01:21.008100,Bills,Netflix,947.0,Debit Card
4088,2025-08-11 18:19:50.279027,Bills,Reliance,500.72,Cash
4089,2025-08-11 19:38:19.549954,Transport,Flipkart,1292.95,Cash
4090,2025-08-11 20:56:48.820882,Entertainment,Flipkart,1460.4,Debit Card
4091,2025-08-11 22:15:18.091809,Transport,Uber,3253.69,Debit Card
4092,2025-08-11 23:33:47.362736,Shopping,Myntra,846.37,UPI
4093,2025-08-12 00:52:16.633663,Food,Swiggy,4655.02,Cash
4094,2025-08-12 02:10:45.904590,Education,Zomato,2794.09,UPI
4095,2025-08-12 03:29:15.175517,Healthcare,Amazon,2480.11,Cash
4096,2025-08-12 04:47:44.446444,Food,Swiggy,2201.74,Cash
4097,2025-08-12 06:06:13.717371,Food,Swiggy,2854.68,UPI
4098,2025-08-12 07:24:42.988298,Transport,Airtel,161.11,Credit Card
4099,2025-08-12 08:43:12.259225,Healthcare,Airtel,4950.93,Credit Card
4100,2025-08-12 10:01:41.530153,Healthcare,Swiggy,2809.75,Credit Card
4101,2025-08-12 11:20:10.801080,Healthcare,Myntra,224.22,Cash
4102,2025-08-12 12:38:40.072007,Transport,Flipkart,2970.39,UPI
4103,2025-08-12 13:57:09.342934,Food,Zomato,2213.54,Credit Card
4104,2025-08-12 15:15:38.613861,Transport,Flipkart,168.99,Debit Card
4105,2025-08-12 16:34:07.884788,Bills,Flipkart,4625.92,Credit Card
4106,2025-08-12 17:52:37.155715,Bills,Flipkart,102.31,UPI
4107,2025-08-12 19:11:06.426642,Transport,Zomato,2910.46,Cash
4108,2025-08-12 20:29:35.697569,Healthcare,Zomato,4810.86,UPI
4109,2025-08-12 21:48:04.968496,Travel,Uber,1226.14,Cash
4110,2025-08-12 23:06:34.239423,Food,Netflix,1308.19,UPI
4111,2025-08-13 00:25:03.510351,Transport,Swiggy,52.09,UPI
4112,2025-08-13 01:43:32.781278,Transport,Local Store,378.44,Debit Card
4113,2025-08-13 03:02:02.052205,Transport,Uber,272.2,Credit Card
4114,2025-08-13 04:20:31.323132,Travel,Uber,4122.15,Credit Card
4115,2025-08-13 05:39:00.594059,Travel,Amazon,4191.85,UPI
4116,2025-08-13 06:57:29.864986,Shopping,Local Store,3647.17,Credit Card
4117,2025-08-13 08:15:59.135913,Bills,Airtel,1796.09,Debit Card
4118,2025-08-13 09:34:28.406840,Education,Amazon,4115.21,UPI
4119,2025-08-13 10:52:57.677767,Healthcare,Airtel,2721.88,Credit Card
4120,2025-08-13 12:11:26.948694,Entertainment,Netflix,1556.34,Credit Card
4121,2025-08-13 13:29:56.219621,Travel,Reliance,2214.52,Cash
4122,2025-08-13 14:48:25.490549,Education,Airtel,375.55,Credit Card
4123,2025-08-13 16:06:54.761476,Travel,Flipkart,4727.3,Credit Card
4124,2025-08-13 17:25:24.032403,Healthcare,Airtel,3114.63,Cash
4125,2025-08-13 18:43:53.303330,Entertainment,Local Store,3669.61,UPI
4126,2025-08-13 20:02:22.574257,Shopping,Zomato,3399.09,UPI
4127,2025-08-13 21:20:51.845184,Transport,Local Store,3355.36,Debit Card
4128,2025-08-13 22:39:21.116111,Shopping,Netflix,135.44,Cash
4129,2025-08-13 23:57:50.387038,Travel,Uber,2650.59,UPI
4130,2025-08-14 01:16:19.657965,Shopping,Flipkart,4117.47,Credit Card
4131,2025-08-14 02:34:48.928892,Education,Reliance,270.37,Credit Card
4132,2025-08-14 03:53:18.199819,Food,Netflix,4783.02,Credit Card
4133,2025-08-14 05:11:47.470747,Travel,Uber,2149.59,Debit Card
4134,2025-08-14 06:30:16.741674,Travel,Myntra,1484.98,UPI
4135,2025-08-14 07:48:46.012601,Education,Local Store,2682.52,Cash
4136,2025-08-14 09:07:15.283528,Bills,Netflix,4016.01,UPI
4137,2025-08-14 10:25:44.554455,Entertainment,Local Store,2400.04,Cash
4138,2025-08-14 11:44:13.825382,Transport,Reliance,3243.27,Cash
4139,2025-08-14 13:02:43.096309,Education,Uber,2524.58,UPI
4140,2025-08-14 14:21:12.367236,Entertainment,Local Store,3174.8,Credit Card
4141,2025-08-14 15:39:41.638163,Healthcare,Zomato,733.25,Credit Card
4142,2025-08-14 16:58:10.909090,Entertainment,Airtel,241.38,Cash
4143,2025-08-14 18:16:40.180018,Healthcare,Amazon,727.66,Credit Card
4144,2025-08-14 19:35:09.450945,Education,Reliance,1464.9,Debit Card
4145,2025-08-14 20:53:38.721872,Travel,Amazon,1304.11,Debit Card
4146,2025-08-14 22:12:07.992799,Travel,Swiggy,3095.12,Cash
4147,2025-08-14 23:30:37.263726,Bills,Airtel,2306.65,Credit Card
4148,2025-08-15 00:49:06.534653,Education,Reliance,242.12,Cash
4149,2025-08-15 02:07:35.805580,Healthcare,Netflix,222.59,Debit Card
4150,2025-08-15 03:26:05.076507,Entertainment,Zomato,498.41,Debit Card
4151,2025-08-15 04:44:34.347434,Entertainment,Netflix,1797.75,Debit Card
4152,2025-08-15 06:03:03.618361,Healthcare,Myntra,80.61,UPI
4153,2025-08-15 07:21:32.889288,Shopping,Swiggy,2495.24,Debit Card
4154,2025-08-15 08:40:02.160216,Bills,Zomato,1835.31,Credit Card
4155,2025-08-15 09:58:31.431143,Food,Local Store,2799.43,UPI
4156,2025-08-15 11:17:00.702070,Travel,Local Store,3618.08,Debit Card
4157,2025-08-15 12:35:29.972997,Transport,Flipkart,1292.32,Credit Card
4158,2025-08-15 13:53:59.243924,Entertainment,Local Store,827.56,Debit Card
4159,2025-08-15 15:12:28.514851,Transport,Uber,1426.37,Credit Card
4160,2025-08-15 16:30:57.785778,Food,Swiggy,58.73,Credit Card
4161,2025-08-15 17:49:27.056705,Education,Uber,644.06,Debit Card
4162,2025-08-15 19:07:56.327632,Transport,Airtel,3766.61,Debit Card
4163,2025-08-15 20:26:25.598559,Food,Flipkart,1152.89,UPI
4164,2025-08-15 21:44:54.869486,Travel,Flipkart,4971.78,Debit Card
4165,2025-08-15 23:03:24.140414,Healthcare,Local Store,880.77,Credit Card
4166,2025-08-16 00:21:53.411341,Shopping,Zomato,3954.42,Cash
4167,2025-08-16 01:40:22.682268,Travel,Airtel,3539.97,UPI
4168,2025-08-16 02:58:51.953195,Entertainment,Myntra,1644.55,Credit Card
4169,2025-08-16 04:17:21.224122,Food,Swiggy,1687.16,Credit Card
4170,2025-08-16 05:35:50.495049,Transport,Swiggy,2839.58,Cash
4171,2025-08-16 06:54:19.765976,Entertainment,Reliance,4269.25,Debit Card
4172,2025-08-16 08:12:49.036903,Shopping,Netflix,1961.63,Credit Card
4173,2025-08-16 09:31:18.307830,Healthcare,Local Store,352.84,Cash
4174,2025-08-16 10:49:47.578757,Education,Reliance,1903.37,Cash
4175,2025-08-16 12:08:16.849684,Entertainment,Myntra,1076.2,Debit Card
4176,2025-08-16 13:26:46.120612,Education,Flipkart,4699.07,Cash
4177,2025-08-16 14:45:15.391539,Food,Amazon,3501.51,Cash
4178,2025-08-16 16:03:44.662466,Shopping,Myntra,301.62,Cash
4179,2025-08-16 17:22:13.933393,Transport,Myntra,1500.29,Cash
4180,2025-08-16 18:40:43.204320,Shopping,Zomato,298.57,Cash
4181,2025-08-16 19:59:12.475247,Shopping,Zomato,4158.58,Cash
4182,2025-08-16 21:17:41.746174,Bills,Zomato,4536.17,Credit Card
4183,2025-08-16 22:36:11.017101,Shopping,Zomato,605.78,UPI
4184,2025-08-16 23:54:40.288028,Shopping,Netflix,2229.44,Debit Card
4185,2025-08-17 01:13:09.558955,Travel,Local Store,4662.82,UPI
4186,2025-08-17 02:31:38.829882,Entertainment,Swiggy,768.8,Debit Card
4187,2025-08-17 03:50:08.100810,Transport,Local Store,1494.92,UPI
4188,2025-08-17 05:08:37.371737,Travel,Local Store,1556.16,Debit Card
4189,2025-08-17 06:27:06.642664,Travel,Swiggy,198.79,Cash
4190,2025-08-17 07:45:35.913591,Entertainment,Zomato,229.55,UPI
4191,2025-08-17 09:04:05.184518,Entertainment,Local Store,4766.32,UPI
4192,2025-08-17 10:22:34.455445,Food,Netflix,2876.91,Debit Card
4193,2025-08-17 11:41:03.726372,Entertainment,Zomato,1567.91,Debit Card
4194,2025-08-17 12:59:32.997299,Bills,Netflix,1924.44,Credit Card
4195,2025-08-17 14:18:02.268226,Bills,Reliance,3588.47,Cash
4196,2025-08-17 15:36:31.539153,Travel,Local Store,1864.26,Cash
4197,2025-08-17 16:55:00.810081,Education,Uber,1177.41,Credit Card
4198,2025-08-17 18:13:30.081008,Food,Netflix,554.09,Debit Card
4199,2025-08-17 19:31:59.351935,Education,Reliance,3658.22,Cash
4200,2025-08-17 20:50:28.622862,Education,Airtel,943.8,Debit Card
4201,2025-08-17 22:08:57.893789,Travel,Airtel,394.76,Cash
4202,2025-08-17 23:27:27.164716,Healthcare,Reliance,2163.42,UPI
4203,2025-08-18 00:45:56.435643,Travel,Flipkart,245.88,UPI
4204,2025-08-18 02:04:25.706570,Transport,Flipkart,4826.74,Cash
4205,2025-08-18 03:22:54.977497,Transport,Zomato,3155.1,Cash
4206,2025-08-18 04:41:24.248424,Entertainment,Flipkart,805.85,Cash
4207,2025-08-18 05:59:53.519351,Entertainment,Airtel,903.65,Credit Card
4208,2025-08-18 07:18:22.790279,Healthcare,Flipkart,2870.65,Cash
4209,2025-08-18 08:36:52.061206,Entertainment,Uber,1815.0,Credit Card
4210,2025-08-18 09:55:21.332133,Transport,Airtel,3882.62,Credit Card
4211,2025-08-18 11:13:50.603060,Education,Netflix,2751.74,UPI
4212,2025-08-18 12:32:19.873987,Travel,Myntra,2195.0,Cash
4213,2025-08-18 13:50:49.144914,Shopping,Flipkart,4816.75,UPI
4214,2025-08-18 15:09:18.415841,Bills,Flipkart,1984.11,UPI
4215,2025-08-18 16:27:47.686768,Shopping,Local Store,2033.02,Credit Card
4216,2025-08-18 17:46:16.957695,Shopping,Swiggy,3345.57,Debit Card
4217,2025-08-18 19:04:46.228622,Transport,Uber,4056.92,Credit Card
4218,2025-08-18 20:23:15.499549,Shopping,Airtel,3149.76,UPI
4219,2025-08-18 21:41:44.770477,Travel,Airtel,3508.12,Credit Card
4220,2025-08-18 23:00:14.041404,Healthcare,Amazon,1896.01,Credit Card
4221,2025-08-19 00:18:43.312331,Food,Swiggy,2423.51,Credit Card
4222,2025-08-19 01:37:12.583258,Entertainment,Flipkart,1025.32,Cash
4223,2025-08-19 02:55:41.854185,Food,Reliance,3417.22,Credit Card
4224,2025-08-19 04:14:11.125112,Education,Local Store,1146.19,UPI
4225,2025-08-19 05:32:40.396039,Travel,Netflix,56.22,Credit Card
4226,2025-08-19 06:51:09.666966,Travel,Local Store,4672.12,Cash
4227,2025-08-19 08:09:38.937893,Bills,Flipkart,1564.78,UPI
4228,2025-08-19 09:28:08.208820,Travel,Amazon,1023.33,Credit Card
4229,2025-08-19 10:46:37.479747,Entertainment,Myntra,1377.33,UPI
4230,2025-08-19 12:05:06.750675,Travel,Airtel,1685.72,Cash
4231,2025-08-19 13:23:36.021602,Shopping,Netflix,2399.0,Debit Card
4232,2025-08-19 14:42:05.292529,Bills,Swiggy,393.29,Cash
4233,2025-08-19 16:00:34.563456,Entertainment,Flipkart,310.73,Cash
4234,2025-08-19 17:19:03.834383,Healthcare,Uber,1499.91,UPI
4235,2025-08-19 18:37:33.105310,Healthcare,Reliance,1514.04,UPI
4236,2025-08-19 19:56:02.376237,Healthcare,Local Store,632.35,Debit Card
4237,2025-08-19 21:14:31.647164,Healthcare,Amazon,2053.72,Debit Card
4238,2025-08-19 22:33:00.918091,Shopping,Myntra,1455.94,Debit Card
4239,2025-08-19 23:51:30.189018,Travel,Zomato,178.97,Cash
4240,2025-08-20 01:09:59.459945,Food,Reliance,4434.32,Cash
4241,2025-08-20 02:28:28.730873,Entertainment,Flipkart,4435.79,Debit Card
4242,2025-08-20 03:46:58.001800,Shopping,Myntra,1085.45,Debit Card
4243,2025-08-20 05:05:27.272727,Healthcare,Reliance,856.22,Debit Card
4244,2025-08-20 06:23:56.543654,Education,Reliance,2759.1,Credit Card
4245,2025-08-20 07:42:25.814581,Travel,Airtel,3172.23,Credit Card
4246,2025-08-20 09:00:55.085508,Food,Reliance,4789.84,Debit Card
4247,2025-08-20 10:19:24.356435,Education,Uber,1917.87,Cash
4248,2025-08-20 11:37:53.627362,Bills,Myntra,3110.09,UPI
4249,2025-08-20 12:56:22.898289,Education,Flipkart,4397.0,Cash
4250,2025-08-20 14:14:52.169216,Bills,Flipkart,2277.27,UPI
4251,2025-08-20 15:33:21.440144,Bills,Uber,655.61,Debit Card
4252,2025-08-20 16:51:50.711071,Healthcare,Swiggy,1918.36,Credit Card
4253,2025-08-20 18:10:19.981998,Bills,Myntra,726.01,Credit Card
4254,2025-08-20 19:28:49.252925,Transport,Reliance,132.37,UPI
4255,2025-08-20 20:47:18.523852,Entertainment,Amazon,3770.19,Debit Card
4256,2025-08-20 22:05:47.794779,Entertainment,Netflix,1230.2,Credit Card
4257,2025-08-20 23:24:17.065706,Healthcare,Myntra,59.93,Debit Card
4258,2025-08-21 00:42:46.336633,Transport,Zomato,4368.54,Debit Card
4259,2025-08-21 02:01:15.607560,Education,Amazon,2246.75,UPI
4260,2025-08-21 03:19:44.878487,Shopping,Uber,1232.36,Debit Card
4261,2025-08-21 04:38:14.149414,Education,Reliance,1350.81,Debit Card
4262,2025-08-21 05:56:43.420342,Travel,Swiggy,1240.66,UPI
4263,2025-08-21 07:15:12.691269,Shopping,Zomato,1013.05,Credit Card
4264,2025-08-21 08:33:41.962196,Bills,Swiggy,4214.07,Cash
4265,2025-08-21 09:52:11.233123,Food,Swiggy,893.14,Debit Card
4266,2025-08-21 11:10:40.504050,Shopping,Local Store,2831.18,UPI
4267,2025-08-21 12:29:09.774977,Food,Airtel,432.74,Credit Card
4268,2025-08-21 13:47:39.045904,Entertainment,Zomato,4750.13,Debit Card
4269,2025-08-21 15:06:08.316831,Food,Netflix,3036.4,Cash
4270,2025-08-21 16:24:37.587758,Entertainment,Airtel,4520.6,Credit Card
4271,2025-08-21 17:43:06.858685,Transport,Zomato,2019.5,UPI
4272,2025-08-21 19:01:36.129612,Transport,Swiggy,4062.83,Debit Card
4273,2025-08-21 20:20:05.400540,Healthcare,Airtel,4275.59,UPI
4274,2025-08-21 21:38:34.671467,Healthcare,Zomato,3529.6,Cash
4275,2025-08-21 22:57:03.942394,Bills,Netflix,510.09,Cash
4276,2025-08-22 00:15:33.213321,Shopping,Amazon,129.6,UPI
4277,2025-08-22 01:34:02.484248,Bills,Myntra,884.37,Debit Card
4278,2025-08-22 02:52:31.755175,Entertainment,Reliance,634.58,UPI
4279,2025-08-22 04:11:01.026102,Bills,Zomato,3639.43,Credit Card
4280,2025-08-22 05:29:30.297029,Food,Netflix,2807.18,UPI
4281,2025-08-22 06:47:59.567956,Entertainment,Myntra,2653.46,Cash
4282,2025-08-22 08:06:28.838883,Healthcare,Airtel,1301.69,Debit Card
4283,2025-08-22 09:24:58.109810,Transport,Zomato,815.31,Debit Card
4284,2025-08-22 10:43:27.380738,Healthcare,Zomato,1072.41,Cash
4285,2025-08-22 12:01:56.651665,Shopping,Uber,2031.37,Cash
4286,2025-08-22 13:20:25.922592,Entertainment,Zomato,3713.71,Credit Card
4287,2025-08-22 14:38:55.193519,Entertainment,Reliance,1309.86,Cash
4288,2025-08-22 15:57:24.464446,Food,Uber,3508.13,Cash
4289,2025-08-22 17:15:53.735373,Shopping,Myntra,2482.98,Cash
4290,2025-08-22 18:34:23.006300,Transport,Airtel,4432.93,Debit Card
4291,2025-08-22 19:52:52.277227,Education,Airtel,1202.93,Cash
4292,2025-08-22 21:11:21.548154,Entertainment,Flipkart,2281.74,UPI
4293,2025-08-22 22:29:50.819081,Entertainment,Flipkart,528.49,UPI
4294,2025-08-22 23:48:20.090009,Food,Myntra,1709.01,Debit Card
4295,2025-08-23 01:06:49.360936,Bills,Local Store,2559.06,Credit Card
4296,2025-08-23 02:25:18.631863,Travel,Netflix,3677.06,Credit Card
4297,2025-08-23 03:43:47.902790,Transport,Local Store,1030.48,Debit Card
4298,2025-08-23 05:02:17.173717,Healthcare,Netflix,1129.56,UPI
4299,2025-08-23 06:20:46.444644,Shopping,Uber,3176.31,Debit Card
4300,2025-08-23 07:39:15.715571,Entertainment,Myntra,1943.17,Cash
4301,2025-08-23 08:57:44.986498,Entertainment,Netflix,2436.37,Debit Card
4302,2025-08-23 10:16:14.257425,Healthcare,Flipkart,4188.87,Credit Card
4303,2025-08-23 11:34:43.528352,Transport,Flipkart,2520.46,UPI
4304,2025-08-23 12:53:12.799279,Travel,Swiggy,3279.87,Credit Card
4305,2025-08-23 14:11:42.070207,Bills,Netflix,3301.04,Credit Card
4306,2025-08-23 15:30:11.341134,Entertainment,Myntra,4027.88,UPI
4307,2025-08-23 16:48:40.612061,Travel,Amazon,3208.79,Cash
4308,2025-08-23 18:07:09.882988,Transport,Uber,370.81,UPI
4309,2025-08-23 19:25:39.153915,Healthcare,Zomato,1743.76,UPI
4310,2025-08-23 20:44:08.424842,Food,Zomato,4947.12,Debit Card
4311,2025-08-23 22:02:37.695769,Bills,Netflix,1022.73,UPI
4312,2025-08-23 23:21:06.966696,Shopping,Local Store,2954.31,Debit Card
4313,2025-08-24 00:39:36.237623,Entertainment,Uber,4222.56,Credit Card
4314,2025-08-24 01:58:05.508550,Transport,Airtel,2953.46,UPI
4315,2025-08-24 03:16:34.779477,Food,Reliance,1892.74,Cash
4316,2025-08-24 04:35:04.050405,Shopping,Zomato,447.13,Debit Card
4317,2025-08-24 05:53:33.321332,Education,Flipkart,1840.24,Debit Card
4318,2025-08-24 07:12:02.592259,Transport,Uber,951.23,Cash
4319,2025-08-24 08:30:31.863186,Transport,Local Store,4806.27,Debit Card
4320,2025-08-24 09:49:01.134113,Shopping,Myntra,3589.41,Debit Card
4321,2025-08-24 11:07:30.405040,Food,Local Store,3759.45,Cash
4322,2025-08-24 12:25:59.675967,Education,Uber,2208.05,Credit Card
4323,2025-08-24 13:44:28.946894,Travel,Airtel,594.33,UPI
4324,2025-08-24 15:02:58.217821,Travel,Zomato,1370.25,UPI
4325,2025-08-24 16:21:27.488748,Healthcare,Flipkart,1335.57,UPI
4326,2025-08-24 17:39:56.759675,Food,Amazon,2459.56,UPI
4327,2025-08-24 18:58:26.030603,Bills,Myntra,2331.85,UPI
4328,2025-08-24 20:16:55.301530,Entertainment,Flipkart,2195.37,UPI
4329,2025-08-24 21:35:24.572457,Shopping,Airtel,2505.09,Debit Card
4330,2025-08-24 22:53:53.843384,Healthcare,Reliance,4935.76,UPI
4331,2025-08-25 00:12:23.114311,Education,Airtel,1526.85,Debit Card
4332,2025-08-25 01:30:52.385238,Shopping,Airtel,3095.58,Cash
4333,2025-08-25 02:49:21.656165,Shopping,Zomato,1235.56,Credit Card
4334,2025-08-25 04:07:50.927092,Food,Uber,2359.7,Debit Card
4335,2025-08-25 05:26:20.198019,Entertainment,Uber,1040.24,Credit Card
4336,2025-08-25 06:44:49.468946,Bills,Flipkart,2813.05,Cash
4337,2025-08-25 08:03:18.739873,Travel,Reliance,1361.81,UPI
4338,2025-08-25 09:21:48.010801,Transport,Reliance,232.11,Credit Card
4339,2025-08-25 10:40:17.281728,Transport,Local Store,4085.59,Credit Card
4340,2025-08-25 11:58:46.552655,Shopping,Amazon,684.86,Cash
4341,2025-08-25 13:17:15.823582,Travel,Airtel,1871.79,Cash
4342,2025-08-25 14:35:45.094509,Travel,Amazon,2412.03,Cash
4343,2025-08-25 15:54:14.365436,Entertainment,Swiggy,2190.78,Debit Card
4344,2025-08-25 17:12:43.636363,Education,Netflix,3642.05,Debit Card
4345,2025-08-25 18:31:12.907290,Education,Airtel,3004.04,Credit Card
4346,2025-08-25 19:49:42.178217,Healthcare,Amazon,1512.09,Cash
4347,2025-08-25 21:08:11.449144,Food,Zomato,305.93,Credit Card
4348,2025-08-25 22:26:40.720072,Entertainment,Netflix,3849.6,UPI
4349,2025-08-25 23:45:09.990999,Entertainment,Reliance,1795.01,Cash
4350,2025-08-26 01:03:39.261926,Food,Airtel,4454.14,Debit Card
4351,2025-08-26 02:22:08.532853,Travel,Airtel,2005.53,Cash
4352,2025-08-26 03:40:37.803780,Education,Reliance,3602.41,Credit Card
4353,2025-08-26 04:59:07.074707,Education,Local Store,4700.85,Debit Card
4354,2025-08-26 06:17:36.345634,Travel,Zomato,3273.2,UPI
4355,2025-08-26 07:36:05.616561,Education,Airtel,2096.77,UPI
4356,2025-08-26 08:54:34.887488,Shopping,Amazon,2858.63,Credit Card
4357,2025-08-26 10:13:04.158415,Entertainment,Airtel,2740.05,Cash
4358,2025-08-26 11:31:33.429342,Transport,Netflix,2944.86,UPI
4359,2025-08-26 12:50:02.700270,Food,Airtel,776.76,Credit Card
4360,2025-08-26 14:08:31.971197,Education,Amazon,3507.62,Debit Card
4361,2025-08-26 15:27:01.242124,Healthcare,Myntra,767.96,Debit Card
4362,2025-08-26 16:45:30.513051,Education,Netflix,122.35,Credit Card
4363,2025-08-26 18:03:59.783978,Education,Flipkart,3142.66,Cash
4364,2025-08-26 19:22:29.054905,Bills,Flipkart,628.72,Cash
4365,2025-08-26 20:40:58.325832,Shopping,Netflix,3863.54,Cash
4366,2025-08-26 21:59:27.596759,Food,Zomato,4336.53,Cash
4367,2025-08-26 23:17:56.867686,Bills,Myntra,4726.45,Credit Card
4368,2025-08-27 00:36:26.138613,Bills,Netflix,3339.16,Credit Card
4369,2025-08-27 01:54:55.409540,Healthcare,Amazon,2435.97,Debit Card
4370,2025-08-27 03:13:24.680468,Entertainment,Swiggy,1793.79,Debit Card
4371,2025-08-27 04:31:53.951395,Healthcare,Uber,2480.08,Cash
4372,2025-08-27 05:50:23.222322,Entertainment,Airtel,992.24,UPI
4373,2025-08-27 07:08:52.493249,Entertainment,Local Store,1774.69,UPI
4374,2025-08-27 08:27:21.764176,Food,Myntra,3603.76,Debit Card
4375,2025-08-27 09:45:51.035103,Education,Amazon,1126.24,Debit Card
4376,2025-08-27 11:04:20.306030,Food,Local Store,1357.13,Credit Card
4377,2025-08-27 12:22:49.576957,Shopping,Flipkart,3759.17,Debit Card
4378,2025-08-27 13:41:18.847884,Entertainment,Netflix,930.29,Debit Card
4379,2025-08-27 14:59:48.118811,Bills,Myntra,1267.14,Cash
4380,2025-08-27 16:18:17.389738,Education,Reliance,136.86,UPI
4381,2025-08-27 17:36:46.660666,Transport,Airtel,3614.26,UPI
4382,2025-08-27 18:55:15.931593,Shopping,Uber,3108.62,Credit Card
4383,2025-08-27 20:13:45.202520,Food,Flipkart,3487.21,UPI
4384,2025-08-27 21:32:14.473447,Healthcare,Netflix,1110.92,Cash
4385,2025-08-27 22:50:43.744374,Shopping,Airtel,3452.51,Cash
4386,2025-08-28 00:09:13.015301,Shopping,Flipkart,3002.06,Credit Card
4387,2025-08-28 01:27:42.286228,Education,Reliance,1862.31,Debit Card
4388,2025-08-28 02:46:11.557155,Shopping,Local Store,2217.24,Debit Card
4389,2025-08-28 04:04:40.828082,Shopping,Uber,2861.21,Cash
4390,2025-08-28 05:23:10.099009,Transport,Uber,2491.8,Credit Card
4391,2025-08-28 06:41:39.369936,Travel,Airtel,3227.05,Cash
4392,2025-08-28 08:00:08.640864,Healthcare,Amazon,945.85,UPI
4393,2025-08-28 09:18:37.911791,Healthcare,Airtel,2726.51,UPI
4394,2025-08-28 10:37:07.182718,Healthcare,Flipkart,2278.88,Cash
4395,2025-08-28 11:55:36.453645,Entertainment,Amazon,2332.05,Debit Card
4396,2025-08-28 13:14:05.724572,Bills,Uber,2373.44,UPI
4397,2025-08-28 14:32:34.995499,Travel,Swiggy,4413.29,Credit Card
4398,2025-08-28 15:51:04.266426,Healthcare,Uber,4102.21,Debit Card
4399,2025-08-28 17:09:33.537353,Shopping,Airtel,3166.37,UPI
4400,2025-08-28 18:28:02.808280,Shopping,Flipkart,3596.61,Cash
4401,2025-08-28 19:46:32.079207,Healthcare,Amazon,261.87,Debit Card
4402,2025-08-28 21:05:01.350135,Education,Netflix,3732.76,Debit Card
4403,2025-08-28 22:23:30.621062,Healthcare,Amazon,2456.52,UPI
4404,2025-08-28 23:41:59.891989,Shopping,Reliance,1622.85,Credit Card
4405,2025-08-29 01:00:29.162916,Entertainment,Zomato,741.9,UPI
4406,2025-08-29 02:18:58.433843,Food,Zomato,422.28,UPI
4407,2025-08-29 03:37:27.704770,Food,Myntra,272.18,UPI
4408,2025-08-29 04:55:56.975697,Travel,Local Store,850.89,UPI
4409,2025-08-29 06:14:26.246624,Travel,Myntra,199.21,UPI
4410,2025-08-29 07:32:55.517551,Healthcare,Myntra,3676.58,Cash
4411,2025-08-29 08:51:24.788478,Transport,Amazon,1280.64,UPI
4412,2025-08-29 10:09:54.059405,Healthcare,Flipkart,1875.27,Credit Card
4413,2025-08-29 11:28:23.330333,Education,Myntra,4122.45,Debit Card
4414,2025-08-29 12:46:52.601260,Healthcare,Airtel,617.55,Cash
4415,2025-08-29 14:05:21.872187,Travel,Amazon,4186.19,Credit Card
4416,2025-08-29 15:23:51.143114,Food,Flipkart,3215.72,UPI
4417,2025-08-29 16:42:20.414041,Shopping,Zomato,1743.05,Credit Card
4418,2025-08-29 18:00:49.684968,Healthcare,Swiggy,633.15,Debit Card
4419,2025-08-29 19:19:18.955895,Shopping,Airtel,502.89,Credit Card
4420,2025-08-29 20:37:48.226822,Shopping,Netflix,1710.8,UPI
4421,2025-08-29 21:56:17.497749,Transport,Local Store,744.69,Debit Card
4422,2025-08-29 23:14:46.768676,Shopping,Netflix,1375.17,UPI
4423,2025-08-30 00:33:16.039603,Food,Flipkart,312.13,UPI
4424,2025-08-30 01:51:45.310531,Entertainment,Reliance,2995.29,Cash
4425,2025-08-30 03:10:14.581458,Entertainment,Flipkart,769.12,Debit Card
4426,2025-08-30 04:28:43.852385,Bills,Swiggy,3795.82,Debit Card
4427,2025-08-30 05:47:13.123312,Education,Zomato,1129.97,UPI
4428,2025-08-30 07:05:42.394239,Healthcare,Uber,3999.98,Credit Card
4429,2025-08-30 08:24:11.665166,Education,Flipkart,989.92,Debit Card
4430,2025-08-30 09:42:40.936093,Food,Zomato,3620.76,Credit Card
4431,2025-08-30 11:01:10.207020,Shopping,Netflix,1698.72,Credit Card
4432,2025-08-30 12:19:39.477947,Entertainment,Flipkart,2936.44,Debit Card
4433,2025-08-30 13:38:08.748874,Education,Flipkart,241.38,Credit Card
4434,2025-08-30 14:56:38.019801,Food,Myntra,2501.46,Debit Card
4435,2025-08-30 16:15:07.290729,Entertainment,Netflix,786.01,Cash
4436,2025-08-30 17:33:36.561656,Shopping,Local Store,2457.29,Debit Card
4437,2025-08-30 18:52:05.832583,Education,Local Store,749.73,Debit Card
4438,2025-08-30 20:10:35.103510,Entertainment,Airtel,2213.59,Debit Card
4439,2025-08-30 21:29:04.374437,Healthcare,Reliance,597.57,Cash
4440,2025-08-30 22:47:33.645364,Travel,Uber,1138.76,Credit Card
4441,2025-08-31 00:06:02.916291,Healthcare,Flipkart,2995.64,Cash
4442,2025-08-31 01:24:32.187218,Bills,Flipkart,4884.47,Credit Card
4443,2025-08-31 02:43:01.458145,Bills,Airtel,2273.46,Debit Card
4444,2025-08-31 04:01:30.729072,Entertainment,Reliance,3451.51,Debit Card
4445,2025-08-31 05:20:00.000000,Travel,Netflix,2720.15,Cash
4446,2025-08-31 06:38:29.270927,Food,Flipkart,2516.87,Cash
4447,2025-08-31 07:56:58.541854,Healthcare,Zomato,370.29,Cash
4448,2025-08-31 09:15:27.812781,Food,Amazon,764.27,Cash
4449,2025-08-31 10:33:57.083708,Travel,Reliance,4421.14,Debit Card
4450,2025-08-31 11:52:26.354635,Food,Flipkart,2080.31,Debit Card
4451,2025-08-31 13:10:55.625562,Travel,Reliance,3090.95,UPI
4452,2025-08-31 14:29:24.896489,Entertainment,Local Store,2664.75,Cash
4453,2025-08-31 15:47:54.167416,Food,Uber,1925.47,Cash
4454,2025-08-31 17:06:23.438343,Healthcare,Flipkart,1969.69,Credit Card
4455,2025-08-31 18:24:52.709270,Shopping,Uber,2799.55,Credit Card
4456,2025-08-31 19:43:21.980198,Bills,Swiggy,748.65,Debit Card
4457,2025-08-31 21:01:51.251125,Shopping,Amazon,1966.93,UPI
4458,2025-08-31 22:20:20.522052,Food,Airtel,2262.53,Cash
4459,2025-08-31 23:38:49.792979,Shopping,Uber,4926.37,UPI
4460,2025-09-01 00:57:19.063906,Healthcare,Flipkart,1789.7,UPI
4461,2025-09-01 02:15:48.334833,Healthcare,Myntra,3240.67,Debit Card
4462,2025-09-01 03:34:17.605760,Food,Airtel,730.21,UPI
4463,2025-09-01 04:52:46.876687,Entertainment,Airtel,374.13,Cash
4464,2025-09-01 06:11:16.147614,Shopping,Netflix,4364.13,Debit Card
4465,2025-09-01 07:29:45.418541,Entertainment,Uber,3667.14,UPI
4466,2025-09-01 08:48:14.689468,Entertainment,Myntra,1621.62,Debit Card
4467,2025-09-01 10:06:43.960396,Travel,Uber,2547.66,Debit Card
4468,2025-09-01 11:25:13.231323,Transport,Netflix,721.93,Credit Card
4469,2025-09-01 12:43:42.502250,Food,Amazon,3550.44,Debit Card
4470,2025-09-01 14:02:11.773177,Bills,Flipkart,398.14,UPI
4471,2025-09-01 15:20:41.044104,Healthcare,Local Store,3797.31,Credit Card
4472,2025-09-01 16:39:10.315031,Healthcare,Local Store,2756.84,Cash
4473,2025-09-01 17:57:39.585958,Food,Uber,1430.31,Cash
4474,2025-09-01 19:16:08.856885,Travel,Netflix,4319.74,Cash
4475,2025-09-01 20:34:38.127812,Education,Reliance,4931.06,Cash
4476,2025-09-01 21:53:07.398739,Education,Flipkart,1309.03,Cash
4477,2025-09-01 23:11:36.669666,Education,Uber,4040.92,UPI
4478,2025-09-02 00:30:05.940594,Travel,Reliance,3763.32,Debit Card
4479,2025-09-02 01:48:35.211521,Bills,Flipkart,3748.59,Credit Card
4480,2025-09-02 03:07:04.482448,Healthcare,Reliance,4788.32,Debit Card
4481,2025-09-02 04:25:33.753375,Food,Airtel,2458.75,Debit Card
4482,2025-09-02 05:44:03.024302,Travel,Uber,3387.13,UPI
4483,2025-09-02 07:02:32.295229,Healthcare,Netflix,4128.19,UPI
4484,2025-09-02 08:21:01.566156,Entertainment,Flipkart,2423.71,UPI
4485,2025-09-02 09:39:30.837083,Shopping,Local Store,2433.08,Credit Card
4486,2025-09-02 10:58:00.108010,Shopping,Uber,1627.34,UPI
4487,2025-09-02 12:16:29.378937,Travel,Flipkart,3915.09,Debit Card
4488,2025-09-02 13:34:58.649864,Healthcare,Flipkart,3446.67,Credit Card
4489,2025-09-02 14:53:27.920792,Transport,Reliance,2283.14,UPI
4490,2025-09-02 16:11:57.191719,Bills,Reliance,2125.72,UPI
4491,2025-09-02 17:30:26.462646,Education,Myntra,409.32,UPI
4492,2025-09-02 18:48:55.733573,Bills,Uber,82.18,Debit Card
4493,2025-09-02 20:07:25.004500,Bills,Swiggy,2668.03,UPI
4494,2025-09-02 21:25:54.275427,Travel,Zomato,2116.59,Debit Card
4495,2025-09-02 22:44:23.546354,Entertainment,Swiggy,3990.38,Credit Card
4496,2025-09-03 00:02:52.817281,Bills,Flipkart,2736.14,UPI
4497,2025-09-03 01:21:22.088208,Shopping,Myntra,4686.69,Cash
4498,2025-09-03 02:39:51.359135,Entertainment,Flipkart,1020.9,Cash
4499,2025-09-03 03:58:20.630063,Food,Swiggy,4951.24,Debit Card
4500,2025-09-03 05:16:49.900990,Bills,Flipkart,1524.7,UPI
4501,2025-09-03 06:35:19.171917,Bills,Reliance,3230.0,UPI
4502,2025-09-03 07:53:48.442844,Food,Uber,2534.18,Cash
4503,2025-09-03 09:12:17.713771,Bills,Local Store,1829.9,Credit Card
4504,2025-09-03 10:30:46.984698,Food,Swiggy,739.58,Credit Card
4505,2025-09-03 11:49:16.255625,Entertainment,Zomato,717.43,Debit Card
4506,2025-09-03 13:07:45.526552,Shopping,Zomato,3571.95,Cash
4507,2025-09-03 14:26:14.797479,Food,Reliance,1919.32,Debit Card
4508,2025-09-03 15:44:44.068406,Transport,Uber,4808.42,Debit Card
4509,2025-09-03 17:03:13.339333,Travel,Amazon,1661.96,Credit Card
4510,2025-09-03 18:21:42.610261,Travel,Amazon,4918.44,Cash
4511,2025-09-03 19:40:11.881188,Food,Netflix,1066.85,Debit Card
4512,2025-09-03 20:58:41.152115,Travel,Netflix,558.93,Credit Card
4513,2025-09-03 22:17:10.423042,Bills,Swiggy,1597.22,Credit Card
4514,2025-09-03 23:35:39.693969,Education,Reliance,4433.64,UPI
4515,2025-09-04 00:54:08.964896,Education,Reliance,2633.17,Cash
4516,2025-09-04 02:12:38.235823,Travel,Flipkart,721.47,Cash
4517,2025-09-04 03:31:07.506750,Entertainment,Zomato,1052.37,UPI
4518,2025-09-04 04:49:36.777677,Healthcare,Zomato,1590.74,Debit Card
4519,2025-09-04 06:08:06.048604,Entertainment,Zomato,2971.33,Credit Card
4520,2025-09-04 07:26:35.319531,Healthcare,Myntra,1695.28,Credit Card
4521,2025-09-04 08:45:04.590459,Education,Uber,3747.92,Credit Card
4522,2025-09-04 10:03:33.861386,Education,Airtel,3100.65,UPI
4523,2025-09-04 11:22:03.132313,Food,Flipkart,4375.43,Credit Card
4524,2025-09-04 12:40:32.403240,Shopping,Amazon,2529.76,Debit Card
4525,2025-09-04 13:59:01.674167,Transport,Reliance,1689.32,Debit Card
4526,2025-09-04 15:17:30.945094,Entertainment,Amazon,4981.54,UPI
4527,2025-09-04 16:36:00.216021,Bills,Myntra,1810.38,Debit Card
4528,2025-09-04 17:54:29.486948,Healthcare,Amazon,2171.58,Cash
4529,2025-09-04 19:12:58.757875,Travel,Zomato,4055.18,Cash
4530,2025-09-04 20:31:28.028802,Bills,Local Store,488.75,Credit Card
4531,2025-09-04 21:49:57.299729,Shopping,Flipkart,1963.13,Credit Card
4532,2025-09-04 23:08:26.570657,Healthcare,Local Store,474.26,Cash
4533,2025-09-05 00:26:55.841584,Entertainment,Netflix,739.56,Debit Card
4534,2025-09-05 01:45:25.112511,Food,Local Store,72.97,UPI
4535,2025-09-05 03:03:54.383438,Bills,Airtel,97.24,Credit Card
4536,2025-09-05 04:22:23.654365,Shopping,Reliance,1932.43,Credit Card
4537,2025-09-05 05:40:52.925292,Entertainment,Myntra,4055.36,Cash
4538,2025-09-05 06:59:22.196219,Education,Reliance,2955.67,Cash
4539,2025-09-05 08:17:51.467146,Education,Airtel,3192.82,UPI
4540,2025-09-05 09:36:20.738073,Entertainment,Reliance,2620.28,Credit Card
4541,2025-09-05 10:54:50.009000,Entertainment,Local Store,4107.98,Debit Card
4542,2025-09-05 12:13:19.279927,Entertainment,Uber,4407.87,Debit Card
4543,2025-09-05 13:31:48.550855,Healthcare,Reliance,4256.22,Cash
4544,2025-09-05 14:50:17.821782,Entertainment,Netflix,4070.05,UPI
4545,2025-09-05 16:08:47.092709,Bills,Flipkart,954.43,Cash
4546,2025-09-05 17:27:16.363636,Shopping,Flipkart,2989.69,UPI
4547,2025-09-05 18:45:45.634563,Healthcare,Amazon,2931.71,Debit Card
4548,2025-09-05 20:04:14.905490,Entertainment,Swiggy,2663.32,UPI
4549,2025-09-05 21:22:44.176417,Transport,Local Store,2430.02,Debit Card
4550,2025-09-05 22:41:13.447344,Travel,Zomato,491.39,UPI
4551,2025-09-05 23:59:42.718271,Transport,Airtel,555.71,Cash
4552,2025-09-06 01:18:11.989198,Shopping,Myntra,4516.29,Debit Card
4553,2025-09-06 02:36:41.260126,Education,Local Store,3169.42,Credit Card
4554,2025-09-06 03:55:10.531053,Food,Flipkart,1348.47,Credit Card
4555,2025-09-06 05:13:39.801980,Food,Amazon,1432.54,Debit Card
4556,2025-09-06 06:32:09.072907,Travel,Reliance,3070.46,Credit Card
4557,2025-09-06 07:50:38.343834,Education,Zomato,2064.33,Debit Card
4558,2025-09-06 09:09:07.614761,Healthcare,Zomato,2234.55,Cash
4559,2025-09-06 10:27:36.885688,Healthcare,Swiggy,350.22,Cash
4560,2025-09-06 11:46:06.156615,Healthcare,Uber,736.76,UPI
4561,2025-09-06 13:04:35.427542,Food,Swiggy,1997.08,Credit Card
4562,2025-09-06 14:23:04.698469,Transport,Reliance,3513.45,Credit Card
4563,2025-09-06 15:41:33.969396,Food,Local Store,287.73,Credit Card
4564,2025-09-06 17:00:03.240324,Bills,Netflix,1706.06,Debit Card
4565,2025-09-06 18:18:32.511251,Entertainment,Airtel,3490.61,Cash
4566,2025-09-06 19:37:01.782178,Healthcare,Zomato,3970.65,Credit Card
4567,2025-09-06 20:55:31.053105,Transport,Myntra,991.59,UPI
4568,2025-09-06 22:14:00.324032,Shopping,Local Store,3670.86,Credit Card
4569,2025-09-06 23:32:29.594959,Travel,Myntra,4779.29,UPI
4570,2025-09-07 00:50:58.865886,Shopping,Amazon,4538.72,Credit Card
4571,2025-09-07 02:09:28.136813,Entertainment,Myntra,3957.41,Credit Card
4572,2025-09-07 03:27:57.407740,Transport,Zomato,3576.02,Cash
4573,2025-09-07 04:46:26.678667,Food,Zomato,1213.93,UPI
4574,2025-09-07 06:04:55.949594,Food,Zomato,3187.82,Credit Card
4575,2025-09-07 07:23:25.220522,Bills,Local Store,3234.21,UPI
4576,2025-09-07 08:41:54.491449,Bills,Local Store,2063.77,UPI
4577,2025-09-07 10:00:23.762376,Food,Airtel,2490.43,Cash
4578,2025-09-07 11:18:53.033303,Shopping,Flipkart,3485.44,Cash
4579,2025-09-07 12:37:22.304230,Travel,Uber,4762.9,UPI
4580,2025-09-07 13:55:51.575157,Healthcare,Reliance,1511.77,Cash
4581,2025-09-07 15:14:20.846084,Shopping,Reliance,1269.5,Credit Card
4582,2025-09-07 16:32:50.117011,Travel,Amazon,3028.94,Credit Card
4583,2025-09-07 17:51:19.387938,Bills,Swiggy,697.46,Cash
4584,2025-09-07 19:09:48.658865,Entertainment,Airtel,2933.54,UPI
4585,2025-09-07 20:28:17.929792,Travel,Flipkart,489.81,Credit Card
4586,2025-09-07 21:46:47.200720,Food,Netflix,2478.39,Debit Card
4587,2025-09-07 23:05:16.471647,Bills,Amazon,3121.05,UPI
4588,2025-09-08 00:23:45.742574,Bills,Local Store,397.04,UPI
4589,2025-09-08 01:42:15.013501,Healthcare,Flipkart,1074.42,Debit Card
4590,2025-09-08 03:00:44.284428,Food,Zomato,1710.1,Debit Card
4591,2025-09-08 04:19:13.555355,Healthcare,Local Store,1874.56,UPI
4592,2025-09-08 05:37:42.826282,Food,Swiggy,3396.72,Debit Card
4593,2025-09-08 06:56:12.097209,Healthcare,Swiggy,2668.66,Cash
4594,2025-09-08 08:14:41.368136,Travel,Reliance,1941.44,Cash
4595,2025-09-08 09:33:10.639063,Shopping,Uber,2280.85,UPI
4596,2025-09-08 10:51:39.909991,Entertainment,Uber,114.23,Cash
4597,2025-09-08 12:10:09.180918,Entertainment,Netflix,3864.1,Credit Card
4598,2025-09-08 13:28:38.451845,Food,Local Store,252.97,Cash
4599,2025-09-08 14:47:07.722772,Transport,Local Store,4155.12,Cash
4600,2025-09-08 16:05:36.993699,Education,Swiggy,2727.93,Debit Card
4601,2025-09-08 17:24:06.264626,Bills,Zomato,2662.7,Cash
4602,2025-09-08 18:42:35.535553,Bills,Zomato,3537.66,UPI
4603,2025-09-08 20:01:04.806480,Food,Myntra,4304.82,Cash
4604,2025-09-08 21:19:34.077407,Travel,Zomato,4716.1,Cash
4605,2025-09-08 22:38:03.348334,Healthcare,Flipkart,2739.68,UPI
4606,2025-09-08 23:56:32.619261,Transport,Uber,795.76,UPI
4607,2025-09-09 01:15:01.890189,Shopping,Zomato,4399.22,Debit Card
4608,2025-09-09 02:33:31.161116,Healthcare,Airtel,251.33,Credit Card
4609,2025-09-09 03:52:00.432043,Healthcare,Local Store,4046.32,Cash
4610,2025-09-09 05:10:29.702970,Food,Zomato,3418.09,Credit Card
4611,2025-09-09 06:28:58.973897,Food,Myntra,4528.4,Debit Card
4612,2025-09-09 07:47:28.244824,Travel,Netflix,4492.44,UPI
4613,2025-09-09 09:05:57.515751,Bills,Netflix,313.11,UPI
4614,2025-09-09 10:24:26.786678,Food,Swiggy,3066.76,UPI
4615,2025-09-09 11:42:56.057605,Food,Zomato,667.12,Debit Card
4616,2025-09-09 13:01:25.328532,Food,Local Store,438.42,Cash
4617,2025-09-09 14:19:54.599459,Travel,Local Store,2268.97,Debit Card
4618,2025-09-09 15:38:23.870387,Bills,Uber,533.11,UPI
4619,2025-09-09 16:56:53.141314,Shopping,Netflix,3653.12,Cash
4620,2025-09-09 18:15:22.412241,Shopping,Swiggy,4846.26,UPI
4621,2025-09-09 19:33:51.683168,Education,Zomato,2869.44,UPI
4622,2025-09-09 20:52:20.954095,Education,Netflix,1214.09,Debit Card
4623,2025-09-09 22:10:50.225022,Food,Netflix,4223.87,Debit Card
4624,2025-09-09 23:29:19.495949,Education,Local Store,4272.86,Credit Card
4625,2025-09-10 00:47:48.766876,Bills,Zomato,3677.29,UPI
4626,2025-09-10 02:06:18.037803,Travel,Amazon,3094.9,Cash
4627,2025-09-10 03:24:47.308730,Shopping,Zomato,4345.57,UPI
4628,2025-09-10 04:43:16.579657,Healthcare,Flipkart,858.29,Cash
4629,2025-09-10 06:01:45.850585,Shopping,Netflix,4661.42,Credit Card
4630,2025-09-10 07:20:15.121512,Shopping,Uber,4738.66,UPI
4631,2025-09-10 08:38:44.392439,Bills,Amazon,4366.36,Cash
4632,2025-09-10 09:57:13.663366,Education,Myntra,1290.78,Cash
4633,2025-09-10 11:15:42.934293,Healthcare,Swiggy,4297.98,Credit Card
4634,2025-09-10 12:34:12.205220,Bills,Zomato,2513.31,Debit Card
4635,2025-09-10 13:52:41.476147,Food,Uber,2994.9,Credit Card
4636,2025-09-10 15:11:10.747074,Travel,Myntra,4210.97,Cash
4637,2025-09-10 16:29:40.018001,Entertainment,Myntra,196.44,Credit Card
4638,2025-09-10 17:48:09.288928,Shopping,Netflix,1846.57,Debit Card
4639,2025-09-10 19:06:38.559855,Entertainment,Flipkart,4087.68,UPI
4640,2025-09-10 20:25:07.830783,Travel,Netflix,4079.08,Credit Card
4641,2025-09-10 21:43:37.101710,Travel,Swiggy,4251.01,Credit Card
4642,2025-09-10 23:02:06.372637,Bills,Amazon,887.62,UPI
4643,2025-09-11 00:20:35.643564,Bills,Local Store,3544.14,Credit Card
4644,2025-09-11 01:39:04.914491,Bills,Airtel,775.19,Debit Card
4645,2025-09-11 02:57:34.185418,Entertainment,Amazon,3936.24,Cash
4646,2025-09-11 04:16:03.456345,Bills,Swiggy,1263.37,Credit Card
4647,2025-09-11 05:34:32.727272,Travel,Local Store,3702.2,UPI
4648,2025-09-11 06:53:01.998199,Food,Myntra,2302.26,UPI
4649,2025-09-11 08:11:31.269126,Bills,Amazon,4932.0,Credit Card
4650,2025-09-11 09:30:00.540054,Transport,Local Store,2920.47,UPI
4651,2025-09-11 10:48:29.810981,Education,Zomato,3181.27,Cash
4652,2025-09-11 12:06:59.081908,Entertainment,Netflix,1872.41,Cash
4653,2025-09-11 13:25:28.352835,Transport,Airtel,3685.87,UPI
4654,2025-09-11 14:43:57.623762,Bills,Uber,2499.68,Credit Card
4655,2025-09-11 16:02:26.894689,Travel,Zomato,139.43,Credit Card
4656,2025-09-11 17:20:56.165616,Food,Amazon,3062.48,UPI
4657,2025-09-11 18:39:25.436543,Shopping,Reliance,4160.77,Cash
4658,2025-09-11 19:57:54.707470,Healthcare,Local Store,1222.17,Cash
4659,2025-09-11 21:16:23.978397,Education,Myntra,1144.27,Credit Card
4660,2025-09-11 22:34:53.249324,Healthcare,Myntra,3063.99,Cash
4661,2025-09-11 23:53:22.520252,Bills,Reliance,4099.0,Debit Card
4662,2025-09-12 01:11:51.791179,Education,Amazon,1285.62,Cash
4663,2025-09-12 02:30:21.062106,Education,Myntra,4664.7,Credit Card
4664,2025-09-12 03:48:50.333033,Food,Flipkart,4640.57,Cash
4665,2025-09-12 05:07:19.603960,Education,Myntra,1042.66,Cash
4666,2025-09-12 06:25:48.874887,Entertainment,Airtel,1355.73,UPI
4667,2025-09-12 07:44:18.145814,Transport,Flipkart,3517.96,Debit Card
4668,2025-09-12 09:02:47.416741,Transport,Swiggy,4761.08,UPI
4669,2025-09-12 10:21:16.687668,Transport,Swiggy,3563.92,Cash
4670,2025-09-12 11:39:45.958595,Entertainment,Local Store,2252.26,Cash
4671,2025-09-12 12:58:15.229522,Healthcare,Flipkart,886.56,UPI
4672,2025-09-12 14:16:44.500450,Food,Zomato,2332.0,Debit Card
4673,2025-09-12 15:35:13.771377,Education,Local Store,3053.5,Credit Card
4674,2025-09-12 16:53:43.042304,Entertainment,Zomato,1688.21,UPI
4675,2025-09-12 18:12:12.313231,Transport,Airtel,2575.78,Cash
4676,2025-09-12 19:30:41.584158,Bills,Netflix,694.56,Cash
4677,2025-09-12 20:49:10.855085,Shopping,Amazon,2288.33,Credit Card
4678,2025-09-12 22:07:40.126012,Education,Flipkart,499.34,Cash
4679,2025-09-12 23:26:09.396939,Entertainment,Reliance,292.99,Cash
4680,2025-09-13 00:44:38.667866,Travel,Uber,4293.34,Credit Card
4681,2025-09-13 02:03:07.938793,Entertainment,Amazon,1065.15,Cash
4682,2025-09-13 03:21:37.209720,Food,Airtel,2897.02,Cash
4683,2025-09-13 04:40:06.480648,Food,Flipkart,787.46,Debit Card
4684,2025-09-13 05:58:35.751575,Entertainment,Swiggy,1349.51,UPI
4685,2025-09-13 07:17:05.022502,Transport,Amazon,1838.63,Debit Card
4686,2025-09-13 08:35:34.293429,Shopping,Zomato,761.2,Debit Card
4687,2025-09-13 09:54:03.564356,Education,Reliance,277.51,Cash
4688,2025-09-13 11:12:32.835283,Food,Amazon,4391.94,UPI
4689,2025-09-13 12:31:02.106210,Education,Uber,108.57,UPI
4690,2025-09-13 13:49:31.377137,Transport,Airtel,353.54,Cash
4691,2025-09-13 15:08:00.648064,Education,Airtel,4035.11,Debit Card
4692,2025-09-13 16:26:29.918991,Bills,Local Store,1445.94,Debit Card
4693,2025-09-13 17:44:59.189918,Food,Airtel,3627.96,Debit Card
4694,2025-09-13 19:03:28.460846,Transport,Local Store,773.82,UPI
4695,2025-09-13 20:21:57.731773,Transport,Airtel,1224.54,Cash
4696,2025-09-13 21:40:27.002700,Shopping,Uber,2885.24,UPI
4697,2025-09-13 22:58:56.273627,Shopping,Airtel,4943.75,Debit Card
4698,2025-09-14 00:17:25.544554,Bills,Reliance,413.55,UPI
4699,2025-09-14 01:35:54.815481,Transport,Netflix,2032.75,UPI
4700,2025-09-14 02:54:24.086408,Healthcare,Swiggy,263.25,Cash
4701,2025-09-14 04:12:53.357335,Transport,Reliance,1036.17,Cash
4702,2025-09-14 05:31:22.628262,Shopping,Airtel,4541.98,UPI
4703,2025-09-14 06:49:51.899189,Healthcare,Flipkart,527.48,Credit Card
4704,2025-09-14 08:08:21.170117,Food,Zomato,4291.44,Cash
4705,2025-09-14 09:26:50.441044,Food,Netflix,930.13,Credit Card
4706,2025-09-14 10:45:19.711971,Education,Swiggy,4315.83,Cash
4707,2025-09-14 12:03:48.982898,Entertainment,Zomato,2713.21,Debit Card
4708,2025-09-14 13:22:18.253825,Shopping,Reliance,4397.12,Credit Card
4709,2025-09-14 14:40:47.524752,Entertainment,Uber,800.93,Debit Card
4710,2025-09-14 15:59:16.795679,Healthcare,Uber,3822.08,Debit Card
4711,2025-09-14 17:17:46.066606,Shopping,Zomato,3419.46,UPI
4712,2025-09-14 18:36:15.337533,Bills,Flipkart,2737.52,Debit Card
4713,2025-09-14 19:54:44.608460,Transport,Zomato,4062.41,Debit Card
4714,2025-09-14 21:13:13.879387,Bills,Reliance,3258.97,Debit Card
4715,2025-09-14 22:31:43.150315,Healthcare,Zomato,4391.38,Debit Card
4716,2025-09-14 23:50:12.421242,Shopping,Swiggy,1936.26,UPI
4717,2025-09-15 01:08:41.692169,Travel,Flipkart,2970.12,UPI
4718,2025-09-15 02:27:10.963096,Healthcare,Myntra,4359.47,Debit Card
4719,2025-09-15 03:45:40.234023,Travel,Amazon,1113.33,Credit Card
4720,2025-09-15 05:04:09.504950,Transport,Myntra,2454.42,Cash
4721,2025-09-15 06:22:38.775877,Food,Local Store,4805.67,Credit Card
4722,2025-09-15 07:41:08.046804,Food,Zomato,2394.33,Debit Card
4723,2025-09-15 08:59:37.317731,Healthcare,Uber,1301.51,UPI
4724,2025-09-15 10:18:06.588658,Entertainment,Myntra,1787.83,Debit Card
4725,2025-09-15 11:36:35.859585,Shopping,Airtel,4431.17,Debit Card
4726,2025-09-15 12:55:05.130513,Shopping,Reliance,4776.67,UPI
4727,2025-09-15 14:13:34.401440,Food,Myntra,4753.03,Credit Card
4728,2025-09-15 15:32:03.672367,Education,Netflix,3509.76,Cash
4729,2025-09-15 16:50:32.943294,Bills,Flipkart,2572.53,Debit Card
4730,2025-09-15 18:09:02.214221,Education,Reliance,954.31,UPI
4731,2025-09-15 19:27:31.485148,Transport,Uber,659.94,Cash
4732,2025-09-15 20:46:00.756075,Bills,Local Store,345.84,Cash
4733,2025-09-15 22:04:30.027002,Bills,Myntra,137.69,Cash
4734,2025-09-15 23:22:59.297929,Healthcare,Flipkart,4396.68,UPI
4735,2025-09-16 00:41:28.568856,Food,Amazon,4054.98,Debit Card
4736,2025-09-16 01:59:57.839783,Education,Flipkart,2860.72,UPI
4737,2025-09-16 03:18:27.110711,Education,Flipkart,4993.68,Debit Card
4738,2025-09-16 04:36:56.381638,Food,Reliance,4767.61,Credit Card
4739,2025-09-16 05:55:25.652565,Education,Amazon,3292.79,Cash
4740,2025-09-16 07:13:54.923492,Travel,Flipkart,2349.64,Debit Card
4741,2025-09-16 08:32:24.194419,Food,Netflix,803.25,Credit Card
4742,2025-09-16 09:50:53.465346,Healthcare,Myntra,2602.19,UPI
4743,2025-09-16 11:09:22.736273,Entertainment,Myntra,830.83,Cash
4744,2025-09-16 12:27:52.007200,Bills,Netflix,2022.33,Debit Card
4745,2025-09-16 13:46:21.278127,Healthcare,Myntra,4716.11,Cash
4746,2025-09-16 15:04:50.549054,Shopping,Flipkart,1742.8,Cash
4747,2025-09-16 16:23:19.819982,Transport,Local Store,806.3,Cash
4748,2025-09-16 17:41:49.090909,Entertainment,Flipkart,2932.86,UPI
4749,2025-09-16 19:00:18.361836,Shopping,Reliance,3031.7,Cash
4750,2025-09-16 20:18:47.632763,Bills,Airtel,1009.33,Debit Card
4751,2025-09-16 21:37:16.903690,Education,Local Store,1023.1,UPI
4752,2025-09-16 22:55:46.174617,Food,Uber,4948.27,Credit Card
4753,2025-09-17 00:14:15.445544,Bills,Uber,1254.24,Debit Card
4754,2025-09-17 01:32:44.716471,Healthcare,Local Store,4199.05,UPI
4755,2025-09-17 02:51:13.987398,Transport,Flipkart,2378.1,Debit Card
4756,2025-09-17 04:09:43.258325,Healthcare,Zomato,2203.2,Debit Card
4757,2025-09-17 05:28:12.529252,Entertainment,Airtel,1510.06,Credit Card
4758,2025-09-17 06:46:41.800180,Entertainment,Netflix,3880.44,UPI
4759,2025-09-17 08:05:11.071107,Transport,Flipkart,4409.27,Cash
4760,2025-09-17 09:23:40.342034,Travel,Local Store,1342.58,Debit Card
4761,2025-09-17 10:42:09.612961,Shopping,Zomato,520.73,Debit Card
4762,2025-09-17 12:00:38.883888,Shopping,Flipkart,727.75,Debit Card
4763,2025-09-17 13:19:08.154815,Entertainment,Zomato,3974.38,Debit Card
4764,2025-09-17 14:37:37.425742,Entertainment,Local Store,2207.34,Debit Card
4765,2025-09-17 15:56:06.696669,Education,Flipkart,702.98,UPI
4766,2025-09-17 17:14:35.967596,Food,Amazon,1734.43,Debit Card
4767,2025-09-17 18:33:05.238523,Education,Myntra,2595.47,Debit Card
4768,2025-09-17 19:51:34.509450,Education,Local Store,4267.66,Debit Card
4769,2025-09-17 21:10:03.780378,Travel,Uber,3226.63,Cash
4770,2025-09-17 22:28:33.051305,Shopping,Uber,921.36,Cash
4771,2025-09-17 23:47:02.322232,Travel,Airtel,835.58,UPI
4772,2025-09-18 01:05:31.593159,Travel,Swiggy,2091.05,Debit Card
4773,2025-09-18 02:24:00.864086,Transport,Uber,422.2,Debit Card
4774,2025-09-18 03:42:30.135013,Shopping,Swiggy,3790.11,Credit Card
4775,2025-09-18 05:00:59.405940,Food,Amazon,2037.2,Cash
4776,2025-09-18 06:19:28.676867,Healthcare,Local Store,1747.97,Credit Card
4777,2025-09-18 07:37:57.947794,Entertainment,Zomato,2570.09,Debit Card
4778,2025-09-18 08:56:27.218721,Entertainment,Airtel,3559.34,Debit Card
4779,2025-09-18 10:14:56.489648,Food,Myntra,2868.27,Credit Card
4780,2025-09-18 11:33:25.760576,Travel,Netflix,4021.89,UPI
4781,2025-09-18 12:51:55.031503,Education,Swiggy,3165.34,UPI
4782,2025-09-18 14:10:24.302430,Transport,Myntra,3950.45,Credit Card
4783,2025-09-18 15:28:53.573357,Travel,Airtel,3499.07,Debit Card
4784,2025-09-18 16:47:22.844284,Entertainment,Airtel,1005.96,Credit Card
4785,2025-09-18 18:05:52.115211,Bills,Uber,309.15,Cash
4786,2025-09-18 19:24:21.386138,Education,Myntra,4521.81,UPI
4787,2025-09-18 20:42:50.657065,Entertainment,Flipkart,4731.0,Credit Card
4788,2025-09-18 22:01:19.927992,Bills,Reliance,3648.31,UPI
4789,2025-09-18 23:19:49.198919,Travel,Airtel,3634.82,Cash
4790,2025-09-19 00:38:18.469846,Food,Swiggy,1387.23,Debit Card
4791,2025-09-19 01:56:47.740774,Food,Netflix,2735.09,Debit Card
4792,2025-09-19 03:15:17.011701,Education,Netflix,4961.59,Debit Card
4793,2025-09-19 04:33:46.282628,Entertainment,Amazon,4287.91,UPI
4794,2025-09-19 05:52:15.553555,Shopping,Amazon,1556.75,Cash
4795,2025-09-19 07:10:44.824482,Bills,Uber,1540.18,Credit Card
4796,2025-09-19 08:29:14.095409,Transport,Flipkart,2443.71,Debit Card
4797,2025-09-19 09:47:43.366336,Entertainment,Uber,2052.76,UPI
4798,2025-09-19 11:06:12.637263,Transport,Netflix,1887.21,Debit Card
4799,2025-09-19 12:24:41.908190,Entertainment,Zomato,3153.51,Cash
4800,2025-09-19 13:43:11.179117,Shopping,Netflix,106.89,Credit Card
4801,2025-09-19 15:01:40.450045,Shopping,Airtel,3828.53,Debit Card
4802,2025-09-19 16:20:09.720972,Education,Myntra,3713.26,Cash
4803,2025-09-19 17:38:38.991899,Education,Myntra,4160.11,UPI
4804,2025-09-19 18:57:08.262826,Shopping,Airtel,4215.18,Cash
4805,2025-09-19 20:15:37.533753,Healthcare,Airtel,2853.68,UPI
4806,2025-09-19 21:34:06.804680,Shopping,Netflix,3911.37,Debit Card
4807,2025-09-19 22:52:36.075607,Food,Myntra,2487.36,Debit Card
4808,2025-09-20 00:11:05.346534,Food,Myntra,4760.07,Cash
4809,2025-09-20 01:29:34.617461,Healthcare,Local Store,993.96,UPI
4810,2025-09-20 02:48:03.888388,Travel,Myntra,4582.3,Cash
4811,2025-09-20 04:06:33.159315,Bills,Airtel,1329.73,Cash
4812,2025-09-20 05:25:02.430243,Travel,Amazon,558.48,Debit Card
4813,2025-09-20 06:43:31.701170,Transport,Flipkart,2223.57,Debit Card
4814,2025-09-20 08:02:00.972097,Travel,Zomato,3093.84,Debit Card
4815,2025-09-20 09:20:30.243024,Entertainment,Airtel,1193.4,Cash
4816,2025-09-20 10:38:59.513951,Travel,Myntra,2801.19,Cash
4817,2025-09-20 11:57:28.784878,Entertainment,Swiggy,4049.07,Credit Card
4818,2025-09-20 13:15:58.055805,Healthcare,Netflix,1322.57,Credit Card
4819,2025-09-20 14:34:27.326732,Food,Netflix,2922.6,Cash
4820,2025-09-20 15:52:56.597659,Education,Flipkart,1729.6,Credit Card
4821,2025-09-20 17:11:25.868586,Entertainment,Airtel,2672.35,Cash
4822,2025-09-20 18:29:55.139513,Food,Flipkart,3351.25,Debit Card
4823,2025-09-20 19:48:24.410441,Bills,Amazon,1784.59,UPI
4824,2025-09-20 21:06:53.681368,Transport,Reliance,4972.69,Debit Card
4825,2025-09-20 22:25:22.952295,Bills,Uber,2840.69,Cash
4826,2025-09-20 23:43:52.223222,Healthcare,Swiggy,4131.08,Debit Card
4827,2025-09-21 01:02:21.494149,Travel,Uber,3639.42,Cash
4828,2025-09-21 02:20:50.765076,Travel,Reliance,4271.39,Cash
4829,2025-09-21 03:39:20.036003,Shopping,Swiggy,910.31,Credit Card
4830,2025-09-21 04:57:49.306930,Shopping,Uber,1151.64,Cash
4831,2025-09-21 06:16:18.577857,Shopping,Swiggy,2462.69,UPI
4832,2025-09-21 07:34:47.848784,Bills,Flipkart,4269.03,Credit Card
4833,2025-09-21 08:53:17.119711,Entertainment,Zomato,1028.15,UPI
4834,2025-09-21 10:11:46.390639,Transport,Local Store,4856.78,Cash
4835,2025-09-21 11:30:15.661566,Shopping,Swiggy,681.63,Debit Card
4836,2025-09-21 12:48:44.932493,Healthcare,Reliance,916.64,Cash
4837,2025-09-21 14:07:14.203420,Healthcare,Flipkart,877.81,Cash
4838,2025-09-21 15:25:43.474347,Shopping,Local Store,2950.73,Debit Card
4839,2025-09-21 16:44:12.745274,Travel,Flipkart,4591.83,Debit Card
4840,2025-09-21 18:02:42.016201,Shopping,Amazon,1312.8,UPI
4841,2025-09-21 19:21:11.287128,Transport,Myntra,2787.53,Credit Card
4842,2025-09-21 20:39:40.558055,Shopping,Netflix,920.07,Credit Card
4843,2025-09-21 21:58:09.828982,Transport,Amazon,3174.13,Credit Card
4844,2025-09-21 23:16:39.099909,Healthcare,Reliance,660.07,UPI
4845,2025-09-22 00:35:08.370837,Shopping,Airtel,2481.99,UPI
4846,2025-09-22 01:53:37.641764,Bills,Airtel,3293.15,Debit Card
4847,2025-09-22 03:12:06.912691,Education,Netflix,2916.68,Credit Card
4848,2025-09-22 04:30:36.183618,Bills,Flipkart,743.0,Cash
4849,2025-09-22 05:49:05.454545,Healthcare,Zomato,848.8,UPI
4850,2025-09-22 07:07:34.725472,Transport,Reliance,3373.39,Cash
4851,2025-09-22 08:26:03.996399,Bills,Netflix,4054.1,Credit Card
4852,2025-09-22 09:44:33.267326,Transport,Local Store,4544.97,Credit Card
4853,2025-09-22 11:03:02.538253,Bills,Local Store,4077.38,UPI
4854,2025-09-22 12:21:31.809180,Bills,Airtel,4870.92,UPI
4855,2025-09-22 13:40:01.080108,Transport,Myntra,2070.85,Debit Card
4856,2025-09-22 14:58:30.351035,Entertainment,Flipkart,1689.27,Cash
4857,2025-09-22 16:16:59.621962,Bills,Airtel,189.51,Debit Card
4858,2025-09-22 17:35:28.892889,Shopping,Zomato,2276.98,Debit Card
4859,2025-09-22 18:53:58.163816,Education,Netflix,3274.29,Cash
4860,2025-09-22 20:12:27.434743,Healthcare,Swiggy,4086.27,Credit Card
4861,2025-09-22 21:30:56.705670,Entertainment,Zomato,1373.9,Cash
4862,2025-09-22 22:49:25.976597,Transport,Swiggy,2592.28,Credit Card
4863,2025-09-23 00:07:55.247524,Entertainment,Flipkart,3326.95,Debit Card
4864,2025-09-23 01:26:24.518451,Food,Netflix,2780.43,Credit Card
4865,2025-09-23 02:44:53.789378,Food,Local Store,1406.4,Credit Card
4866,2025-09-23 04:03:23.060306,Bills,Local Store,3991.6,Credit Card
4867,2025-09-23 05:21:52.331233,Bills,Amazon,908.14,Cash
4868,2025-09-23 06:40:21.602160,Shopping,Local Store,4529.65,Credit Card
4869,2025-09-23 07:58:50.873087,Education,Reliance,4765.35,Cash
4870,2025-09-23 09:17:20.144014,Healthcare,Amazon,1859.59,UPI
4871,2025-09-23 10:35:49.414941,Entertainment,Amazon,1912.1,UPI
4872,2025-09-23 11:54:18.685868,Food,Local Store,3729.23,Debit Card
4873,2025-09-23 13:12:47.956795,Bills,Airtel,2308.63,Debit Card
4874,2025-09-23 14:31:17.227722,Travel,Myntra,191.62,Cash
4875,2025-09-23 15:49:46.498649,Travel,Myntra,4603.39,Credit Card
4876,2025-09-23 17:08:15.769576,Healthcare,Reliance,2182.21,Credit Card
4877,2025-09-23 18:26:45.040504,Entertainment,Uber,1057.3,UPI
4878,2025-09-23 19:45:14.311431,Bills,Airtel,2800.54,Cash
4879,2025-09-23 21:03:43.582358,Bills,Uber,1133.59,Credit Card
4880,2025-09-23 22:22:12.853285,Food,Swiggy,1069.81,Credit Card
4881,2025-09-23 23:40:42.124212,Food,Airtel,2751.37,Cash
4882,2025-09-24 00:59:11.395139,Bills,Netflix,1985.66,Debit Card
4883,2025-09-24 02:17:40.666066,Transport,Uber,2886.32,Cash
4884,2025-09-24 03:36:09.936993,Bills,Reliance,4984.29,Cash
4885,2025-09-24 04:54:39.207920,Healthcare,Reliance,4302.14,Credit Card
4886,2025-09-24 06:13:08.478847,Bills,Airtel,87.97,UPI
4887,2025-09-24 07:31:37.749774,Shopping,Amazon,300.25,Credit Card
4888,2025-09-24 08:50:07.020702,Education,Netflix,3069.89,Credit Card
4889,2025-09-24 10:08:36.291629,Shopping,Flipkart,3149.97,Credit Card
4890,2025-09-24 11:27:05.562556,Shopping,Netflix,4397.04,Cash
4891,2025-09-24 12:45:34.833483,Transport,Reliance,3163.83,Cash
4892,2025-09-24 14:04:04.104410,Transport,Swiggy,1177.19,Credit Card
4893,2025-09-24 15:22:33.375337,Travel,Uber,2369.16,Credit Card
4894,2025-09-24 16:41:02.646264,Bills,Uber,4054.48,UPI
4895,2025-09-24 17:59:31.917191,Shopping,Swiggy,4617.98,Debit Card
4896,2025-09-24 19:18:01.188118,Transport,Zomato,1222.73,Credit Card
4897,2025-09-24 20:36:30.459045,Food,Airtel,2721.04,Cash
4898,2025-09-24 21:54:59.729973,Bills,Reliance,836.69,Debit Card
4899,2025-09-24 23:13:29.000900,Healthcare,Myntra,2510.15,Debit Card
4900,2025-09-25 00:31:58.271827,Education,Local Store,496.06,UPI
4901,2025-09-25 01:50:27.542754,Entertainment,Swiggy,4711.55,Debit Card
4902,2025-09-25 03:08:56.813681,Bills,Swiggy,3208.38,Credit Card
4903,2025-09-25 04:27:26.084608,Entertainment,Netflix,4278.37,Credit Card
4904,2025-09-25 05:45:55.355535,Shopping,Airtel,4991.56,Cash
4905,2025-09-25 07:04:24.626462,Education,Airtel,954.2,Credit Card
4906,2025-09-25 08:22:53.897389,Entertainment,Myntra,3486.01,Credit Card
4907,2025-09-25 09:41:23.168316,Shopping,Local Store,4440.58,UPI
4908,2025-09-25 10:59:52.439243,Food,Airtel,2900.89,Debit Card
4909,2025-09-25 12:18:21.710171,Entertainment,Amazon,3216.5,UPI
4910,2025-09-25 13:36:50.981098,Education,Reliance,2067.97,Debit Card
4911,2025-09-25 14:55:20.252025,Travel,Amazon,3390.07,UPI
4912,2025-09-25 16:13:49.522952,Bills,Zomato,2008.11,Cash
4913,2025-09-25 17:32:18.793879,Shopping,Reliance,2409.27,UPI
4914,2025-09-25 18:50:48.064806,Bills,Flipkart,559.41,UPI
4915,2025-09-25 20:09:17.335733,Education,Reliance,88.65,Cash
4916,2025-09-25 21:27:46.606660,Transport,Reliance,323.0,Credit Card
4917,2025-09-25 22:46:15.877587,Shopping,Myntra,1002.98,Credit Card
4918,2025-09-26 00:04:45.148514,Entertainment,Amazon,2310.19,Cash
4919,2025-09-26 01:23:14.419441,Shopping,Local Store,153.92,Cash
4920,2025-09-26 02:41:43.690369,Bills,Netflix,821.89,UPI
4921,2025-09-26 04:00:12.961296,Food,Myntra,3918.15,Cash
4922,2025-09-26 05:18:42.232223,Shopping,Reliance,3822.72,Cash
4923,2025-09-26 06:37:11.503150,Entertainment,Netflix,3959.16,Debit Card
4924,2025-09-26 07:55:40.774077,Transport,Uber,4611.63,Debit Card
4925,2025-09-26 09:14:10.045004,Travel,Netflix,639.4,Credit Card
4926,2025-09-26 10:32:39.315931,Healthcare,Swiggy,857.54,Cash
4927,2025-09-26 11:51:08.586858,Food,Myntra,1701.09,UPI
4928,2025-09-26 13:09:37.857785,Travel,Myntra,4579.95,Credit Card
4929,2025-09-26 14:28:07.128712,Transport,Swiggy,3888.61,Credit Card
4930,2025-09-26 15:46:36.399639,Shopping,Uber,1654.4,Credit Card
4931,2025-09-26 17:05:05.670567,Bills,Airtel,483.8,Cash
4932,2025-09-26 18:23:34.941494,Education,Airtel,3101.08,Cash
4933,2025-09-26 19:42:04.212421,Bills,Airtel,1321.25,UPI
4934,2025-09-26 21:00:33.483348,Travel,Airtel,2679.21,UPI
4935,2025-09-26 22:19:02.754275,Entertainment,Amazon,4711.93,Credit Card
4936,2025-09-26 23:37:32.025202,Bills,Swiggy,2884.46,Cash
4937,2025-09-27 00:56:01.296129,Food,Uber,4622.98,UPI
4938,2025-09-27 02:14:30.567056,Bills,Reliance,1995.54,Debit Card
4939,2025-09-27 03:32:59.837983,Entertainment,Zomato,3185.09,Debit Card
4940,2025-09-27 04:51:29.108910,Healthcare,Myntra,4474.76,Credit Card
4941,2025-09-27 06:09:58.379837,Shopping,Netflix,2960.54,Debit Card
4942,2025-09-27 07:28:27.650765,Education,Airtel,3093.75,Credit Card
4943,2025-09-27 08:46:56.921692,Travel,Netflix,3595.72,Cash
4944,2025-09-27 10:05:26.192619,Shopping,Zomato,4416.43,Credit Card
4945,2025-09-27 11:23:55.463546,Bills,Myntra,486.49,Credit Card
4946,2025-09-27 12:42:24.734473,Transport,Flipkart,1717.45,Cash
4947,2025-09-27 14:00:54.005400,Shopping,Local Store,2018.54,UPI
4948,2025-09-27 15:19:23.276327,Healthcare,Uber,4553.06,UPI
4949,2025-09-27 16:37:52.547254,Bills,Amazon,4782.24,UPI
4950,2025-09-27 17:56:21.818181,Education,Netflix,645.88,UPI
4951,2025-09-27 19:14:51.089108,Entertainment,Airtel,639.58,Credit Card
4952,2025-09-27 20:33:20.360036,Healthcare,Swiggy,4677.57,UPI
4953,2025-09-27 21:51:49.630963,Bills,Netflix,1514.07,Debit Card
4954,2025-09-27 23:10:18.901890,Healthcare,Myntra,1246.98,Debit Card
4955,2025-09-28 00:28:48.172817,Shopping,Flipkart,226.33,UPI
4956,2025-09-28 01:47:17.443744,Education,Uber,1414.2,Debit Card
4957,2025-09-28 03:05:46.714671,Entertainment,Swiggy,3482.96,Debit Card
4958,2025-09-28 04:24:15.985598,Bills,Local Store,2158.88,Cash
4959,2025-09-28 05:42:45.256525,Food,Myntra,2608.51,Cash
4960,2025-09-28 07:01:14.527452,Travel,Flipkart,4590.61,UPI
4961,2025-09-28 08:19:43.798379,Entertainment,Swiggy,617.71,Credit Card
4962,2025-09-28 09:38:13.069306,Food,Local Store,402.64,Credit Card
4963,2025-09-28 10:56:42.340234,Healthcare,Netflix,4267.06,Cash
4964,2025-09-28 12:15:11.611161,Transport,Myntra,3885.54,Cash
4965,2025-09-28 13:33:40.882088,Entertainment,Reliance,1355.48,Credit Card
4966,2025-09-28 14:52:10.153015,Healthcare,Local Store,1654.96,UPI
4967,2025-09-28 16:10:39.423942,Food,Flipkart,1585.88,Credit Card
4968,2025-09-28 17:29:08.694869,Shopping,Reliance,3256.65,Credit Card
4969,2025-09-28 18:47:37.965796,Shopping,Reliance,353.0,Debit Card
4970,2025-09-28 20:06:07.236723,Transport,Amazon,2472.54,Credit Card
4971,2025-09-28 21:24:36.507650,Travel,Flipkart,712.67,Cash
4972,2025-09-28 22:43:05.778577,Entertainment,Reliance,4107.71,UPI
4973,2025-09-29 00:01:35.049504,Entertainment,Netflix,1934.28,Credit Card
4974,2025-09-29 01:20:04.320432,Entertainment,Myntra,2661.48,Debit Card
4975,2025-09-29 02:38:33.591359,Travel,Myntra,195.12,Cash
4976,2025-09-29 03:57:02.862286,Healthcare,Netflix,338.41,Cash
4977,2025-09-29 05:15:32.133213,Education,Amazon,3391.52,Debit Card
4978,2025-09-29 06:34:01.404140,Education,Uber,3845.51,Cash
4979,2025-09-29 07:52:30.675067,Transport,Amazon,3564.68,Debit Card
4980,2025-09-29 09:10:59.945994,Entertainment,Myntra,3698.24,Cash
4981,2025-09-29 10:29:29.216921,Healthcare,Uber,567.87,Cash
4982,2025-09-29 11:47:58.487848,Shopping,Amazon,3482.58,Cash
4983,2025-09-29 13:06:27.758775,Food,Reliance,949.65,Cash
4984,2025-09-29 14:24:57.029702,Healthcare,Uber,535.18,Debit Card
4985,2025-09-29 15:43:26.300630,Travel,Myntra,3797.95,Credit Card
4986,2025-09-29 17:01:55.571557,Education,Netflix,4452.56,Cash
4987,2025-09-29 18:20:24.842484,Education,Airtel,3597.71,Debit Card
4988,2025-09-29 19:38:54.113411,Shopping,Reliance,4037.59,Debit Card
4989,2025-09-29 20:57:23.384338,Shopping,Reliance,4955.89,Debit Card
4990,2025-09-29 22:15:52.655265,Travel,Airtel,717.04,Credit Card
4991,2025-09-29 23:34:21.926192,Food,Local Store,4827.51,UPI
4992,2025-09-30 00:52:51.197119,Shopping,Zomato,3025.93,Debit Card
4993,2025-09-30 02:11:20.468046,Transport,Swiggy,4075.6,Debit Card
4994,2025-09-30 03:29:49.738973,Food,Flipkart,3268.34,Debit Card
4995,2025-09-30 04:48:19.009900,Shopping,Amazon,2871.69,Credit Card
4996,2025-09-30 06:06:48.280828,Bills,Zomato,3532.91,Cash
4997,2025-09-30 07:25:17.551755,Healthcare,Amazon,1635.28,Credit Card
4998,2025-09-30 08:43:46.822682,Shopping,Zomato,4625.14,Debit Card
4999,2025-09-30 10:02:16.093609,Transport,Uber,620.7,UPI
5000,2025-09-30 11:20:45.364536,Entertainment,Netflix,1624.25,Debit Card
5001,2025-09-30 12:39:14.635463,Shopping,Flipkart,204.25,Cash
5002,2025-09-30 13:57:43.906390,Education,Flipkart,1393.05,UPI
5003,2025-09-30 15:16:13.177317,Education,Amazon,1130.15,UPI
5004,2025-09-30 16:34:42.448244,Education,Airtel,295.67,Credit Card
5005,2025-09-30 17:53:11.719171,Entertainment,Uber,2484.28,Credit Card
5006,2025-09-30 19:11:40.990099,Education,Local Store,2369.75,Cash
5007,2025-09-30 20:30:10.261026,Bills,Flipkart,434.84,Credit Card
5008,2025-09-30 21:48:39.531953,Shopping,Swiggy,1346.16,Cash
5009,2025-09-30 23:07:08.802880,Travel,Amazon,4768.94,UPI
5010,2025-10-01 00:25:38.073807,Education,Reliance,598.15,UPI
5011,2025-10-01 01:44:07.344734,Food,Swiggy,1559.84,UPI
5012,2025-10-01 03:02:36.615661,Travel,Myntra,227.52,Cash
5013,2025-10-01 04:21:05.886588,Entertainment,Amazon,786.99,Credit Card
5014,2025-10-01 05:39:35.157515,Bills,Amazon,3512.02,Credit Card
5015,2025-10-01 06:58:04.428442,Food,Reliance,1865.25,Credit Card
5016,2025-10-01 08:16:33.699369,Food,Uber,2287.78,Debit Card
5017,2025-10-01 09:35:02.970297,Food,Reliance,827.04,UPI
5018,2025-10-01 10:53:32.241224,Food,Flipkart,3426.59,UPI
5019,2025-10-01 12:12:01.512151,Travel,Netflix,3770.03,Debit Card
5020,2025-10-01 13:30:30.783078,Travel,Amazon,946.5,UPI
5021,2025-10-01 14:49:00.054005,Shopping,Myntra,272.72,UPI
5022,2025-10-01 16:07:29.324932,Education,Airtel,450.66,Debit Card
5023,2025-10-01 17:25:58.595859,Healthcare,Amazon,3302.38,UPI
5024,2025-10-01 18:44:27.866786,Shopping,Reliance,720.78,Credit Card
5025,2025-10-01 20:02:57.137713,Shopping,Zomato,2494.9,Debit Card
5026,2025-10-01 21:21:26.408640,Bills,Amazon,805.58,UPI
5027,2025-10-01 22:39:55.679567,Bills,Amazon,892.23,Credit Card
5028,2025-10-01 23:58:24.950495,Education,Myntra,71.58,Cash
5029,2025-10-02 01:16:54.221422,Healthcare,Myntra,1638.08,UPI
5030,2025-10-02 02:35:23.492349,Bills,Amazon,494.5,Debit Card
5031,2025-10-02 03:53:52.763276,Education,Zomato,2000.11,Credit Card
5032,2025-10-02 05:12:22.034203,Education,Netflix,3009.03,Cash
5033,2025-10-02 06:30:51.305130,Travel,Local Store,1869.28,Cash
5034,2025-10-02 07:49:20.576057,Transport,Zomato,3540.15,UPI
5035,2025-10-02 09:07:49.846984,Travel,Zomato,3720.19,Cash
5036,2025-10-02 10:26:19.117911,Healthcare,Zomato,3498.2,Debit Card
5037,2025-10-02 11:44:48.388838,Bills,Netflix,4686.73,Cash
5038,2025-10-02 13:03:17.659765,Healthcare,Uber,1224.61,UPI
5039,2025-10-02 14:21:46.930693,Shopping,Uber,987.81,Cash
5040,2025-10-02 15:40:16.201620,Shopping,Zomato,3068.07,UPI
5041,2025-10-02 16:58:45.472547,Healthcare,Local Store,2994.64,Cash
5042,2025-10-02 18:17:14.743474,Transport,Reliance,2574.99,Credit Card
5043,2025-10-02 19:35:44.014401,Transport,Swiggy,71.55,UPI
5044,2025-10-02 20:54:13.285328,Travel,Uber,2798.43,Debit Card
5045,2025-10-02 22:12:42.556255,Healthcare,Airtel,4667.35,Debit Card
5046,2025-10-02 23:31:11.827182,Bills,Myntra,1706.16,Cash
5047,2025-10-03 00:49:41.098109,Travel,Netflix,4839.62,Credit Card
5048,2025-10-03 02:08:10.369036,Entertainment,Netflix,1815.95,Cash
5049,2025-10-03 03:26:39.639963,Transport,Swiggy,742.28,Cash
5050,2025-10-03 04:45:08.910891,Food,Uber,2022.1,Credit Card
5051,2025-10-03 06:03:38.181818,Travel,Local Store,2498.33,UPI
5052,2025-10-03 07:22:07.452745,Shopping,Local Store,3165.85,Debit Card
5053,2025-10-03 08:40:36.723672,Travel,Myntra,2549.15,Credit Card
5054,2025-10-03 09:59:05.994599,Healthcare,Zomato,2706.76,Cash
5055,2025-10-03 11:17:35.265526,Food,Reliance,169.13,UPI
5056,2025-10-03 12:36:04.536453,Healthcare,Uber,1305.42,Cash
5057,2025-10-03 13:54:33.807380,Education,Local Store,1587.95,UPI
5058,2025-10-03 15:13:03.078307,Shopping,Swiggy,4936.09,Debit Card
5059,2025-10-03 16:31:32.349234,Shopping,Myntra,1513.06,Debit Card
5060,2025-10-03 17:50:01.620162,Transport,Amazon,4488.07,UPI
5061,2025-10-03 19:08:30.891089,Travel,Myntra,1558.44,Debit Card
5062,2025-10-03 20:27:00.162016,Transport,Local Store,525.75,Cash
5063,2025-10-03 21:45:29.432943,Food,Amazon,1275.71,UPI
5064,2025-10-03 23:03:58.703870,Travel,Airtel,1400.5,Cash
5065,2025-10-04 00:22:27.974797,Education,Flipkart,4892.33,UPI
5066,2025-10-04 01:40:57.245724,Healthcare,Myntra,3387.74,Cash
5067,2025-10-04 02:59:26.516651,Education,Swiggy,4661.82,Debit Card
5068,2025-10-04 04:17:55.787578,Shopping,Swiggy,4183.23,Credit Card
5069,2025-10-04 05:36:25.058505,Food,Reliance,2914.06,Cash
5070,2025-10-04 06:54:54.329432,Entertainment,Zomato,3393.17,UPI
5071,2025-10-04 08:13:23.600360,Food,Myntra,3142.94,Debit Card
5072,2025-10-04 09:31:52.871287,Bills,Local Store,3348.0,UPI
5073,2025-10-04 10:50:22.142214,Food,Flipkart,1360.63,Cash
5074,2025-10-04 12:08:51.413141,Education,Uber,2070.22,UPI
5075,2025-10-04 13:27:20.684068,Bills,Local Store,2983.45,UPI
5076,2025-10-04 14:45:49.954995,Bills,Swiggy,227.85,Cash
5077,2025-10-04 16:04:19.225922,Travel,Airtel,2440.03,Debit Card
5078,2025-10-04 17:22:48.496849,Travel,Local Store,4305.65,Debit Card
5079,2025-10-04 18:41:17.767776,Bills,Netflix,2487.22,Cash
5080,2025-10-04 19:59:47.038703,Entertainment,Swiggy,2784.0,Debit Card
5081,2025-10-04 21:18:16.309630,Travel,Myntra,1049.43,Credit Card
5082,2025-10-04 22:36:45.580558,Food,Airtel,3982.0,UPI
5083,2025-10-04 23:55:14.851485,Education,Netflix,1826.45,Cash
5084,2025-10-05 01:13:44.122412,Food,Amazon,4785.11,Credit Card
5085,2025-10-05 02:32:13.393339,Entertainment,Flipkart,4968.89,UPI
5086,2025-10-05 03:50:42.664266,Shopping,Swiggy,4584.2,Cash
5087,2025-10-05 05:09:11.935193,Transport,Myntra,470.14,Debit Card
5088,2025-10-05 06:27:41.206120,Education,Netflix,1699.26,Cash
5089,2025-10-05 07:46:10.477047,Travel,Netflix,4728.43,Cash
5090,2025-10-05 09:04:39.747974,Education,Zomato,4032.44,UPI
5091,2025-10-05 10:23:09.018901,Food,Netflix,4560.36,UPI
5092,2025-10-05 11:41:38.289828,Transport,Flipkart,2884.14,UPI
5093,2025-10-05 13:00:07.560756,Healthcare,Airtel,2427.97,Credit Card
5094,2025-10-05 14:18:36.831683,Healthcare,Airtel,577.16,Debit Card
5095,2025-10-05 15:37:06.102610,Travel,Netflix,4205.38,Cash
5096,2025-10-05 16:55:35.373537,Entertainment,Myntra,3738.45,Cash
5097,2025-10-05 18:14:04.644464,Healthcare,Swiggy,341.44,Debit Card
5098,2025-10-05 19:32:33.915391,Education,Myntra,1086.6,Cash
5099,2025-10-05 20:51:03.186318,Healthcare,Reliance,2808.52,UPI
5100,2025-10-05 22:09:32.457245,Shopping,Swiggy,3437.79,Cash
5101,2025-10-05 23:28:01.728172,Shopping,Amazon,731.47,Debit Card
5102,2025-10-06 00:46:30.999099,Travel,Flipkart,1261.88,Credit Card
5103,2025-10-06 02:05:00.270027,Shopping,Myntra,1005.9,Credit Card
5104,2025-10-06 03:23:29.540954,Healthcare,Zomato,1138.99,Debit Card
5105,2025-10-06 04:41:58.811881,Entertainment,Airtel,4607.53,Cash
5106,2025-10-06 06:00:28.082808,Bills,Netflix,3593.31,Cash
5107,2025-10-06 07:18:57.353735,Bills,Swiggy,3698.68,Credit Card
5108,2025-10-06 08:37:26.624662,Travel,Netflix,3980.28,Cash
5109,2025-10-06 09:55:55.895589,Transport,Amazon,1815.04,Credit Card
5110,2025-10-06 11:14:25.166516,Bills,Reliance,3847.56,Debit Card
5111,2025-10-06 12:32:54.437443,Bills,Netflix,4893.15,Debit Card
5112,2025-10-06 13:51:23.708370,Shopping,Myntra,3507.05,Cash
5113,2025-10-06 15:09:52.979297,Shopping,Swiggy,2112.93,UPI
5114,2025-10-06 16:28:22.250225,Healthcare,Zomato,3595.98,UPI
5115,2025-10-06 17:46:51.521152,Travel,Amazon,4508.93,Credit Card
5116,2025-10-06 19:05:20.792079,Transport,Local Store,687.37,Debit Card
5117,2025-10-06 20:23:50.063006,Travel,Flipkart,1363.21,Credit Card
5118,2025-10-06 21:42:19.333933,Food,Reliance,4600.52,Debit Card
5119,2025-10-06 23:00:48.604860,Education,Myntra,4733.85,Credit Card
5120,2025-10-07 00:19:17.875787,Transport,Flipkart,2446.49,Credit Card
5121,2025-10-07 01:37:47.146714,Transport,Zomato,1904.03,Credit Card
5122,2025-10-07 02:56:16.417641,Entertainment,Flipkart,1449.77,Cash
5123,2025-10-07 04:14:45.688568,Travel,Airtel,2518.82,UPI
5124,2025-10-07 05:33:14.959495,Healthcare,Swiggy,4675.93,Debit Card
5125,2025-10-07 06:51:44.230423,Entertainment,Flipkart,791.56,Credit Card
5126,2025-10-07 08:10:13.501350,Transport,Myntra,2128.16,UPI
5127,2025-10-07 09:28:42.772277,Transport,Local Store,4562.46,Credit Card
5128,2025-10-07 10:47:12.043204,Transport,Airtel,1778.14,Credit Card
5129,2025-10-07 12:05:41.314131,Bills,Airtel,3852.0,Debit Card
5130,2025-10-07 13:24:10.585058,Travel,Flipkart,1976.84,Cash
5131,2025-10-07 14:42:39.855985,Education,Reliance,4034.39,Credit Card
5132,2025-10-07 16:01:09.126912,Education,Uber,4905.96,Debit Card
5133,2025-10-07 17:19:38.397839,Entertainment,Reliance,1969.72,Cash
5134,2025-10-07 18:38:07.668766,Transport,Netflix,4233.24,Cash
5135,2025-10-07 19:56:36.939693,Education,Myntra,4942.66,UPI
5136,2025-10-07 21:15:06.210621,Shopping,Uber,4919.96,UPI
5137,2025-10-07 22:33:35.481548,Travel,Swiggy,2197.17,Credit Card
5138,2025-10-07 23:52:04.752475,Education,Airtel,2454.52,UPI
5139,2025-10-08 01:10:34.023402,Healthcare,Myntra,1551.84,Debit Card
5140,2025-10-08 02:29:03.294329,Travel,Zomato,1604.39,Debit Card
5141,2025-10-08 03:47:32.565256,Healthcare,Netflix,2487.73,UPI
5142,2025-10-08 05:06:01.836183,Education,Local Store,1042.57,Debit Card
5143,2025-10-08 06:24:31.107110,Shopping,Netflix,3570.06,Debit Card
5144,2025-10-08 07:43:00.378037,Healthcare,Myntra,2704.73,Credit Card
5145,2025-10-08 09:01:29.648964,Bills,Swiggy,4495.44,Credit Card
5146,2025-10-08 10:19:58.919891,Education,Airtel,4062.38,Debit Card
5147,2025-10-08 11:38:28.190819,Bills,Amazon,1646.23,UPI
5148,2025-10-08 12:56:57.461746,Education,Amazon,2553.73,Debit Card
5149,2025-10-08 14:15:26.732673,Food,Myntra,3765.05,Cash
5150,2025-10-08 15:33:56.003600,Food,Flipkart,1006.34,Cash
5151,2025-10-08 16:52:25.274527,Food,Reliance,206.41,Cash
5152,2025-10-08 18:10:54.545454,Healthcare,Netflix,4268.91,Credit Card
5153,2025-10-08 19:29:23.816381,Bills,Swiggy,730.87,UPI
5154,2025-10-08 20:47:53.087308,Bills,Netflix,4452.59,Debit Card
5155,2025-10-08 22:06:22.358235,Bills,Zomato,4572.36,UPI
5156,2025-10-08 23:24:51.629162,Shopping,Amazon,2330.47,UPI
5157,2025-10-09 00:43:20.900090,Bills,Airtel,4043.57,UPI
5158,2025-10-09 02:01:50.171017,Shopping,Zomato,1847.8,Cash
5159,2025-10-09 03:20:19.441944,Food,Airtel,4298.41,Debit Card
5160,2025-10-09 04:38:48.712871,Food,Netflix,4132.18,Credit Card
5161,2025-10-09 05:57:17.983798,Healthcare,Swiggy,438.67,UPI
5162,2025-10-09 07:15:47.254725,Education,Amazon,2933.88,UPI
5163,2025-10-09 08:34:16.525652,Food,Netflix,3217.99,Cash
5164,2025-10-09 09:52:45.796579,Education,Amazon,54.24,Cash
5165,2025-10-09 11:11:15.067506,Education,Myntra,4900.6,Debit Card
5166,2025-10-09 12:29:44.338433,Travel,Local Store,2062.51,Credit Card
5167,2025-10-09 13:48:13.609360,Healthcare,Local Store,2610.85,Credit Card
5168,2025-10-09 15:06:42.880288,Transport,Airtel,1014.28,Cash
5169,2025-10-09 16:25:12.151215,Transport,Netflix,3074.05,Debit Card
5170,2025-10-09 17:43:41.422142,Entertainment,Uber,4062.57,UPI
5171,2025-10-09 19:02:10.693069,Travel,Amazon,2950.17,Debit Card
5172,2025-10-09 20:20:39.963996,Healthcare,Amazon,3950.77,Credit Card
5173,2025-10-09 21:39:09.234923,Entertainment,Uber,3668.98,Cash
5174,2025-10-09 22:57:38.505850,Entertainment,Flipkart,1226.41,UPI
5175,2025-10-10 00:16:07.776777,Travel,Netflix,2207.27,UPI
5176,2025-10-10 01:34:37.047704,Transport,Uber,785.7,Credit Card
5177,2025-10-10 02:53:06.318631,Healthcare,Local Store,257.58,UPI
5178,2025-10-10 04:11:35.589558,Transport,Amazon,362.19,Debit Card
5179,2025-10-10 05:30:04.860486,Entertainment,Local Store,4715.37,Credit Card
5180,2025-10-10 06:48:34.131413,Healthcare,Netflix,4923.46,Credit Card
5181,2025-10-10 08:07:03.402340,Entertainment,Swiggy,520.14,UPI
5182,2025-10-10 09:25:32.673267,Bills,Swiggy,1709.21,Credit Card
5183,2025-10-10 10:44:01.944194,Travel,Airtel,616.38,Cash
5184,2025-10-10 12:02:31.215121,Education,Local Store,4179.43,Debit Card
5185,2025-10-10 13:21:00.486048,Healthcare,Local Store,2506.67,Credit Card
5186,2025-10-10 14:39:29.756975,Healthcare,Local Store,3125.25,Cash
5187,2025-10-10 15:57:59.027902,Education,Flipkart,2722.56,UPI
5188,2025-10-10 17:16:28.298829,Entertainment,Local Store,3565.76,Credit Card
5189,2025-10-10 18:34:57.569756,Bills,Swiggy,1629.7,Cash
5190,2025-10-10 19:53:26.840684,Shopping,Flipkart,730.59,UPI
5191,2025-10-10 21:11:56.111611,Education,Airtel,137.22,Cash
5192,2025-10-10 22:30:25.382538,Travel,Myntra,2256.18,UPI
5193,2025-10-10 23:48:54.653465,Transport,Zomato,4543.78,Debit Card
5194,2025-10-11 01:07:23.924392,Entertainment,Airtel,1561.07,Credit Card
5195,2025-10-11 02:25:53.195319,Education,Reliance,1019.99,Debit Card
5196,2025-10-11 03:44:22.466246,Education,Flipkart,4633.91,Debit Card
5197,2025-10-11 05:02:51.737173,Healthcare,Swiggy,571.97,Credit Card
5198,2025-10-11 06:21:21.008100,Transport,Swiggy,306.42,Debit Card
5199,2025-10-11 07:39:50.279027,Transport,Netflix,4403.1,Debit Card
5200,2025-10-11 08:58:19.549954,Travel,Amazon,3519.5,Cash
5201,2025-10-11 10:16:48.820882,Transport,Local Store,2139.24,UPI
5202,2025-10-11 11:35:18.091809,Education,Swiggy,3774.1,Debit Card
5203,2025-10-11 12:53:47.362736,Shopping,Local Store,3720.13,Credit Card
5204,2025-10-11 14:12:16.633663,Food,Uber,248.3,Cash
5205,2025-10-11 15:30:45.904590,Entertainment,Amazon,3397.42,UPI
5206,2025-10-11 16:49:15.175517,Food,Uber,3222.32,Debit Card
5207,2025-10-11 18:07:44.446444,Education,Local Store,4820.71,Debit Card
5208,2025-10-11 19:26:13.717371,Food,Flipkart,4834.78,Credit Card
5209,2025-10-11 20:44:42.988298,Education,Reliance,1920.11,Debit Card
5210,2025-10-11 22:03:12.259225,Food,Amazon,2969.72,Credit Card
5211,2025-10-11 23:21:41.530153,Transport,Flipkart,749.72,Debit Card
5212,2025-10-12 00:40:10.801080,Bills,Swiggy,378.96,Debit Card
5213,2025-10-12 01:58:40.072007,Transport,Reliance,2192.26,Credit Card
5214,2025-10-12 03:17:09.342934,Transport,Myntra,3464.92,UPI
5215,2025-10-12 04:35:38.613861,Travel,Swiggy,2860.42,Cash
5216,2025-10-12 05:54:07.884788,Healthcare,Zomato,2176.8,Credit Card
5217,2025-10-12 07:12:37.155715,Healthcare,Airtel,4099.66,UPI
5218,2025-10-12 08:31:06.426642,Food,Amazon,3982.42,UPI
5219,2025-10-12 09:49:35.697569,Education,Zomato,3673.11,Credit Card
5220,2025-10-12 11:08:04.968496,Travel,Local Store,431.31,Cash
5221,2025-10-12 12:26:34.239423,Transport,Amazon,3992.52,Credit Card
5222,2025-10-12 13:45:03.510351,Travel,Airtel,4601.14,Debit Card
5223,2025-10-12 15:03:32.781278,Food,Amazon,344.24,Debit Card
5224,2025-10-12 16:22:02.052205,Healthcare,Flipkart,2038.27,UPI
5225,2025-10-12 17:40:31.323132,Bills,Uber,4942.36,Debit Card
5226,2025-10-12 18:59:00.594059,Entertainment,Netflix,3016.23,Cash
5227,2025-10-12 20:17:29.864986,Food,Flipkart,2592.21,Credit Card
5228,2025-10-12 21:35:59.135913,Travel,Airtel,928.36,Cash
5229,2025-10-12 22:54:28.406840,Bills,Amazon,2849.16,UPI
5230,2025-10-13 00:12:57.677767,Entertainment,Flipkart,2223.26,Debit Card
5231,2025-10-13 01:31:26.948694,Shopping,Uber,680.84,Debit Card
5232,2025-10-13 02:49:56.219621,Food,Zomato,2348.45,Credit Card
5233,2025-10-13 04:08:25.490549,Food,Flipkart,863.78,Cash
5234,2025-10-13 05:26:54.761476,Shopping,Local Store,3666.78,Cash
5235,2025-10-13 06:45:24.032403,Shopping,Zomato,4869.56,Credit Card
5236,2025-10-13 08:03:53.303330,Food,Airtel,2374.41,Debit Card
5237,2025-10-13 09:22:22.574257,Shopping,Zomato,3180.22,UPI
5238,2025-10-13 10:40:51.845184,Transport,Amazon,2183.33,UPI
5239,2025-10-13 11:59:21.116111,Entertainment,Reliance,735.35,Credit Card
5240,2025-10-13 13:17:50.387038,Entertainment,Reliance,4854.25,Credit Card
5241,2025-10-13 14:36:19.657965,Entertainment,Myntra,691.41,Credit Card
5242,2025-10-13 15:54:48.928892,Transport,Local Store,602.55,Cash
5243,2025-10-13 17:13:18.199819,Education,Amazon,2322.91,Debit Card
5244,2025-10-13 18:31:47.470747,Shopping,Airtel,3311.49,Debit Card
5245,2025-10-13 19:50:16.741674,Bills,Swiggy,1806.87,Credit Card
5246,2025-10-13 21:08:46.012601,Shopping,Reliance,1002.96,UPI
5247,2025-10-13 22:27:15.283528,Food,Airtel,4103.87,Cash
5248,2025-10-13 23:45:44.554455,Healthcare,Zomato,1847.36,Credit Card
5249,2025-10-14 01:04:13.825382,Travel,Flipkart,1011.89,Cash
5250,2025-10-14 02:22:43.096309,Travel,Reliance,1857.17,Credit Card
5251,2025-10-14 03:41:12.367236,Entertainment,Amazon,1112.04,Cash
5252,2025-10-14 04:59:41.638163,Shopping,Reliance,2621.27,UPI
5253,2025-10-14 06:18:10.909090,Bills,Uber,3358.03,UPI
5254,2025-10-14 07:36:40.180018,Food,Uber,4007.81,UPI
5255,2025-10-14 08:55:09.450945,Transport,Uber,1176.43,UPI
5256,2025-10-14 10:13:38.721872,Education,Local Store,876.42,Debit Card
5257,2025-10-14 11:32:07.992799,Transport,Reliance,147.04,Debit Card
5258,2025-10-14 12:50:37.263726,Bills,Myntra,1179.03,Cash
5259,2025-10-14 14:09:06.534653,Food,Airtel,168.33,Credit Card
5260,2025-10-14 15:27:35.805580,Entertainment,Uber,1760.1,Debit Card
5261,2025-10-14 16:46:05.076507,Shopping,Zomato,771.18,Credit Card
5262,2025-10-14 18:04:34.347434,Food,Amazon,2920.48,Cash
5263,2025-10-14 19:23:03.618361,Travel,Local Store,1949.45,Credit Card
5264,2025-10-14 20:41:32.889288,Education,Netflix,513.25,UPI
5265,2025-10-14 22:00:02.160216,Transport,Uber,2029.34,UPI
5266,2025-10-14 23:18:31.431143,Education,Airtel,1086.27,Debit Card
5267,2025-10-15 00:37:00.702070,Education,Zomato,3416.88,Cash
5268,2025-10-15 01:55:29.972997,Bills,Amazon,1853.96,Debit Card
5269,2025-10-15 03:13:59.243924,Bills,Flipkart,777.8,Debit Card
5270,2025-10-15 04:32:28.514851,Shopping,Swiggy,1780.53,Debit Card
5271,2025-10-15 05:50:57.785778,Bills,Zomato,1160.67,Cash
5272,2025-10-15 07:09:27.056705,Bills,Myntra,3989.11,UPI
5273,2025-10-15 08:27:56.327632,Food,Zomato,4917.67,UPI
5274,2025-10-15 09:46:25.598559,Travel,Zomato,176.18,Debit Card
5275,2025-10-15 11:04:54.869486,Entertainment,Myntra,3465.6,Credit Card
5276,2025-10-15 12:23:24.140414,Shopping,Flipkart,1356.59,UPI
5277,2025-10-15 13:41:53.411341,Food,Local Store,378.72,UPI
5278,2025-10-15 15:00:22.682268,Entertainment,Reliance,121.04,Cash
5279,2025-10-15 16:18:51.953195,Education,Amazon,4411.0,UPI
5280,2025-10-15 17:37:21.224122,Food,Zomato,1800.35,UPI
5281,2025-10-15 18:55:50.495049,Healthcare,Zomato,4972.99,Debit Card
5282,2025-10-15 20:14:19.765976,Food,Myntra,2239.77,Debit Card
5283,2025-10-15 21:32:49.036903,Bills,Airtel,978.61,Cash
5284,2025-10-15 22:51:18.307830,Entertainment,Zomato,3896.86,Cash
5285,2025-10-16 00:09:47.578757,Shopping,Zomato,4636.14,Credit Card
5286,2025-10-16 01:28:16.849684,Shopping,Myntra,4087.32,UPI
5287,2025-10-16 02:46:46.120612,Entertainment,Airtel,3738.74,Debit Card
5288,2025-10-16 04:05:15.391539,Bills,Myntra,1706.76,Debit Card
5289,2025-10-16 05:23:44.662466,Transport,Local Store,369.23,UPI
5290,2025-10-16 06:42:13.933393,Food,Zomato,1046.43,Cash
5291,2025-10-16 08:00:43.204320,Bills,Uber,2261.71,Debit Card
5292,2025-10-16 09:19:12.475247,Healthcare,Amazon,4783.19,Cash
5293,2025-10-16 10:37:41.746174,Travel,Airtel,3628.13,Debit Card
5294,2025-10-16 11:56:11.017101,Education,Uber,4150.0,Debit Card
5295,2025-10-16 13:14:40.288028,Entertainment,Myntra,1422.6,Credit Card
5296,2025-10-16 14:33:09.558955,Travel,Zomato,3434.92,Debit Card
5297,2025-10-16 15:51:38.829882,Food,Myntra,4319.07,UPI
5298,2025-10-16 17:10:08.100810,Shopping,Reliance,2423.09,UPI
5299,2025-10-16 18:28:37.371737,Education,Reliance,2177.96,UPI
5300,2025-10-16 19:47:06.642664,Travel,Local Store,3611.05,Cash
5301,2025-10-16 21:05:35.913591,Transport,Zomato,2821.56,Debit Card
5302,2025-10-16 22:24:05.184518,Travel,Zomato,4966.2,Cash
5303,2025-10-16 23:42:34.455445,Healthcare,Uber,2154.26,Credit Card
5304,2025-10-17 01:01:03.726372,Shopping,Netflix,920.92,Debit Card
5305,2025-10-17 02:19:32.997299,Entertainment,Zomato,2386.08,UPI
5306,2025-10-17 03:38:02.268226,Food,Local Store,1214.26,Credit Card
5307,2025-10-17 04:56:31.539153,Entertainment,Airtel,2828.21,Credit Card
5308,2025-10-17 06:15:00.810081,Education,Airtel,672.7,Debit Card
5309,2025-10-17 07:33:30.081008,Food,Myntra,4752.38,UPI
5310,2025-10-17 08:51:59.351935,Bills,Uber,4306.12,Cash
5311,2025-10-17 10:10:28.622862,Transport,Flipkart,820.05,Debit Card
5312,2025-10-17 11:28:57.893789,Bills,Swiggy,903.34,UPI
5313,2025-10-17 12:47:27.164716,Bills,Myntra,2586.57,Credit Card
5314,2025-10-17 14:05:56.435643,Entertainment,Zomato,3875.76,Debit Card
5315,2025-10-17 15:24:25.706570,Education,Myntra,1134.44,Credit Card
5316,2025-10-17 16:42:54.977497,Transport,Flipkart,351.81,UPI
5317,2025-10-17 18:01:24.248424,Travel,Swiggy,2750.39,Cash
5318,2025-10-17 19:19:53.519351,Food,Flipkart,3473.41,Cash
5319,2025-10-17 20:38:22.790279,Food,Flipkart,1259.61,Credit Card
5320,2025-10-17 21:56:52.061206,Healthcare,Reliance,3711.85,Credit Card
5321,2025-10-17 23:15:21.332133,Shopping,Airtel,4755.69,Credit Card
5322,2025-10-18 00:33:50.603060,Healthcare,Netflix,728.52,Debit Card
5323,2025-10-18 01:52:19.873987,Travel,Zomato,2579.59,UPI
5324,2025-10-18 03:10:49.144914,Healthcare,Local Store,331.37,Credit Card
5325,2025-10-18 04:29:18.415841,Food,Uber,1072.97,Credit Card
5326,2025-10-18 05:47:47.686768,Entertainment,Myntra,494.61,Credit Card
5327,2025-10-18 07:06:16.957695,Bills,Zomato,2049.83,Cash
5328,2025-10-18 08:24:46.228622,Education,Reliance,4113.12,Credit Card
5329,2025-10-18 09:43:15.499549,Bills,Airtel,2906.8,UPI
5330,2025-10-18 11:01:44.770477,Bills,Myntra,1151.79,Cash
5331,2025-10-18 12:20:14.041404,Transport,Uber,248.55,UPI
5332,2025-10-18 13:38:43.312331,Food,Netflix,2789.32,Cash
5333,2025-10-18 14:57:12.583258,Travel,Zomato,707.34,Cash
5334,2025-10-18 16:15:41.854185,Travel,Local Store,1746.53,Debit Card
5335,2025-10-18 17:34:11.125112,Education,Airtel,2575.45,Cash
5336,2025-10-18 18:52:40.396039,Entertainment,Amazon,4523.48,Cash
5337,2025-10-18 20:11:09.666966,Transport,Zomato,455.03,UPI
5338,2025-10-18 21:29:38.937893,Shopping,Flipkart,3359.61,UPI
5339,2025-10-18 22:48:08.208820,Entertainment,Flipkart,119.7,Credit Card
5340,2025-10-19 00:06:37.479747,Healthcare,Local Store,3168.05,Debit Card
5341,2025-10-19 01:25:06.750675,Entertainment,Swiggy,2780.09,Cash
5342,2025-10-19 02:43:36.021602,Entertainment,Local Store,4068.74,Debit Card
5343,2025-10-19 04:02:05.292529,Bills,Airtel,2681.73,Credit Card
5344,2025-10-19 05:20:34.563456,Entertainment,Flipkart,1795.45,Debit Card
5345,2025-10-19 06:39:03.834383,Travel,Netflix,1251.62,Cash
5346,2025-10-19 07:57:33.105310,Healthcare,Netflix,471.99,UPI
5347,2025-10-19 09:16:02.376237,Healthcare,Flipkart,2696.33,Debit Card
5348,2025-10-19 10:34:31.647164,Food,Airtel,4447.19,Cash
5349,2025-10-19 11:53:00.918091,Entertainment,Reliance,2597.99,Credit Card
5350,2025-10-19 13:11:30.189018,Bills,Uber,3708.56,Cash
5351,2025-10-19 14:29:59.459945,Entertainment,Uber,1527.25,Debit Card
5352,2025-10-19 15:48:28.730873,Shopping,Airtel,2268.25,Cash
5353,2025-10-19 17:06:58.001800,Shopping,Amazon,1656.79,Cash
5354,2025-10-19 18:25:27.272727,Bills,Uber,590.87,Debit Card
5355,2025-10-19 19:43:56.543654,Food,Myntra,2114.09,Debit Card
5356,2025-10-19 21:02:25.814581,Food,Uber,3833.22,Credit Card
5357,2025-10-19 22:20:55.085508,Healthcare,Myntra,2005.13,Cash
5358,2025-10-19 23:39:24.356435,Healthcare,Flipkart,3268.39,UPI
5359,2025-10-20 00:57:53.627362,Transport,Reliance,3805.15,Debit Card
5360,2025-10-20 02:16:22.898289,Bills,Local Store,1647.54,Cash
5361,2025-10-20 03:34:52.169216,Entertainment,Reliance,3997.7,UPI
5362,2025-10-20 04:53:21.440144,Education,Uber,1727.68,UPI
5363,2025-10-20 06:11:50.711071,Bills,Uber,1317.73,Cash
5364,2025-10-20 07:30:19.981998,Transport,Airtel,1151.11,Cash
5365,2025-10-20 08:48:49.252925,Healthcare,Local Store,1039.53,Cash
5366,2025-10-20 10:07:18.523852,Bills,Uber,3698.76,UPI
5367,2025-10-20 11:25:47.794779,Bills,Swiggy,4443.17,Cash
5368,2025-10-20 12:44:17.065706,Healthcare,Swiggy,1191.71,Debit Card
5369,2025-10-20 14:02:46.336633,Travel,Amazon,471.94,UPI
5370,2025-10-20 15:21:15.607560,Transport,Flipkart,1603.15,Debit Card
5371,2025-10-20 16:39:44.878487,Healthcare,Myntra,3306.34,Debit Card
5372,2025-10-20 17:58:14.149414,Food,Reliance,1874.17,Cash
5373,2025-10-20 19:16:43.420342,Entertainment,Flipkart,2768.42,Debit Card
5374,2025-10-20 20:35:12.691269,Healthcare,Myntra,3734.31,Cash
5375,2025-10-20 21:53:41.962196,Transport,Myntra,2071.97,UPI
5376,2025-10-20 23:12:11.233123,Shopping,Zomato,4998.49,Debit Card
5377,2025-10-21 00:30:40.504050,Food,Uber,1524.85,Cash
5378,2025-10-21 01:49:09.774977,Shopping,Amazon,4892.33,Credit Card
5379,2025-10-21 03:07:39.045904,Education,Uber,1055.0,Cash
5380,2025-10-21 04:26:08.316831,Healthcare,Amazon,599.11,Credit Card
5381,2025-10-21 05:44:37.587758,Food,Flipkart,3766.61,Cash
5382,2025-10-21 07:03:06.858685,Entertainment,Airtel,3526.43,Credit Card
5383,2025-10-21 08:21:36.129612,Healthcare,Airtel,4065.29,Debit Card
5384,2025-10-21 09:40:05.400540,Entertainment,Flipkart,1750.77,Credit Card
5385,2025-10-21 10:58:34.671467,Travel,Local Store,4657.5,Debit Card
5386,2025-10-21 12:17:03.942394,Bills,Swiggy,641.43,Debit Card
5387,2025-10-21 13:35:33.213321,Shopping,Myntra,199.87,Cash
5388,2025-10-21 14:54:02.484248,Food,Amazon,1537.79,Debit Card
5389,2025-10-21 16:12:31.755175,Entertainment,Netflix,3996.76,UPI
5390,2025-10-21 17:31:01.026102,Transport,Uber,3381.26,Credit Card
5391,2025-10-21 18:49:30.297029,Entertainment,Flipkart,2209.23,Cash
5392,2025-10-21 20:07:59.567956,Transport,Myntra,1318.46,Debit Card
5393,2025-10-21 21:26:28.838883,Healthcare,Amazon,343.4,Credit Card
5394,2025-10-21 22:44:58.109810,Food,Reliance,1720.65,Credit Card
5395,2025-10-22 00:03:27.380738,Entertainment,Local Store,2327.1,UPI
5396,2025-10-22 01:21:56.651665,Education,Uber,3450.77,Credit Card
5397,2025-10-22 02:40:25.922592,Entertainment,Airtel,3247.56,Cash
5398,2025-10-22 03:58:55.193519,Travel,Flipkart,4739.36,Cash
5399,2025-10-22 05:17:24.464446,Education,Airtel,546.96,Debit Card
5400,2025-10-22 06:35:53.735373,Food,Amazon,1714.88,Debit Card
5401,2025-10-22 07:54:23.006300,Travel,Airtel,2433.81,Cash
5402,2025-10-22 09:12:52.277227,Entertainment,Uber,3369.94,Credit Card
5403,2025-10-22 10:31:21.548154,Transport,Swiggy,2502.49,Credit Card
5404,2025-10-22 11:49:50.819081,Entertainment,Myntra,4568.15,UPI
5405,2025-10-22 13:08:20.090009,Shopping,Swiggy,3062.93,Debit Card
5406,2025-10-22 14:26:49.360936,Healthcare,Flipkart,246.34,Credit Card
5407,2025-10-22 15:45:18.631863,Bills,Swiggy,612.6,Credit Card
5408,2025-10-22 17:03:47.902790,Transport,Zomato,3779.8,Debit Card
5409,2025-10-22 18:22:17.173717,Shopping,Myntra,3593.15,Cash
5410,2025-10-22 19:40:46.444644,Education,Amazon,809.81,Credit Card
5411,2025-10-22 20:59:15.715571,Healthcare,Myntra,341.6,UPI
5412,2025-10-22 22:17:44.986498,Food,Zomato,2914.65,Credit Card
5413,2025-10-22 23:36:14.257425,Transport,Netflix,3196.91,Credit Card
5414,2025-10-23 00:54:43.528352,Bills,Swiggy,719.73,UPI
5415,2025-10-23 02:13:12.799279,Healthcare,Myntra,2394.42,Cash
5416,2025-10-23 03:31:42.070207,Education,Airtel,1563.87,UPI
5417,2025-10-23 04:50:11.341134,Travel,Amazon,4659.96,UPI
5418,2025-10-23 06:08:40.612061,Travel,Reliance,1135.04,Debit Card
5419,2025-10-23 07:27:09.882988,Bills,Flipkart,3679.64,Credit Card
5420,2025-10-23 08:45:39.153915,Food,Flipkart,2614.76,Cash
5421,2025-10-23 10:04:08.424842,Food,Flipkart,107.03,Credit Card
5422,2025-10-23 11:22:37.695769,Education,Myntra,2609.14,Cash
5423,2025-10-23 12:41:06.966696,Transport,Swiggy,542.39,UPI
5424,2025-10-23 13:59:36.237623,Education,Myntra,3312.36,Debit Card
5425,2025-10-23 15:18:05.508550,Entertainment,Uber,2849.34,UPI
5426,2025-10-23 16:36:34.779477,Food,Airtel,101.61,Credit Card
5427,2025-10-23 17:55:04.050405,Healthcare,Reliance,1063.23,Debit Card
5428,2025-10-23 19:13:33.321332,Entertainment,Reliance,3892.31,Debit Card
5429,2025-10-23 20:32:02.592259,Travel,Airtel,1415.07,Credit Card
5430,2025-10-23 21:50:31.863186,Travel,Zomato,2521.45,Cash
5431,2025-10-23 23:09:01.134113,Shopping,Local Store,1594.39,Debit Card
5432,2025-10-24 00:27:30.405040,Bills,Uber,4611.56,Cash
5433,2025-10-24 01:45:59.675967,Entertainment,Amazon,2706.06,Cash
5434,2025-10-24 03:04:28.946894,Bills,Reliance,3496.06,Cash
5435,2025-10-24 04:22:58.217821,Education,Flipkart,463.21,Debit Card
5436,2025-10-24 05:41:27.488748,Entertainment,Myntra,249.66,UPI
5437,2025-10-24 06:59:56.759675,Education,Zomato,1333.18,Debit Card
5438,2025-10-24 08:18:26.030603,Shopping,Local Store,1580.21,UPI
5439,2025-10-24 09:36:55.301530,Food,Airtel,3454.02,Debit Card
5440,2025-10-24 10:55:24.572457,Travel,Netflix,2867.2,UPI
5441,2025-10-24 12:13:53.843384,Shopping,Amazon,1904.17,UPI
5442,2025-10-24 13:32:23.114311,Travel,Local Store,3287.88,Debit Card
5443,2025-10-24 14:50:52.385238,Food,Flipkart,859.65,Cash
5444,2025-10-24 16:09:21.656165,Education,Local Store,364.27,Cash
5445,2025-10-24 17:27:50.927092,Food,Reliance,4279.8,UPI
5446,2025-10-24 18:46:20.198019,Travel,Myntra,2841.53,Credit Card
5447,2025-10-24 20:04:49.468946,Travel,Airtel,3263.02,Credit Card
5448,2025-10-24 21:23:18.739873,Bills,Local Store,1570.85,Debit Card
5449,2025-10-24 22:41:48.010801,Healthcare,Amazon,1891.18,Debit Card
5450,2025-10-25 00:00:17.281728,Shopping,Local Store,457.72,Debit Card
5451,2025-10-25 01:18:46.552655,Entertainment,Netflix,4292.09,Credit Card
5452,2025-10-25 02:37:15.823582,Travel,Zomato,2982.58,Cash
5453,2025-10-25 03:55:45.094509,Shopping,Reliance,463.96,Debit Card
5454,2025-10-25 05:14:14.365436,Bills,Myntra,4032.42,Debit Card
5455,2025-10-25 06:32:43.636363,Food,Flipkart,2248.37,Cash
5456,2025-10-25 07:51:12.907290,Bills,Airtel,3837.25,UPI
5457,2025-10-25 09:09:42.178217,Transport,Airtel,112.47,Debit Card
5458,2025-10-25 10:28:11.449144,Transport,Zomato,192.26,Credit Card
5459,2025-10-25 11:46:40.720072,Entertainment,Swiggy,895.38,Credit Card
5460,2025-10-25 13:05:09.990999,Bills,Swiggy,1094.04,Debit Card
5461,2025-10-25 14:23:39.261926,Education,Flipkart,3831.58,Credit Card
5462,2025-10-25 15:42:08.532853,Entertainment,Local Store,3548.14,Cash
5463,2025-10-25 17:00:37.803780,Education,Netflix,3099.64,UPI
5464,2025-10-25 18:19:07.074707,Entertainment,Airtel,4430.05,UPI
5465,2025-10-25 19:37:36.345634,Transport,Local Store,1273.39,Debit Card
5466,2025-10-25 20:56:05.616561,Entertainment,Airtel,4526.8,Debit Card
5467,2025-10-25 22:14:34.887488,Transport,Airtel,4551.88,UPI
5468,2025-10-25 23:33:04.158415,Travel,Local Store,2199.59,UPI
5469,2025-10-26 00:51:33.429342,Food,Zomato,517.21,Debit Card
5470,2025-10-26 02:10:02.700270,Education,Swiggy,3646.47,Credit Card
5471,2025-10-26 03:28:31.971197,Bills,Uber,1717.8,Debit Card
5472,2025-10-26 04:47:01.242124,Travel,Amazon,3984.9,Cash
5473,2025-10-26 06:05:30.513051,Travel,Zomato,860.27,Debit Card
5474,2025-10-26 07:23:59.783978,Entertainment,Reliance,2720.6,Debit Card
5475,2025-10-26 08:42:29.054905,Transport,Netflix,2564.96,Debit Card
5476,2025-10-26 10:00:58.325832,Shopping,Netflix,546.56,Debit Card
5477,2025-10-26 11:19:27.596759,Education,Amazon,1848.5,Debit Card
5478,2025-10-26 12:37:56.867686,Travel,Netflix,469.54,Debit Card
5479,2025-10-26 13:56:26.138613,Entertainment,Local Store,2350.46,Credit Card
5480,2025-10-26 15:14:55.409540,Healthcare,Netflix,4222.38,Debit Card
5481,2025-10-26 16:33:24.680468,Food,Uber,1387.51,UPI
5482,2025-10-26 17:51:53.951395,Food,Netflix,3836.07,Debit Card
5483,2025-10-26 19:10:23.222322,Shopping,Airtel,957.97,Credit Card
5484,2025-10-26 20:28:52.493249,Transport,Zomato,3384.99,Cash
5485,2025-10-26 21:47:21.764176,Entertainment,Local Store,4581.91,UPI
5486,2025-10-26 23:05:51.035103,Education,Swiggy,1653.44,Debit Card
5487,2025-10-27 00:24:20.306030,Transport,Netflix,4507.04,Debit Card
5488,2025-10-27 01:42:49.576957,Food,Flipkart,2551.83,UPI
5489,2025-10-27 03:01:18.847884,Transport,Flipkart,1618.19,Debit Card
5490,2025-10-27 04:19:48.118811,Food,Flipkart,4487.72,Credit Card
5491,2025-10-27 05:38:17.389738,Transport,Netflix,208.58,Debit Card
5492,2025-10-27 06:56:46.660666,Shopping,Reliance,188.69,Cash
5493,2025-10-27 08:15:15.931593,Bills,Airtel,3019.16,Credit Card
5494,2025-10-27 09:33:45.202520,Shopping,Myntra,3993.92,Debit Card
5495,2025-10-27 10:52:14.473447,Shopping,Netflix,3770.15,Cash
5496,2025-10-27 12:10:43.744374,Bills,Reliance,443.37,UPI
5497,2025-10-27 13:29:13.015301,Bills,Myntra,4753.74,Credit Card
5498,2025-10-27 14:47:42.286228,Travel,Amazon,3530.16,Debit Card
5499,2025-10-27 16:06:11.557155,Travel,Uber,4748.1,Debit Card
5500,2025-10-27 17:24:40.828082,Entertainment,Airtel,1679.03,UPI
5501,2025-10-27 18:43:10.099009,Education,Netflix,3485.0,UPI
5502,2025-10-27 20:01:39.369936,Education,Zomato,4306.7,Credit Card
5503,2025-10-27 21:20:08.640864,Entertainment,Local Store,1933.3,Credit Card
5504,2025-10-27 22:38:37.911791,Shopping,Zomato,4826.06,Credit Card
5505,2025-10-27 23:57:07.182718,Shopping,Zomato,1361.71,Debit Card
5506,2025-10-28 01:15:36.453645,Food,Amazon,1612.29,Debit Card
5507,2025-10-28 02:34:05.724572,Food,Local Store,4605.63,Credit Card
5508,2025-10-28 03:52:34.995499,Education,Amazon,4849.82,Debit Card
5509,2025-10-28 05:11:04.266426,Entertainment,Myntra,1461.72,UPI
5510,2025-10-28 06:29:33.537353,Healthcare,Amazon,725.13,Cash
5511,2025-10-28 07:48:02.808280,Travel,Flipkart,3807.32,Debit Card
5512,2025-10-28 09:06:32.079207,Healthcare,Uber,4651.84,Credit Card
5513,2025-10-28 10:25:01.350135,Entertainment,Flipkart,3023.53,Debit Card
5514,2025-10-28 11:43:30.621062,Food,Netflix,3190.87,UPI
5515,2025-10-28 13:01:59.891989,Education,Myntra,3826.57,Credit Card
5516,2025-10-28 14:20:29.162916,Education,Reliance,807.77,Cash
5517,2025-10-28 15:38:58.433843,Food,Myntra,4868.67,Credit Card
5518,2025-10-28 16:57:27.704770,Healthcare,Reliance,1853.43,Credit Card
5519,2025-10-28 18:15:56.975697,Transport,Uber,3159.79,Credit Card
5520,2025-10-28 19:34:26.246624,Transport,Amazon,2369.65,Debit Card
5521,2025-10-28 20:52:55.517551,Food,Amazon,2367.5,Cash
5522,2025-10-28 22:11:24.788478,Transport,Local Store,3528.58,UPI
5523,2025-10-28 23:29:54.059405,Bills,Netflix,4973.58,Debit Card
5524,2025-10-29 00:48:23.330333,Entertainment,Zomato,3312.35,Cash
5525,2025-10-29 02:06:52.601260,Entertainment,Swiggy,3980.59,Cash
5526,2025-10-29 03:25:21.872187,Food,Myntra,186.7,Debit Card
5527,2025-10-29 04:43:51.143114,Shopping,Myntra,4061.62,Credit Card
5528,2025-10-29 06:02:20.414041,Travel,Netflix,1534.88,Cash
5529,2025-10-29 07:20:49.684968,Healthcare,Flipkart,677.17,UPI
5530,2025-10-29 08:39:18.955895,Food,Airtel,611.0,Debit Card
5531,2025-10-29 09:57:48.226822,Transport,Netflix,3415.38,Cash
5532,2025-10-29 11:16:17.497749,Healthcare,Swiggy,4988.2,UPI
5533,2025-10-29 12:34:46.768676,Shopping,Amazon,3347.67,UPI
5534,2025-10-29 13:53:16.039603,Transport,Reliance,1348.62,UPI
5535,2025-10-29 15:11:45.310531,Education,Flipkart,1056.36,UPI
5536,2025-10-29 16:30:14.581458,Travel,Flipkart,2653.49,Debit Card
5537,2025-10-29 17:48:43.852385,Bills,Local Store,371.94,UPI
5538,2025-10-29 19:07:13.123312,Transport,Uber,2026.69,Debit Card
5539,2025-10-29 20:25:42.394239,Bills,Swiggy,3347.86,UPI
5540,2025-10-29 21:44:11.665166,Healthcare,Flipkart,4839.93,UPI
5541,2025-10-29 23:02:40.936093,Bills,Swiggy,2156.98,Debit Card
5542,2025-10-30 00:21:10.207020,Healthcare,Netflix,1041.11,Credit Card
5543,2025-10-30 01:39:39.477947,Healthcare,Reliance,4095.94,Cash
5544,2025-10-30 02:58:08.748874,Healthcare,Reliance,3733.79,Cash
5545,2025-10-30 04:16:38.019801,Healthcare,Myntra,4305.53,Debit Card
5546,2025-10-30 05:35:07.290729,Healthcare,Amazon,1112.86,UPI
5547,2025-10-30 06:53:36.561656,Transport,Myntra,2053.92,Debit Card
5548,2025-10-30 08:12:05.832583,Healthcare,Flipkart,4908.69,UPI
5549,2025-10-30 09:30:35.103510,Transport,Uber,832.31,Debit Card
5550,2025-10-30 10:49:04.374437,Healthcare,Myntra,3373.68,Cash
5551,2025-10-30 12:07:33.645364,Bills,Myntra,1224.06,Debit Card
5552,2025-10-30 13:26:02.916291,Education,Myntra,2525.79,Cash
5553,2025-10-30 14:44:32.187218,Healthcare,Swiggy,4012.52,Cash
5554,2025-10-30 16:03:01.458145,Shopping,Netflix,2468.5,Cash
5555,2025-10-30 17:21:30.729072,Healthcare,Uber,4037.13,Debit Card
5556,2025-10-30 18:40:00.000000,Healthcare,Reliance,2160.36,Credit Card
5557,2025-10-30 19:58:29.270927,Bills,Local Store,4996.8,Debit Card
5558,2025-10-30 21:16:58.541854,Travel,Swiggy,2207.35,Debit Card
5559,2025-10-30 22:35:27.812781,Entertainment,Flipkart,789.43,Credit Card
5560,2025-10-30 23:53:57.083708,Bills,Uber,2039.25,Credit Card
5561,2025-10-31 01:12:26.354635,Shopping,Reliance,3725.84,Cash
5562,2025-10-31 02:30:55.625562,Entertainment,Uber,4247.29,UPI
5563,2025-10-31 03:49:24.896489,Food,Airtel,2327.51,UPI
5564,2025-10-31 05:07:54.167416,Food,Airtel,2992.66,Cash
5565,2025-10-31 06:26:23.438343,Travel,Myntra,4232.21,Debit Card
5566,2025-10-31 07:44:52.709270,Shopping,Myntra,4077.05,UPI
5567,2025-10-31 09:03:21.980198,Bills,Airtel,3305.73,Debit Card
5568,2025-10-31 10:21:51.251125,Transport,Local Store,4084.38,Credit Card
5569,2025-10-31 11:40:20.522052,Shopping,Reliance,2900.76,Credit Card
5570,2025-10-31 12:58:49.792979,Education,Flipkart,73.01,Cash
5571,2025-10-31 14:17:19.063906,Entertainment,Amazon,254.27,Debit Card
5572,2025-10-31 15:35:48.334833,Entertainment,Amazon,4900.05,Cash
5573,2025-10-31 16:54:17.605760,Healthcare,Swiggy,767.71,UPI
5574,2025-10-31 18:12:46.876687,Food,Local Store,2052.36,UPI
5575,2025-10-31 19:31:16.147614,Travel,Local Store,4672.37,UPI
5576,2025-10-31 20:49:45.418541,Entertainment,Flipkart,1015.45,Debit Card
5577,2025-10-31 22:08:14.689468,Shopping,Uber,4226.77,Cash
5578,2025-10-31 23:26:43.960396,Entertainment,Amazon,4100.42,Cash
5579,2025-11-01 00:45:13.231323,Travel,Uber,4932.33,UPI
5580,2025-11-01 02:03:42.502250,Travel,Uber,1444.33,Cash
5581,2025-11-01 03:22:11.773177,Travel,Local Store,1610.86,Credit Card
5582,2025-11-01 04:40:41.044104,Shopping,Uber,4519.25,Credit Card
5583,2025-11-01 05:59:10.315031,Transport,Amazon,1208.69,Credit Card
5584,2025-11-01 07:17:39.585958,Healthcare,Reliance,2762.11,Credit Card
5585,2025-11-01 08:36:08.856885,Food,Zomato,3551.36,Cash
5586,2025-11-01 09:54:38.127812,Entertainment,Uber,1395.83,Credit Card
5587,2025-11-01 11:13:07.398739,Shopping,Flipkart,4695.14,Credit Card
5588,2025-11-01 12:31:36.669666,Bills,Netflix,3345.2,Credit Card
5589,2025-11-01 13:50:05.940594,Food,Myntra,283.34,Credit Card
5590,2025-11-01 15:08:35.211521,Transport,Flipkart,721.9,Credit Card
5591,2025-11-01 16:27:04.482448,Shopping,Airtel,994.37,Debit Card
5592,2025-11-01 17:45:33.753375,Education,Amazon,1262.54,Debit Card
5593,2025-11-01 19:04:03.024302,Education,Netflix,3666.85,Credit Card
5594,2025-11-01 20:22:32.295229,Healthcare,Myntra,490.23,Credit Card
5595,2025-11-01 21:41:01.566156,Healthcare,Flipkart,1785.44,Cash
5596,2025-11-01 22:59:30.837083,Transport,Netflix,4561.35,Credit Card
5597,2025-11-02 00:18:00.108010,Transport,Zomato,2805.51,UPI
5598,2025-11-02 01:36:29.378937,Healthcare,Amazon,1364.21,Debit Card
5599,2025-11-02 02:54:58.649864,Entertainment,Reliance,4787.43,Credit Card
5600,2025-11-02 04:13:27.920792,Entertainment,Swiggy,1259.36,Debit Card
5601,2025-11-02 05:31:57.191719,Shopping,Local Store,4530.24,Credit Card
5602,2025-11-02 06:50:26.462646,Bills,Zomato,3642.56,UPI
5603,2025-11-02 08:08:55.733573,Shopping,Airtel,3715.58,Credit Card
5604,2025-11-02 09:27:25.004500,Bills,Local Store,3836.45,Debit Card
5605,2025-11-02 10:45:54.275427,Transport,Reliance,2557.52,Debit Card
5606,2025-11-02 12:04:23.546354,Food,Zomato,4082.16,Debit Card
5607,2025-11-02 13:22:52.817281,Shopping,Myntra,4189.16,Cash
5608,2025-11-02 14:41:22.088208,Shopping,Netflix,1834.41,Debit Card
5609,2025-11-02 15:59:51.359135,Bills,Amazon,2031.71,Credit Card
5610,2025-11-02 17:18:20.630063,Travel,Netflix,4449.35,UPI
5611,2025-11-02 18:36:49.900990,Transport,Uber,2647.41,UPI
5612,2025-11-02 19:55:19.171917,Transport,Flipkart,4341.37,Credit Card
5613,2025-11-02 21:13:48.442844,Education,Airtel,3152.51,Cash
5614,2025-11-02 22:32:17.713771,Travel,Uber,2988.16,Credit Card
5615,2025-11-02 23:50:46.984698,Bills,Uber,203.36,Debit Card
5616,2025-11-03 01:09:16.255625,Transport,Airtel,1425.58,Cash
5617,2025-11-03 02:27:45.526552,Travel,Flipkart,2535.19,Credit Card
5618,2025-11-03 03:46:14.797479,Healthcare,Myntra,2957.22,Cash
5619,2025-11-03 05:04:44.068406,Travel,Flipkart,3170.65,UPI
5620,2025-11-03 06:23:13.339333,Entertainment,Amazon,3595.3,Credit Card
5621,2025-11-03 07:41:42.610261,Education,Netflix,3298.36,Credit Card
5622,2025-11-03 09:00:11.881188,Healthcare,Myntra,4250.45,UPI
5623,2025-11-03 10:18:41.152115,Food,Swiggy,1512.58,Cash
5624,2025-11-03 11:37:10.423042,Shopping,Netflix,3225.77,UPI
5625,2025-11-03 12:55:39.693969,Education,Myntra,303.24,Cash
5626,2025-11-03 14:14:08.964896,Food,Flipkart,2426.94,Credit Card
5627,2025-11-03 15:32:38.235823,Shopping,Airtel,1376.76,Cash
5628,2025-11-03 16:51:07.506750,Entertainment,Flipkart,1935.39,Cash
5629,2025-11-03 18:09:36.777677,Travel,Swiggy,1805.58,Debit Card
5630,2025-11-03 19:28:06.048604,Transport,Myntra,349.13,Debit Card
5631,2025-11-03 20:46:35.319531,Healthcare,Amazon,2359.9,Debit Card
5632,2025-11-03 22:05:04.590459,Bills,Flipkart,4973.41,UPI
5633,2025-11-03 23:23:33.861386,Healthcare,Myntra,1529.73,UPI
5634,2025-11-04 00:42:03.132313,Entertainment,Netflix,3693.92,Debit Card
5635,2025-11-04 02:00:32.403240,Food,Swiggy,2761.55,Credit Card
5636,2025-11-04 03:19:01.674167,Bills,Amazon,1659.87,Credit Card
5637,2025-11-04 04:37:30.945094,Transport,Myntra,493.55,Credit Card
5638,2025-11-04 05:56:00.216021,Entertainment,Zomato,1118.5,UPI
5639,2025-11-04 07:14:29.486948,Bills,Flipkart,3920.18,Cash
5640,2025-11-04 08:32:58.757875,Entertainment,Swiggy,1431.15,UPI
5641,2025-11-04 09:51:28.028802,Travel,Amazon,764.3,Debit Card
5642,2025-11-04 11:09:57.299729,Entertainment,Amazon,1689.93,Cash
5643,2025-11-04 12:28:26.570657,Transport,Uber,2941.01,Credit Card
5644,2025-11-04 13:46:55.841584,Education,Local Store,3532.14,UPI
5645,2025-11-04 15:05:25.112511,Shopping,Swiggy,1967.46,UPI
5646,2025-11-04 16:23:54.383438,Bills,Amazon,2515.83,Debit Card
5647,2025-11-04 17:42:23.654365,Travel,Myntra,2301.84,Credit Card
5648,2025-11-04 19:00:52.925292,Transport,Uber,94.57,UPI
5649,2025-11-04 20:19:22.196219,Entertainment,Local Store,2008.22,UPI
5650,2025-11-04 21:37:51.467146,Travel,Netflix,2957.23,Cash
5651,2025-11-04 22:56:20.738073,Transport,Myntra,2871.23,UPI
5652,2025-11-05 00:14:50.009000,Education,Flipkart,3761.35,Cash
5653,2025-11-05 01:33:19.279927,Travel,Local Store,3368.36,UPI
5654,2025-11-05 02:51:48.550855,Travel,Swiggy,1420.19,Credit Card
5655,2025-11-05 04:10:17.821782,Shopping,Flipkart,1315.44,Debit Card
5656,2025-11-05 05:28:47.092709,Healthcare,Reliance,2347.5,Credit Card
5657,2025-11-05 06:47:16.363636,Bills,Reliance,3678.2,Debit Card
5658,2025-11-05 08:05:45.634563,Shopping,Swiggy,514.45,UPI
5659,2025-11-05 09:24:14.905490,Food,Netflix,4744.22,Credit Card
5660,2025-11-05 10:42:44.176417,Bills,Local Store,2738.61,Cash
5661,2025-11-05 12:01:13.447344,Shopping,Uber,1566.72,Debit Card
5662,2025-11-05 13:19:42.718271,Entertainment,Zomato,3482.29,Debit Card
5663,2025-11-05 14:38:11.989198,Bills,Amazon,271.39,UPI
5664,2025-11-05 15:56:41.260126,Bills,Zomato,2447.76,Debit Card
5665,2025-11-05 17:15:10.531053,Transport,Reliance,2455.55,Debit Card
5666,2025-11-05 18:33:39.801980,Entertainment,Reliance,851.78,Debit Card
5667,2025-11-05 19:52:09.072907,Food,Netflix,4195.07,UPI
5668,2025-11-05 21:10:38.343834,Healthcare,Zomato,3994.22,Credit Card
5669,2025-11-05 22:29:07.614761,Travel,Zomato,806.03,UPI
5670,2025-11-05 23:47:36.885688,Education,Uber,1850.95,Cash
5671,2025-11-06 01:06:06.156615,Shopping,Netflix,547.13,Debit Card
5672,2025-11-06 02:24:35.427542,Transport,Netflix,4250.61,Debit Card
5673,2025-11-06 03:43:04.698469,Shopping,Swiggy,1650.43,Credit Card
5674,2025-11-06 05:01:33.969396,Food,Flipkart,2224.62,Debit Card
5675,2025-11-06 06:20:03.240324,Travel,Netflix,1653.17,Credit Card
5676,2025-11-06 07:38:32.511251,Food,Netflix,1584.63,Debit Card
5677,2025-11-06 08:57:01.782178,Bills,Myntra,3749.15,Debit Card
5678,2025-11-06 10:15:31.053105,Education,Local Store,3750.45,UPI
5679,2025-11-06 11:34:00.324032,Food,Local Store,2613.05,UPI
5680,2025-11-06 12:52:29.594959,Shopping,Airtel,3305.2,Cash
5681,2025-11-06 14:10:58.865886,Entertainment,Zomato,2582.73,Credit Card
5682,2025-11-06 15:29:28.136813,Entertainment,Amazon,191.52,Cash
5683,2025-11-06 16:47:57.407740,Bills,Zomato,376.73,UPI
5684,2025-11-06 18:06:26.678667,Healthcare,Swiggy,1949.52,Credit Card
5685,2025-11-06 19:24:55.949594,Shopping,Swiggy,3761.24,UPI
5686,2025-11-06 20:43:25.220522,Shopping,Swiggy,4570.47,Credit Card
5687,2025-11-06 22:01:54.491449,Food,Flipkart,197.06,Debit Card
5688,2025-11-06 23:20:23.762376,Education,Amazon,1871.75,Cash
5689,2025-11-07 00:38:53.033303,Shopping,Local Store,1157.72,Cash
5690,2025-11-07 01:57:22.304230,Transport,Uber,4085.27,Credit Card
5691,2025-11-07 03:15:51.575157,Healthcare,Local Store,4237.54,Cash
5692,2025-11-07 04:34:20.846084,Food,Flipkart,1071.72,UPI
5693,2025-11-07 05:52:50.117011,Transport,Swiggy,3568.59,Cash
5694,2025-11-07 07:11:19.387938,Bills,Flipkart,3672.19,Credit Card
5695,2025-11-07 08:29:48.658865,Entertainment,Local Store,926.44,Cash
5696,2025-11-07 09:48:17.929792,Bills,Uber,2196.79,Cash
5697,2025-11-07 11:06:47.200720,Entertainment,Airtel,3120.67,UPI
5698,2025-11-07 12:25:16.471647,Bills,Amazon,179.03,Debit Card
5699,2025-11-07 13:43:45.742574,Shopping,Flipkart,2052.73,UPI
5700,2025-11-07 15:02:15.013501,Transport,Local Store,817.04,Cash
5701,2025-11-07 16:20:44.284428,Entertainment,Amazon,2732.39,Cash
5702,2025-11-07 17:39:13.555355,Food,Local Store,4222.44,Debit Card
5703,2025-11-07 18:57:42.826282,Transport,Local Store,2647.53,Debit Card
5704,2025-11-07 20:16:12.097209,Food,Uber,228.12,UPI
5705,2025-11-07 21:34:41.368136,Transport,Airtel,196.8,Debit Card
5706,2025-11-07 22:53:10.639063,Transport,Amazon,3047.24,UPI
5707,2025-11-08 00:11:39.909991,Bills,Swiggy,1673.51,Credit Card
5708,2025-11-08 01:30:09.180918,Entertainment,Amazon,2884.7,Cash
5709,2025-11-08 02:48:38.451845,Entertainment,Netflix,860.0,Debit Card
5710,2025-11-08 04:07:07.722772,Education,Swiggy,3895.47,Credit Card
5711,2025-11-08 05:25:36.993699,Transport,Amazon,4310.56,Credit Card
5712,2025-11-08 06:44:06.264626,Shopping,Myntra,4451.67,UPI
5713,2025-11-08 08:02:35.535553,Shopping,Myntra,1555.17,UPI
5714,2025-11-08 09:21:04.806480,Food,Local Store,3320.64,Debit Card
5715,2025-11-08 10:39:34.077407,Food,Swiggy,1431.26,UPI
5716,2025-11-08 11:58:03.348334,Bills,Amazon,3825.65,Credit Card
5717,2025-11-08 13:16:32.619261,Transport,Local Store,646.6,Credit Card
5718,2025-11-08 14:35:01.890189,Food,Zomato,3825.69,Cash
5719,2025-11-08 15:53:31.161116,Food,Local Store,2226.66,Credit Card
5720,2025-11-08 17:12:00.432043,Healthcare,Flipkart,4284.97,Debit Card
5721,2025-11-08 18:30:29.702970,Transport,Myntra,3707.71,Cash
5722,2025-11-08 19:48:58.973897,Travel,Zomato,1913.77,UPI
5723,2025-11-08 21:07:28.244824,Bills,Reliance,4522.52,Cash
5724,2025-11-08 22:25:57.515751,Food,Flipkart,1452.52,Credit Card
5725,2025-11-08 23:44:26.786678,Bills,Swiggy,4836.59,Debit Card
5726,2025-11-09 01:02:56.057605,Entertainment,Local Store,3847.66,UPI
5727,2025-11-09 02:21:25.328532,Bills,Myntra,4953.84,UPI
5728,2025-11-09 03:39:54.599459,Travel,Airtel,316.83,Credit Card
5729,2025-11-09 04:58:23.870387,Shopping,Myntra,1406.48,Debit Card
5730,2025-11-09 06:16:53.141314,Travel,Uber,3719.26,Credit Card
5731,2025-11-09 07:35:22.412241,Shopping,Myntra,4615.14,Credit Card
5732,2025-11-09 08:53:51.683168,Bills,Airtel,192.42,Debit Card
5733,2025-11-09 10:12:20.954095,Shopping,Airtel,50.05,Credit Card
5734,2025-11-09 11:30:50.225022,Entertainment,Local Store,1318.4,Debit Card
5735,2025-11-09 12:49:19.495949,Transport,Swiggy,4271.25,Debit Card
5736,2025-11-09 14:07:48.766876,Shopping,Airtel,3847.41,Credit Card
5737,2025-11-09 15:26:18.037803,Shopping,Myntra,1734.37,Credit Card
5738,2025-11-09 16:44:47.308730,Bills,Swiggy,59.96,Cash
5739,2025-11-09 18:03:16.579657,Entertainment,Amazon,2795.79,UPI
5740,2025-11-09 19:21:45.850585,Education,Myntra,1227.88,UPI
5741,2025-11-09 20:40:15.121512,Education,Netflix,3740.76,Debit Card
5742,2025-11-09 21:58:44.392439,Education,Local Store,2259.43,Cash
5743,2025-11-09 23:17:13.663366,Education,Flipkart,3409.08,Debit Card
5744,2025-11-10 00:35:42.934293,Transport,Local Store,4268.93,Cash
5745,2025-11-10 01:54:12.205220,Travel,Airtel,2702.01,Debit Card
5746,2025-11-10 03:12:41.476147,Bills,Reliance,1712.98,UPI
5747,2025-11-10 04:31:10.747074,Bills,Uber,3859.24,Cash
5748,2025-11-10 05:49:40.018001,Healthcare,Netflix,1362.68,Credit Card
5749,2025-11-10 07:08:09.288928,Entertainment,Airtel,4463.02,Credit Card
5750,2025-11-10 08:26:38.559855,Education,Myntra,403.57,UPI
5751,2025-11-10 09:45:07.830783,Transport,Swiggy,4185.57,Cash
5752,2025-11-10 11:03:37.101710,Entertainment,Netflix,503.2,Credit Card
5753,2025-11-10 12:22:06.372637,Education,Reliance,327.88,Credit Card
5754,2025-11-10 13:40:35.643564,Transport,Flipkart,1848.12,Credit Card
5755,2025-11-10 14:59:04.914491,Entertainment,Swiggy,4784.92,UPI
5756,2025-11-10 16:17:34.185418,Bills,Uber,4918.26,Debit Card
5757,2025-11-10 17:36:03.456345,Bills,Zomato,1050.25,Credit Card
5758,2025-11-10 18:54:32.727272,Travel,Uber,785.76,Credit Card
5759,2025-11-10 20:13:01.998199,Food,Local Store,1797.12,Debit Card
5760,2025-11-10 21:31:31.269126,Travel,Netflix,1718.58,Credit Card
5761,2025-11-10 22:50:00.540054,Shopping,Local Store,3809.98,Cash
5762,2025-11-11 00:08:29.810981,Travel,Airtel,2247.8,Credit Card
5763,2025-11-11 01:26:59.081908,Education,Amazon,3910.42,Debit Card
5764,2025-11-11 02:45:28.352835,Healthcare,Airtel,3756.13,UPI
5765,2025-11-11 04:03:57.623762,Entertainment,Flipkart,2912.64,UPI
5766,2025-11-11 05:22:26.894689,Healthcare,Netflix,4175.88,Cash
5767,2025-11-11 06:40:56.165616,Food,Amazon,1018.46,Credit Card
5768,2025-11-11 07:59:25.436543,Shopping,Swiggy,850.96,Credit Card
5769,2025-11-11 09:17:54.707470,Entertainment,Amazon,3765.72,Debit Card
5770,2025-11-11 10:36:23.978397,Transport,Flipkart,1261.75,Debit Card
5771,2025-11-11 11:54:53.249324,Education,Myntra,63.83,Cash
5772,2025-11-11 13:13:22.520252,Shopping,Local Store,4564.2,Cash
5773,2025-11-11 14:31:51.791179,Bills,Reliance,28285.78,Credit Card
5774,2025-11-11 15:50:21.062106,Food,Airtel,2252.44,Credit Card
5775,2025-11-11 17:08:50.333033,Shopping,Netflix,3642.4,Cash
5776,2025-11-11 18:27:19.603960,Education,Flipkart,1699.99,UPI
5777,2025-11-11 19:45:48.874887,Travel,Zomato,4770.65,UPI
5778,2025-11-11 21:04:18.145814,Shopping,Reliance,389.67,UPI
5779,2025-11-11 22:22:47.416741,Travel,Flipkart,3222.69,UPI
5780,2025-11-11 23:41:16.687668,Education,Zomato,3897.58,Cash
5781,2025-11-12 00:59:45.958595,Bills,Zomato,2372.17,Debit Card
5782,2025-11-12 02:18:15.229522,Entertainment,Zomato,3787.09,UPI
5783,2025-11-12 03:36:44.500450,Transport,Myntra,4638.21,Cash
5784,2025-11-12 04:55:13.771377,Bills,Amazon,3732.77,UPI
5785,2025-11-12 06:13:43.042304,Travel,Uber,1581.37,Credit Card
5786,2025-11-12 07:32:12.313231,Travel,Airtel,2831.14,UPI
5787,2025-11-12 08:50:41.584158,Transport,Zomato,4562.44,Cash
5788,2025-11-12 10:09:10.855085,Entertainment,Flipkart,2273.03,Credit Card
5789,2025-11-12 11:27:40.126012,Shopping,Swiggy,44868.81,Credit Card
5790,2025-11-12 12:46:09.396939,Transport,Swiggy,2354.3,UPI
5791,2025-11-12 14:04:38.667866,Food,Netflix,650.65,UPI
5792,2025-11-12 15:23:07.938793,Food,Local Store,340.06,Credit Card
5793,2025-11-12 16:41:37.209720,Education,Zomato,4763.76,Debit Card
5794,2025-11-12 18:00:06.480648,Bills,Flipkart,3082.08,Cash
5795,2025-11-12 19:18:35.751575,Travel,Zomato,563.88,Cash
5796,2025-11-12 20:37:05.022502,Entertainment,Myntra,4294.32,Cash
5797,2025-11-12 21:55:34.293429,Education,Local Store,2637.33,Cash
5798,2025-11-12 23:14:03.564356,Bills,Zomato,3871.06,Cash
5799,2025-11-13 00:32:32.835283,Bills,Airtel,677.44,Credit Card
5800,2025-11-13 01:51:02.106210,Education,Swiggy,4539.21,Cash
5801,2025-11-13 03:09:31.377137,Healthcare,Zomato,2973.15,Debit Card
5802,2025-11-13 04:28:00.648064,Bills,Airtel,3704.39,Debit Card
5803,2025-11-13 05:46:29.918991,Healthcare,Airtel,205.33,UPI
5804,2025-11-13 07:04:59.189918,Food,Amazon,1610.76,UPI
5805,2025-11-13 08:23:28.460846,Food,Airtel,1373.85,UPI
5806,2025-11-13 09:41:57.731773,Bills,Local Store,4750.5,UPI
5807,2025-11-13 11:00:27.002700,Food,Swiggy,967.43,Credit Card
5808,2025-11-13 12:18:56.273627,Entertainment,Netflix,3549.91,Debit Card
5809,2025-11-13 13:37:25.544554,Healthcare,Myntra,261.63,Credit Card
5810,2025-11-13 14:55:54.815481,Healthcare,Swiggy,1028.54,Debit Card
5811,2025-11-13 16:14:24.086408,Bills,Flipkart,1726.06,Credit Card
5812,2025-11-13 17:32:53.357335,Food,Netflix,3982.8,Debit Card
5813,2025-11-13 18:51:22.628262,Transport,Airtel,3960.38,UPI
5814,2025-11-13 20:09:51.899189,Travel,Zomato,4765.38,Debit Card
5815,2025-11-13 21:28:21.170117,Education,Amazon,4588.0,UPI
5816,2025-11-13 22:46:50.441044,Education,Netflix,453.5,Debit Card
5817,2025-11-14 00:05:19.711971,Healthcare,Flipkart,4157.85,Credit Card
5818,2025-11-14 01:23:48.982898,Bills,Flipkart,2283.31,Cash
5819,2025-11-14 02:42:18.253825,Bills,Netflix,4336.14,Debit Card
5820,2025-11-14 04:00:47.524752,Entertainment,Amazon,491.97,Credit Card
5821,2025-11-14 05:19:16.795679,Shopping,Airtel,4122.71,Cash
5822,2025-11-14 06:37:46.066606,Travel,Local Store,840.23,Credit Card
5823,2025-11-14 07:56:15.337533,Shopping,Flipkart,1702.52,Cash
5824,2025-11-14 09:14:44.608460,Healthcare,Airtel,192.8,UPI
5825,2025-11-14 10:33:13.879387,Education,Local Store,662.45,Debit Card
5826,2025-11-14 11:51:43.150315,Entertainment,Local Store,2256.34,Credit Card
5827,2025-11-14 13:10:12.421242,Entertainment,Flipkart,4100.77,Debit Card
5828,2025-11-14 14:28:41.692169,Entertainment,Netflix,3879.67,UPI
5829,2025-11-14 15:47:10.963096,Healthcare,Local Store,1214.72,UPI
5830,2025-11-14 17:05:40.234023,Shopping,Zomato,800.87,Debit Card
5831,2025-11-14 18:24:09.504950,Education,Swiggy,1976.85,Credit Card
5832,2025-11-14 19:42:38.775877,Entertainment,Myntra,4422.18,Credit Card
5833,2025-11-14 21:01:08.046804,Education,Flipkart,502.55,Credit Card
5834,2025-11-14 22:19:37.317731,Food,Reliance,2737.42,Debit Card
5835,2025-11-14 23:38:06.588658,Bills,Local Store,489.6,Credit Card
5836,2025-11-15 00:56:35.859585,Bills,Uber,2377.55,Credit Card
5837,2025-11-15 02:15:05.130513,Education,Zomato,677.62,Cash
5838,2025-11-15 03:33:34.401440,Transport,Reliance,447.67,Credit Card
5839,2025-11-15 04:52:03.672367,Transport,Airtel,994.7,UPI
5840,2025-11-15 06:10:32.943294,Healthcare,Myntra,1313.52,Credit Card
5841,2025-11-15 07:29:02.214221,Healthcare,Amazon,1417.51,Debit Card
5842,2025-11-15 08:47:31.485148,Bills,Local Store,3244.08,Debit Card
5843,2025-11-15 10:06:00.756075,Food,Amazon,322.16,Credit Card
5844,2025-11-15 11:24:30.027002,Travel,Myntra,450.0,Debit Card
5845,2025-11-15 12:42:59.297929,Shopping,Zomato,984.1,Debit Card
5846,2025-11-15 14:01:28.568856,Shopping,Zomato,4366.71,Credit Card
5847,2025-11-15 15:19:57.839783,Healthcare,Myntra,3161.59,Cash
5848,2025-11-15 16:38:27.110711,Food,Zomato,3665.33,Cash
5849,2025-11-15 17:56:56.381638,Healthcare,Local Store,1883.29,Cash
5850,2025-11-15 19:15:25.652565,Travel,Myntra,1105.44,Cash
5851,2025-11-15 20:33:54.923492,Shopping,Flipkart,237.91,UPI
5852,2025-11-15 21:52:24.194419,Education,Uber,2468.25,Credit Card
5853,2025-11-15 23:10:53.465346,Healthcare,Airtel,2892.69,Debit Card
5854,2025-11-16 00:29:22.736273,Entertainment,Swiggy,4490.16,Debit Card
5855,2025-11-16 01:47:52.007200,Education,Netflix,4416.36,Credit Card
5856,2025-11-16 03:06:21.278127,Travel,Uber,2152.19,Debit Card
5857,2025-11-16 04:24:50.549054,Travel,Swiggy,2146.71,UPI
5858,2025-11-16 05:43:19.819982,Healthcare,Netflix,847.56,Cash
5859,2025-11-16 07:01:49.090909,Bills,Amazon,1324.37,Credit Card
5860,2025-11-16 08:20:18.361836,Healthcare,Uber,4632.03,Debit Card
5861,2025-11-16 09:38:47.632763,Bills,Reliance,748.13,UPI
5862,2025-11-16 10:57:16.903690,Travel,Uber,4845.06,Debit Card
5863,2025-11-16 12:15:46.174617,Food,Zomato,2548.46,UPI
5864,2025-11-16 13:34:15.445544,Travel,Local Store,2310.2,Debit Card
5865,2025-11-16 14:52:44.716471,Shopping,Local Store,914.46,Cash
5866,2025-11-16 16:11:13.987398,Education,Swiggy,3324.63,Credit Card
5867,2025-11-16 17:29:43.258325,Education,Zomato,2326.24,Cash
5868,2025-11-16 18:48:12.529252,Transport,Amazon,1884.78,Cash
5869,2025-11-16 20:06:41.800180,Transport,Local Store,1359.36,Debit Card
5870,2025-11-16 21:25:11.071107,Travel,Airtel,379.11,Cash
5871,2025-11-16 22:43:40.342034,Shopping,Amazon,2620.67,Credit Card
5872,2025-11-17 00:02:09.612961,Transport,Zomato,1598.9,UPI
5873,2025-11-17 01:20:38.883888,Education,Zomato,3553.93,UPI
5874,2025-11-17 02:39:08.154815,Healthcare,Swiggy,3631.44,Debit Card
5875,2025-11-17 03:57:37.425742,Food,Flipkart,1693.93,Credit Card
5876,2025-11-17 05:16:06.696669,Food,Local Store,3362.15,Credit Card
5877,2025-11-17 06:34:35.967596,Shopping,Zomato,1330.44,UPI
5878,2025-11-17 07:53:05.238523,Travel,Zomato,3649.51,UPI
5879,2025-11-17 09:11:34.509450,Transport,Airtel,129.58,Cash
5880,2025-11-17 10:30:03.780378,Healthcare,Uber,800.46,Debit Card
5881,2025-11-17 11:48:33.051305,Food,Uber,1262.79,UPI
5882,2025-11-17 13:07:02.322232,Food,Zomato,3876.03,UPI
5883,2025-11-17 14:25:31.593159,Entertainment,Amazon,378.56,Credit Card
5884,2025-11-17 15:44:00.864086,Travel,Airtel,980.88,Credit Card
5885,2025-11-17 17:02:30.135013,Entertainment,Amazon,1825.19,Credit Card
5886,2025-11-17 18:20:59.405940,Education,Netflix,95.42,UPI
5887,2025-11-17 19:39:28.676867,Food,Flipkart,3822.5,Debit Card
5888,2025-11-17 20:57:57.947794,Shopping,Uber,2822.52,Cash
5889,2025-11-17 22:16:27.218721,Bills,Uber,4508.36,Debit Card
5890,2025-11-17 23:34:56.489648,Bills,Airtel,203.6,UPI
5891,2025-11-18 00:53:25.760576,Healthcare,Myntra,1393.38,Cash
5892,2025-11-18 02:11:55.031503,Food,Amazon,3669.7,Debit Card
5893,2025-11-18 03:30:24.302430,Food,Local Store,3391.99,UPI
5894,2025-11-18 04:48:53.573357,Education,Airtel,1253.13,Debit Card
5895,2025-11-18 06:07:22.844284,Food,Swiggy,2998.65,UPI
5896,2025-11-18 07:25:52.115211,Shopping,Myntra,3979.1,Credit Card
5897,2025-11-18 08:44:21.386138,Entertainment,Reliance,215.23,Debit Card
5898,2025-11-18 10:02:50.657065,Food,Amazon,3602.26,Credit Card
5899,2025-11-18 11:21:19.927992,Food,Myntra,1297.88,Credit Card
5900,2025-11-18 12:39:49.198919,Education,Airtel,4741.86,Cash
5901,2025-11-18 13:58:18.469846,Travel,Local Store,2714.19,Cash
5902,2025-11-18 15:16:47.740774,Transport,Swiggy,215.26,Debit Card
5903,2025-11-18 16:35:17.011701,Travel,Flipkart,2046.98,UPI
5904,2025-11-18 17:53:46.282628,Education,Myntra,4833.24,Cash
5905,2025-11-18 19:12:15.553555,Travel,Flipkart,3665.35,Cash
5906,2025-11-18 20:30:44.824482,Education,Zomato,1537.37,Credit Card
5907,2025-11-18 21:49:14.095409,Shopping,Uber,2897.57,Credit Card
5908,2025-11-18 23:07:43.366336,Healthcare,Netflix,3015.55,UPI
5909,2025-11-19 00:26:12.637263,Food,Uber,165.57,Cash
5910,2025-11-19 01:44:41.908190,Education,Reliance,935.23,Cash
5911,2025-11-19 03:03:11.179117,Education,Local Store,2781.3,UPI
5912,2025-11-19 04:21:40.450045,Transport,Swiggy,2043.63,Cash
5913,2025-11-19 05:40:09.720972,Education,Flipkart,990.69,Debit Card
5914,2025-11-19 06:58:38.991899,Bills,Airtel,3874.71,Debit Card
5915,2025-11-19 08:17:08.262826,Healthcare,Flipkart,2470.52,UPI
5916,2025-11-19 09:35:37.533753,Food,Local Store,1584.37,Credit Card
5917,2025-11-19 10:54:06.804680,Food,Airtel,850.3,UPI
5918,2025-11-19 12:12:36.075607,Transport,Airtel,3075.26,Debit Card
5919,2025-11-19 13:31:05.346534,Shopping,Reliance,3347.99,Cash
5920,2025-11-19 14:49:34.617461,Food,Local Store,3364.51,Cash
5921,2025-11-19 16:08:03.888388,Bills,Myntra,1140.42,Credit Card
5922,2025-11-19 17:26:33.159315,Food,Uber,2996.93,Credit Card
5923,2025-11-19 18:45:02.430243,Bills,Zomato,4531.76,Debit Card
5924,2025-11-19 20:03:31.701170,Healthcare,Flipkart,1798.28,Credit Card
5925,2025-11-19 21:22:00.972097,Healthcare,Myntra,1093.3,UPI
5926,2025-11-19 22:40:30.243024,Entertainment,Zomato,3872.14,Debit Card
5927,2025-11-19 23:58:59.513951,Entertainment,Swiggy,925.57,Cash
5928,2025-11-20 01:17:28.784878,Bills,Netflix,1306.06,Cash
5929,2025-11-20 02:35:58.055805,Shopping,Flipkart,548.19,Cash
5930,2025-11-20 03:54:27.326732,Food,Reliance,1375.98,Credit Card
5931,2025-11-20 05:12:56.597659,Education,Zomato,2081.16,Debit Card
5932,2025-11-20 06:31:25.868586,Food,Airtel,367.58,Credit Card
5933,2025-11-20 07:49:55.139513,Entertainment,Myntra,4364.96,UPI
5934,2025-11-20 09:08:24.410441,Travel,Uber,2592.69,Debit Card
5935,2025-11-20 10:26:53.681368,Education,Reliance,2961.11,Credit Card
5936,2025-11-20 11:45:22.952295,Bills,Flipkart,1887.86,Cash
5937,2025-11-20 13:03:52.223222,Education,Local Store,3365.68,Cash
5938,2025-11-20 14:22:21.494149,Travel,Myntra,2187.32,UPI
5939,2025-11-20 15:40:50.765076,Food,Reliance,3818.5,UPI
5940,2025-11-20 16:59:20.036003,Food,Netflix,4115.94,UPI
5941,2025-11-20 18:17:49.306930,Shopping,Flipkart,3375.65,Cash
5942,2025-11-20 19:36:18.577857,Transport,Swiggy,2482.11,Credit Card
5943,2025-11-20 20:54:47.848784,Education,Uber,3922.23,Cash
5944,2025-11-20 22:13:17.119711,Entertainment,Swiggy,2496.71,Cash
5945,2025-11-20 23:31:46.390639,Travel,Zomato,601.97,Cash
5946,2025-11-21 00:50:15.661566,Travel,Local Store,625.88,Credit Card
5947,2025-11-21 02:08:44.932493,Travel,Zomato,4745.49,Cash
5948,2025-11-21 03:27:14.203420,Entertainment,Uber,1107.14,UPI
5949,2025-11-21 04:45:43.474347,Transport,Myntra,4088.83,UPI
5950,2025-11-21 06:04:12.745274,Food,Zomato,1271.19,UPI
5951,2025-11-21 07:22:42.016201,Shopping,Local Store,2182.36,UPI
5952,2025-11-21 08:41:11.287128,Shopping,Amazon,3291.99,Cash
5953,2025-11-21 09:59:40.558055,Entertainment,Amazon,836.39,Cash
5954,2025-11-21 11:18:09.828982,Shopping,Reliance,3699.37,Cash
5955,2025-11-21 12:36:39.099909,Travel,Reliance,3465.07,UPI
5956,2025-11-21 13:55:08.370837,Healthcare,Flipkart,2738.26,Credit Card
5957,2025-11-21 15:13:37.641764,Transport,Reliance,2851.15,Debit Card
5958,2025-11-21 16:32:06.912691,Food,Netflix,573.57,Debit Card
5959,2025-11-21 17:50:36.183618,Healthcare,Reliance,2207.95,Debit Card
5960,2025-11-21 19:09:05.454545,Transport,Netflix,478.53,Credit Card
5961,2025-11-21 20:27:34.725472,Bills,Reliance,1573.92,Cash
5962,2025-11-21 21:46:03.996399,Education,Swiggy,4506.55,Debit Card
5963,2025-11-21 23:04:33.267326,Entertainment,Airtel,2893.94,Debit Card
5964,2025-11-22 00:23:02.538253,Travel,Netflix,3726.38,Cash
5965,2025-11-22 01:41:31.809180,Shopping,Myntra,2890.74,Debit Card
5966,2025-11-22 03:00:01.080108,Bills,Flipkart,1011.47,Cash
5967,2025-11-22 04:18:30.351035,Shopping,Uber,2994.3,Debit Card
5968,2025-11-22 05:36:59.621962,Healthcare,Netflix,3789.17,Cash
5969,2025-11-22 06:55:28.892889,Food,Zomato,735.1,UPI
5970,2025-11-22 08:13:58.163816,Food,Airtel,4093.69,Credit Card
5971,2025-11-22 09:32:27.434743,Food,Swiggy,2799.19,Debit Card
5972,2025-11-22 10:50:56.705670,Travel,Amazon,71.16,Cash
5973,2025-11-22 12:09:25.976597,Shopping,Swiggy,2622.9,UPI
5974,2025-11-22 13:27:55.247524,Bills,Reliance,2008.57,Cash
5975,2025-11-22 14:46:24.518451,Food,Flipkart,1517.41,Debit Card
5976,2025-11-22 16:04:53.789378,Bills,Airtel,3867.72,Debit Card
5977,2025-11-22 17:23:23.060306,Shopping,Zomato,4502.52,Debit Card
5978,2025-11-22 18:41:52.331233,Travel,Netflix,3825.13,Debit Card
5979,2025-11-22 20:00:21.602160,Healthcare,Swiggy,4241.52,Debit Card
5980,2025-11-22 21:18:50.873087,Travel,Airtel,4548.47,UPI
5981,2025-11-22 22:37:20.144014,Bills,Netflix,4567.52,Cash
5982,2025-11-22 23:55:49.414941,Travel,Flipkart,617.46,Cash
5983,2025-11-23 01:14:18.685868,Travel,Uber,2309.11,Debit Card
5984,2025-11-23 02:32:47.956795,Healthcare,Amazon,51.42,Cash
5985,2025-11-23 03:51:17.227722,Shopping,Flipkart,2556.99,UPI
5986,2025-11-23 05:09:46.498649,Shopping,Reliance,4625.01,Debit Card
5987,2025-11-23 06:28:15.769576,Entertainment,Local Store,1035.56,Credit Card
5988,2025-11-23 07:46:45.040504,Travel,Uber,3216.94,UPI
5989,2025-11-23 09:05:14.311431,Shopping,Reliance,3239.68,Debit Card
5990,2025-11-23 10:23:43.582358,Shopping,Swiggy,843.75,Cash
5991,2025-11-23 11:42:12.853285,Transport,Uber,1230.71,UPI
5992,2025-11-23 13:00:42.124212,Food,Reliance,2337.01,Debit Card
5993,2025-11-23 14:19:11.395139,Entertainment,Uber,981.64,Cash
5994,2025-11-23 15:37:40.666066,Education,Flipkart,2945.72,Cash
5995,2025-11-23 16:56:09.936993,Entertainment,Airtel,2448.48,Debit Card
5996,2025-11-23 18:14:39.207920,Entertainment,Amazon,2620.03,UPI
5997,2025-11-23 19:33:08.478847,Education,Amazon,715.61,Debit Card
5998,2025-11-23 20:51:37.749774,Transport,Reliance,2610.4,Debit Card
5999,2025-11-23 22:10:07.020702,Travel,Reliance,294.92,Debit Card
6000,2025-11-23 23:28:36.291629,Healthcare,Uber,4413.6,Debit Card
6001,2025-11-24 00:47:05.562556,Shopping,Swiggy,1749.09,Debit Card
6002,2025-11-24 02:05:34.833483,Food,Reliance,4288.87,Cash
6003,2025-11-24 03:24:04.104410,Bills,Uber,3523.2,Debit Card
6004,2025-11-24 04:42:33.375337,Travel,Myntra,3842.55,UPI
6005,2025-11-24 06:01:02.646264,Education,Amazon,1607.0,Credit Card
6006,2025-11-24 07:19:31.917191,Healthcare,Reliance,1177.33,Debit Card
6007,2025-11-24 08:38:01.188118,Travel,Flipkart,2063.37,UPI
6008,2025-11-24 09:56:30.459045,Education,Zomato,169.92,Credit Card
6009,2025-11-24 11:14:59.729973,Shopping,Uber,4597.84,UPI
6010,2025-11-24 12:33:29.000900,Transport,Amazon,1965.72,Cash
6011,2025-11-24 13:51:58.271827,Travel,Reliance,4943.36,Cash
6012,2025-11-24 15:10:27.542754,Education,Airtel,3819.17,Credit Card
6013,2025-11-24 16:28:56.813681,Shopping,Uber,448.55,Credit Card
6014,2025-11-24 17:47:26.084608,Shopping,Swiggy,3317.93,Credit Card
6015,2025-11-24 19:05:55.355535,Transport,Reliance,1390.65,Cash
6016,2025-11-24 20:24:24.626462,Entertainment,Uber,1256.41,Cash
6017,2025-11-24 21:42:53.897389,Travel,Reliance,1319.99,UPI
6018,2025-11-24 23:01:23.168316,Travel,Local Store,24150.58,Cash
6019,2025-11-25 00:19:52.439243,Entertainment,Zomato,2524.9,Credit Card
6020,2025-11-25 01:38:21.710171,Food,Netflix,3363.88,Debit Card
6021,2025-11-25 02:56:50.981098,Food,Netflix,1440.69,Debit Card
6022,2025-11-25 04:15:20.252025,Entertainment,Local Store,2638.62,Credit Card
6023,2025-11-25 05:33:49.522952,Healthcare,Uber,1783.0,Cash
6024,2025-11-25 06:52:18.793879,Bills,Swiggy,1639.64,Credit Card
6025,2025-11-25 08:10:48.064806,Shopping,Reliance,1272.5,Cash
6026,2025-11-25 09:29:17.335733,Bills,Uber,2074.58,Debit Card
6027,2025-11-25 10:47:46.606660,Shopping,Airtel,3317.15,UPI
6028,2025-11-25 12:06:15.877587,Entertainment,Swiggy,1149.12,Cash
6029,2025-11-25 13:24:45.148514,Food,Airtel,4828.95,UPI
6030,2025-11-25 14:43:14.419441,Healthcare,Local Store,666.83,Debit Card
6031,2025-11-25 16:01:43.690369,Food,Flipkart,2427.03,UPI
6032,2025-11-25 17:20:12.961296,Bills,Netflix,470.89,UPI
6033,2025-11-25 18:38:42.232223,Food,Netflix,162.19,Credit Card
6034,2025-11-25 19:57:11.503150,Entertainment,Reliance,4617.25,UPI
6035,2025-11-25 21:15:40.774077,Healthcare,Zomato,4061.4,Debit Card
6036,2025-11-25 22:34:10.045004,Bills,Local Store,3486.07,Cash
6037,2025-11-25 23:52:39.315931,Healthcare,Uber,4332.69,UPI
6038,2025-11-26 01:11:08.586858,Travel,Local Store,4024.1,Cash
6039,2025-11-26 02:29:37.857785,Shopping,Uber,3253.83,Credit Card
6040,2025-11-26 03:48:07.128712,Food,Local Store,4244.34,Debit Card
6041,2025-11-26 05:06:36.399639,Healthcare,Flipkart,1984.46,Debit Card
6042,2025-11-26 06:25:05.670567,Transport,Myntra,2786.12,Cash
6043,2025-11-26 07:43:34.941494,Travel,Zomato,3892.74,Debit Card
6044,2025-11-26 09:02:04.212421,Food,Uber,469.75,Credit Card
6045,2025-11-26 10:20:33.483348,Shopping,Zomato,4300.3,Cash
6046,2025-11-26 11:39:02.754275,Healthcare,Swiggy,826.31,Debit Card
6047,2025-11-26 12:57:32.025202,Bills,Local Store,4329.48,Credit Card
6048,2025-11-26 14:16:01.296129,Shopping,Reliance,1591.1,Credit Card
6049,2025-11-26 15:34:30.567056,Transport,Amazon,1667.58,UPI
6050,2025-11-26 16:52:59.837983,Healthcare,Swiggy,416.05,Debit Card
6051,2025-11-26 18:11:29.108910,Education,Airtel,4435.2,Cash
6052,2025-11-26 19:29:58.379837,Education,Netflix,913.83,UPI
6053,2025-11-26 20:48:27.650765,Entertainment,Amazon,3168.75,Cash
6054,2025-11-26 22:06:56.921692,Food,Flipkart,3237.64,UPI
6055,2025-11-26 23:25:26.192619,Bills,Local Store,1441.7,Credit Card
6056,2025-11-27 00:43:55.463546,Entertainment,Myntra,4929.02,UPI
6057,2025-11-27 02:02:24.734473,Healthcare,Flipkart,367.62,UPI
6058,2025-11-27 03:20:54.005400,Education,Uber,3058.97,UPI
6059,2025-11-27 04:39:23.276327,Education,Amazon,2423.74,Debit Card
6060,2025-11-27 05:57:52.547254,Education,Netflix,1265.15,UPI
6061,2025-11-27 07:16:21.818181,Healthcare,Reliance,859.58,Credit Card
6062,2025-11-27 08:34:51.089108,Education,Myntra,3698.57,Cash
6063,2025-11-27 09:53:20.360036,Shopping,Zomato,4585.76,Debit Card
6064,2025-11-27 11:11:49.630963,Travel,Local Store,582.35,Credit Card
6065,2025-11-27 12:30:18.901890,Healthcare,Uber,1010.2,Debit Card
6066,2025-11-27 13:48:48.172817,Bills,Local Store,4932.04,Cash
6067,2025-11-27 15:07:17.443744,Travel,Flipkart,124.36,Cash
6068,2025-11-27 16:25:46.714671,Entertainment,Amazon,2565.85,Cash
6069,2025-11-27 17:44:15.985598,Bills,Flipkart,2604.76,Debit Card
6070,2025-11-27 19:02:45.256525,Travel,Amazon,1352.65,Debit Card
6071,2025-11-27 20:21:14.527452,Transport,Reliance,3331.99,Cash
6072,2025-11-27 21:39:43.798379,Education,Netflix,4727.46,Cash
6073,2025-11-27 22:58:13.069306,Transport,Zomato,2278.56,Credit Card
6074,2025-11-28 00:16:42.340234,Food,Reliance,3759.63,Cash
6075,2025-11-28 01:35:11.611161,Food,Swiggy,3248.05,UPI
6076,2025-11-28 02:53:40.882088,Travel,Netflix,2391.06,Debit Card
6077,2025-11-28 04:12:10.153015,Transport,Reliance,296.57,Credit Card
6078,2025-11-28 05:30:39.423942,Healthcare,Myntra,3721.66,Debit Card
6079,2025-11-28 06:49:08.694869,Bills,Local Store,1848.09,Cash
6080,2025-11-28 08:07:37.965796,Transport,Flipkart,1161.25,UPI
6081,2025-11-28 09:26:07.236723,Food,Netflix,4743.93,Cash
6082,2025-11-28 10:44:36.507650,Transport,Myntra,3878.84,Debit Card
6083,2025-11-28 12:03:05.778577,Healthcare,Flipkart,4813.23,Credit Card
6084,2025-11-28 13:21:35.049504,Transport,Swiggy,1318.27,Debit Card
6085,2025-11-28 14:40:04.320432,Bills,Airtel,4187.18,Credit Card
6086,2025-11-28 15:58:33.591359,Entertainment,Netflix,3058.22,UPI
6087,2025-11-28 17:17:02.862286,Healthcare,Myntra,4908.44,Cash
6088,2025-11-28 18:35:32.133213,Food,Flipkart,4734.27,Cash
6089,2025-11-28 19:54:01.404140,Bills,Flipkart,4866.19,UPI
6090,2025-11-28 21:12:30.675067,Transport,Reliance,4761.25,Debit Card
6091,2025-11-28 22:30:59.945994,Transport,Amazon,87.92,UPI
6092,2025-11-28 23:49:29.216921,Entertainment,Reliance,3718.37,Cash
6093,2025-11-29 01:07:58.487848,Food,Myntra,1396.08,Credit Card
6094,2025-11-29 02:26:27.758775,Food,Uber,3539.88,Cash
6095,2025-11-29 03:44:57.029702,Shopping,Local Store,4904.03,Debit Card
6096,2025-11-29 05:03:26.300630,Food,Netflix,244.83,Credit Card
6097,2025-11-29 06:21:55.571557,Entertainment,Reliance,2856.59,Debit Card
6098,2025-11-29 07:40:24.842484,Education,Flipkart,3688.02,Cash
6099,2025-11-29 08:58:54.113411,Shopping,Flipkart,1304.13,Cash
6100,2025-11-29 10:17:23.384338,Shopping,Airtel,1164.35,Credit Card
6101,2025-11-29 11:35:52.655265,Transport,Netflix,348.71,Debit Card
6102,2025-11-29 12:54:21.926192,Transport,Airtel,514.9,Credit Card
6103,2025-11-29 14:12:51.197119,Food,Local Store,3300.91,Credit Card
6104,2025-11-29 15:31:20.468046,Shopping,Swiggy,2550.79,Debit Card
6105,2025-11-29 16:49:49.738973,Travel,Reliance,198.86,Credit Card
6106,2025-11-29 18:08:19.009900,Transport,Zomato,4849.83,UPI
6107,2025-11-29 19:26:48.280828,Entertainment,Myntra,3297.43,Credit Card
6108,2025-11-29 20:45:17.551755,Travel,Myntra,2601.57,Cash
6109,2025-11-29 22:03:46.822682,Transport,Swiggy,1399.98,Debit Card
6110,2025-11-29 23:22:16.093609,Healthcare,Netflix,3307.59,Cash
6111,2025-11-30 00:40:45.364536,Healthcare,Reliance,1852.63,UPI
6112,2025-11-30 01:59:14.635463,Transport,Local Store,3527.35,UPI
6113,2025-11-30 03:17:43.906390,Shopping,Amazon,3428.73,Credit Card
6114,2025-11-30 04:36:13.177317,Education,Airtel,509.08,Cash
6115,2025-11-30 05:54:42.448244,Education,Swiggy,4550.84,Credit Card
6116,2025-11-30 07:13:11.719171,Shopping,Amazon,2460.52,Credit Card
6117,2025-11-30 08:31:40.990099,Bills,Airtel,1995.08,Cash
6118,2025-11-30 09:50:10.261026,Education,Swiggy,4779.54,UPI
6119,2025-11-30 11:08:39.531953,Healthcare,Myntra,2219.14,UPI
6120,2025-11-30 12:27:08.802880,Entertainment,Myntra,3620.04,UPI
6121,2025-11-30 13:45:38.073807,Shopping,Flipkart,3292.93,Debit Card
6122,2025-11-30 15:04:07.344734,Food,Airtel,867.44,Debit Card
6123,2025-11-30 16:22:36.615661,Healthcare,Zomato,4956.16,Credit Card
6124,2025-11-30 17:41:05.886588,Entertainment,Local Store,2344.84,Debit Card
6125,2025-11-30 18:59:35.157515,Entertainment,Uber,2004.17,Debit Card
6126,2025-11-30 20:18:04.428442,Shopping,Netflix,4602.09,Cash
6127,2025-11-30 21:36:33.699369,Entertainment,Netflix,2669.73,Credit Card
6128,2025-11-30 22:55:02.970297,Shopping,Airtel,3540.13,Credit Card
6129,2025-12-01 00:13:32.241224,Education,Swiggy,4238.92,Cash
6130,2025-12-01 01:32:01.512151,Transport,Swiggy,1215.7,UPI
6131,2025-12-01 02:50:30.783078,Healthcare,Uber,888.86,Cash
6132,2025-12-01 04:09:00.054005,Bills,Local Store,389.11,UPI
6133,2025-12-01 05:27:29.324932,Transport,Reliance,4490.81,Credit Card
6134,2025-12-01 06:45:58.595859,Healthcare,Local Store,1041.82,Credit Card
6135,2025-12-01 08:04:27.866786,Shopping,Reliance,1573.38,Debit Card
6136,2025-12-01 09:22:57.137713,Healthcare,Uber,1464.74,Debit Card
6137,2025-12-01 10:41:26.408640,Education,Reliance,1557.71,Cash
6138,2025-12-01 11:59:55.679567,Shopping,Zomato,3356.9,Debit Card
6139,2025-12-01 13:18:24.950495,Transport,Flipkart,4772.86,Credit Card
6140,2025-12-01 14:36:54.221422,Food,Local Store,1680.79,Credit Card
6141,2025-12-01 15:55:23.492349,Food,Reliance,2067.85,UPI
6142,2025-12-01 17:13:52.763276,Travel,Myntra,3867.18,Debit Card
6143,2025-12-01 18:32:22.034203,Travel,Zomato,2190.07,UPI
6144,2025-12-01 19:50:51.305130,Healthcare,Local Store,4633.91,Credit Card
6145,2025-12-01 21:09:20.576057,Food,Reliance,2540.93,Debit Card
6146,2025-12-01 22:27:49.846984,Shopping,Myntra,1771.29,UPI
6147,2025-12-01 23:46:19.117911,Entertainment,Uber,4859.28,Credit Card
6148,2025-12-02 01:04:48.388838,Shopping,Uber,2157.62,UPI
6149,2025-12-02 02:23:17.659765,Entertainment,Airtel,1194.32,Debit Card
6150,2025-12-02 03:41:46.930693,Transport,Netflix,929.62,UPI
6151,2025-12-02 05:00:16.201620,Bills,Amazon,4976.15,UPI
6152,2025-12-02 06:18:45.472547,Entertainment,Myntra,3777.29,Credit Card
6153,2025-12-02 07:37:14.743474,Food,Airtel,2072.87,Debit Card
6154,2025-12-02 08:55:44.014401,Shopping,Zomato,4140.5,Cash
6155,2025-12-02 10:14:13.285328,Transport,Reliance,2756.69,Cash
6156,2025-12-02 11:32:42.556255,Food,Local Store,1621.08,UPI
6157,2025-12-02 12:51:11.827182,Transport,Swiggy,3729.76,Credit Card
6158,2025-12-02 14:09:41.098109,Bills,Myntra,3742.18,Debit Card
6159,2025-12-02 15:28:10.369036,Education,Amazon,2525.84,Credit Card
6160,2025-12-02 16:46:39.639964,Shopping,Swiggy,273.53,Debit Card
6161,2025-12-02 18:05:08.910891,Healthcare,Flipkart,431.26,Credit Card
6162,2025-12-02 19:23:38.181818,Shopping,Amazon,3954.31,Cash
6163,2025-12-02 20:42:07.452745,Travel,Airtel,4126.21,Cash
6164,2025-12-02 22:00:36.723672,Bills,Amazon,3407.53,Cash
6165,2025-12-02 23:19:05.994599,Shopping,Reliance,4203.39,Credit Card
6166,2025-12-03 00:37:35.265526,Travel,Local Store,3611.46,Credit Card
6167,2025-12-03 01:56:04.536453,Healthcare,Zomato,4489.83,UPI
6168,2025-12-03 03:14:33.807380,Entertainment,Swiggy,794.47,Cash
6169,2025-12-03 04:33:03.078307,Transport,Amazon,1969.32,UPI
6170,2025-12-03 05:51:32.349234,Healthcare,Reliance,2347.35,Credit Card
6171,2025-12-03 07:10:01.620162,Food,Uber,1523.44,Debit Card
6172,2025-12-03 08:28:30.891089,Bills,Amazon,3640.56,Cash
6173,2025-12-03 09:47:00.162016,Entertainment,Amazon,4566.57,Cash
6174,2025-12-03 11:05:29.432943,Food,Netflix,2091.79,Cash
6175,2025-12-03 12:23:58.703870,Food,Swiggy,4710.63,Cash
6176,2025-12-03 13:42:27.974797,Bills,Netflix,2608.01,Cash
6177,2025-12-03 15:00:57.245724,Entertainment,Netflix,2636.45,Credit Card
6178,2025-12-03 16:19:26.516651,Education,Local Store,3021.09,Cash
6179,2025-12-03 17:37:55.787578,Food,Reliance,1378.24,Cash
6180,2025-12-03 18:56:25.058505,Food,Netflix,1947.63,UPI
6181,2025-12-03 20:14:54.329432,Entertainment,Amazon,2788.53,Debit Card
6182,2025-12-03 21:33:23.600360,Shopping,Airtel,4712.82,Cash
6183,2025-12-03 22:51:52.871287,Food,Airtel,3231.33,UPI
6184,2025-12-04 00:10:22.142214,Transport,Uber,1698.93,Credit Card
6185,2025-12-04 01:28:51.413141,Entertainment,Airtel,101.82,UPI
6186,2025-12-04 02:47:20.684068,Food,Uber,4909.24,Cash
6187,2025-12-04 04:05:49.954995,Bills,Airtel,2490.27,UPI
6188,2025-12-04 05:24:19.225922,Healthcare,Flipkart,4695.55,UPI
6189,2025-12-04 06:42:48.496849,Transport,Uber,2769.26,Credit Card
6190,2025-12-04 08:01:17.767776,Travel,Myntra,3047.05,UPI
6191,2025-12-04 09:19:47.038703,Travel,Swiggy,3573.97,Credit Card
6192,2025-12-04 10:38:16.309630,Healthcare,Swiggy,1638.83,Credit Card
6193,2025-12-04 11:56:45.580558,Travel,Swiggy,3509.97,UPI
6194,2025-12-04 13:15:14.851485,Healthcare,Reliance,2657.62,Cash
6195,2025-12-04 14:33:44.122412,Food,Local Store,3378.78,Debit Card
6196,2025-12-04 15:52:13.393339,Transport,Zomato,4187.37,UPI
6197,2025-12-04 17:10:42.664266,Transport,Local Store,961.93,UPI
6198,2025-12-04 18:29:11.935193,Shopping,Uber,3087.08,UPI
6199,2025-12-04 19:47:41.206120,Healthcare,Local Store,307.95,Debit Card
6200,2025-12-04 21:06:10.477047,Transport,Airtel,555.47,Debit Card
6201,2025-12-04 22:24:39.747974,Shopping,Uber,3389.24,Credit Card
6202,2025-12-04 23:43:09.018901,Entertainment,Local Store,401.14,Debit Card
6203,2025-12-05 01:01:38.289828,Shopping,Local Store,2997.02,Debit Card
6204,2025-12-05 02:20:07.560756,Bills,Netflix,1139.06,UPI
6205,2025-12-05 03:38:36.831683,Education,Flipkart,1555.22,Credit Card
6206,2025-12-05 04:57:06.102610,Food,Reliance,691.7,Cash
6207,2025-12-05 06:15:35.373537,Entertainment,Uber,1280.9,Credit Card
6208,2025-12-05 07:34:04.644464,Education,Zomato,4115.39,Debit Card
6209,2025-12-05 08:52:33.915391,Education,Swiggy,3212.45,Debit Card
6210,2025-12-05 10:11:03.186318,Entertainment,Amazon,4751.31,UPI
6211,2025-12-05 11:29:32.457245,Bills,Myntra,291.29,Cash
6212,2025-12-05 12:48:01.728172,Shopping,Local Store,3972.44,Cash
6213,2025-12-05 14:06:30.999099,Food,Swiggy,3510.43,Cash
6214,2025-12-05 15:25:00.270027,Shopping,Airtel,1341.42,Debit Card
6215,2025-12-05 16:43:29.540954,Transport,Myntra,3659.38,Debit Card
6216,2025-12-05 18:01:58.811881,Shopping,Flipkart,3596.92,Credit Card
6217,2025-12-05 19:20:28.082808,Travel,Swiggy,2323.76,Debit Card
6218,2025-12-05 20:38:57.353735,Entertainment,Netflix,3458.77,Cash
6219,2025-12-05 21:57:26.624662,Food,Swiggy,2250.68,Cash
6220,2025-12-05 23:15:55.895589,Shopping,Flipkart,1710.95,Cash
6221,2025-12-06 00:34:25.166516,Food,Swiggy,2359.13,UPI
6222,2025-12-06 01:52:54.437443,Food,Local Store,4480.89,Credit Card
6223,2025-12-06 03:11:23.708370,Transport,Swiggy,1953.69,Credit Card
6224,2025-12-06 04:29:52.979297,Transport,Netflix,2048.26,Debit Card
6225,2025-12-06 05:48:22.250225,Entertainment,Reliance,3061.6,UPI
6226,2025-12-06 07:06:51.521152,Bills,Flipkart,3777.35,Credit Card
6227,2025-12-06 08:25:20.792079,Travel,Netflix,3686.37,UPI
6228,2025-12-06 09:43:50.063006,Education,Uber,148.0,UPI
6229,2025-12-06 11:02:19.333933,Food,Swiggy,3452.71,Debit Card
6230,2025-12-06 12:20:48.604860,Bills,Zomato,2280.24,UPI
6231,2025-12-06 13:39:17.875787,Education,Swiggy,2644.25,Credit Card
6232,2025-12-06 14:57:47.146714,Education,Flipkart,2830.23,Debit Card
6233,2025-12-06 16:16:16.417641,Travel,Myntra,3672.01,Credit Card
6234,2025-12-06 17:34:45.688568,Entertainment,Netflix,4165.1,UPI
6235,2025-12-06 18:53:14.959495,Education,Zomato,3248.99,UPI
6236,2025-12-06 20:11:44.230423,Travel,Uber,2841.34,Cash
6237,2025-12-06 21:30:13.501350,Education,Airtel,1900.16,Debit Card
6238,2025-12-06 22:48:42.772277,Food,Uber,732.5,Debit Card
6239,2025-12-07 00:07:12.043204,Food,Netflix,4794.96,Cash
6240,2025-12-07 01:25:41.314131,Healthcare,Myntra,2336.12,Credit Card
6241,2025-12-07 02:44:10.585058,Bills,Netflix,2852.75,Credit Card
6242,2025-12-07 04:02:39.855985,Shopping,Amazon,3767.81,UPI
6243,2025-12-07 05:21:09.126912,Travel,Zomato,388.63,Debit Card
6244,2025-12-07 06:39:38.397839,Transport,Myntra,4282.3,UPI
6245,2025-12-07 07:58:07.668766,Travel,Zomato,3995.28,Cash
6246,2025-12-07 09:16:36.939693,Shopping,Netflix,3883.42,UPI
6247,2025-12-07 10:35:06.210621,Bills,Reliance,158.81,Credit Card
6248,2025-12-07 11:53:35.481548,Transport,Zomato,2656.27,Credit Card
6249,2025-12-07 13:12:04.752475,Shopping,Amazon,318.63,Cash
6250,2025-12-07 14:30:34.023402,Healthcare,Local Store,2776.82,Credit Card
6251,2025-12-07 15:49:03.294329,Transport,Myntra,3606.32,Cash
6252,2025-12-07 17:07:32.565256,Food,Amazon,653.16,Debit Card
6253,2025-12-07 18:26:01.836183,Shopping,Amazon,3489.67,Cash
6254,2025-12-07 19:44:31.107110,Travel,Airtel,2275.19,Cash
6255,2025-12-07 21:03:00.378037,Transport,Reliance,4067.19,Cash
6256,2025-12-07 22:21:29.648964,Healthcare,Swiggy,2691.27,Credit Card
6257,2025-12-07 23:39:58.919891,Travel,Reliance,1713.8,Debit Card
6258,2025-12-08 00:58:28.190819,Education,Flipkart,1693.36,UPI
6259,2025-12-08 02:16:57.461746,Transport,Airtel,4492.56,Debit Card
6260,2025-12-08 03:35:26.732673,Transport,Netflix,2291.71,Credit Card
6261,2025-12-08 04:53:56.003600,Healthcare,Netflix,2058.48,Debit Card
6262,2025-12-08 06:12:25.274527,Education,Uber,247.37,Debit Card
6263,2025-12-08 07:30:54.545454,Shopping,Swiggy,1853.41,Cash
6264,2025-12-08 08:49:23.816381,Entertainment,Flipkart,4255.65,Cash
6265,2025-12-08 10:07:53.087308,Shopping,Zomato,3816.89,Credit Card
6266,2025-12-08 11:26:22.358235,Education,Reliance,1143.52,Cash
6267,2025-12-08 12:44:51.629162,Bills,Myntra,2094.63,Credit Card
6268,2025-12-08 14:03:20.900090,Travel,Amazon,1023.07,UPI
6269,2025-12-08 15:21:50.171017,Healthcare,Zomato,4773.37,Debit Card
6270,2025-12-08 16:40:19.441944,Shopping,Uber,3010.68,UPI
6271,2025-12-08 17:58:48.712871,Transport,Reliance,3784.06,UPI
6272,2025-12-08 19:17:17.983798,Healthcare,Myntra,3583.35,Debit Card
6273,2025-12-08 20:35:47.254725,Food,Uber,4374.76,Cash
6274,2025-12-08 21:54:16.525652,Education,Amazon,4749.17,UPI
6275,2025-12-08 23:12:45.796579,Travel,Airtel,210.61,Debit Card
6276,2025-12-09 00:31:15.067506,Shopping,Swiggy,4877.74,UPI
6277,2025-12-09 01:49:44.338433,Healthcare,Airtel,4359.19,UPI
6278,2025-12-09 03:08:13.609360,Travel,Myntra,1945.59,Debit Card
6279,2025-12-09 04:26:42.880288,Shopping,Airtel,4193.49,Cash
6280,2025-12-09 05:45:12.151215,Healthcare,Myntra,3695.96,Credit Card
6281,2025-12-09 07:03:41.422142,Transport,Flipkart,3975.92,Debit Card
6282,2025-12-09 08:22:10.693069,Food,Flipkart,1142.42,Credit Card
6283,2025-12-09 09:40:39.963996,Food,Local Store,3260.39,Debit Card
6284,2025-12-09 10:59:09.234923,Bills,Local Store,178.33,Debit Card
6285,2025-12-09 12:17:38.505850,Healthcare,Airtel,4248.73,Credit Card
6286,2025-12-09 13:36:07.776777,Shopping,Netflix,4757.66,Credit Card
6287,2025-12-09 14:54:37.047704,Food,Airtel,3327.51,Cash
6288,2025-12-09 16:13:06.318631,Education,Airtel,2587.71,Debit Card
6289,2025-12-09 17:31:35.589558,Food,Netflix,3642.37,Debit Card
6290,2025-12-09 18:50:04.860486,Entertainment,Swiggy,1665.49,Debit Card
6291,2025-12-09 20:08:34.131413,Entertainment,Reliance,3150.62,Cash
6292,2025-12-09 21:27:03.402340,Food,Netflix,3608.92,Credit Card
6293,2025-12-09 22:45:32.673267,Healthcare,Myntra,756.27,Debit Card
6294,2025-12-10 00:04:01.944194,Bills,Reliance,743.34,Credit Card
6295,2025-12-10 01:22:31.215121,Food,Amazon,3594.88,Cash
6296,2025-12-10 02:41:00.486048,Transport,Swiggy,2187.32,UPI
6297,2025-12-10 03:59:29.756975,Travel,Amazon,4451.55,Credit Card
6298,2025-12-10 05:17:59.027902,Shopping,Local Store,1594.1,Cash
6299,2025-12-10 06:36:28.298829,Bills,Zomato,260.03,UPI
6300,2025-12-10 07:54:57.569756,Transport,Flipkart,3266.89,Debit Card
6301,2025-12-10 09:13:26.840684,Bills,Amazon,3436.98,Debit Card
6302,2025-12-10 10:31:56.111611,Transport,Uber,2790.28,Credit Card
6303,2025-12-10 11:50:25.382538,Shopping,Airtel,3432.5,UPI
6304,2025-12-10 13:08:54.653465,Shopping,Myntra,2642.58,Cash
6305,2025-12-10 14:27:23.924392,Entertainment,Amazon,3478.53,Debit Card
6306,2025-12-10 15:45:53.195319,Healthcare,Amazon,267.49,Debit Card
6307,2025-12-10 17:04:22.466246,Transport,Zomato,1873.57,UPI
6308,2025-12-10 18:22:51.737173,Travel,Local Store,1093.54,Cash
6309,2025-12-10 19:41:21.008100,Entertainment,Airtel,541.66,Debit Card
6310,2025-12-10 20:59:50.279027,Transport,Airtel,1208.76,Debit Card
6311,2025-12-10 22:18:19.549954,Entertainment,Zomato,996.99,Credit Card
6312,2025-12-10 23:36:48.820882,Shopping,Netflix,4867.0,Cash
6313,2025-12-11 00:55:18.091809,Bills,Zomato,1468.4,Debit Card
6314,2025-12-11 02:13:47.362736,Education,Uber,1193.25,UPI
6315,2025-12-11 03:32:16.633663,Entertainment,Reliance,4182.63,Debit Card
6316,2025-12-11 04:50:45.904590,Transport,Uber,2124.63,Cash
6317,2025-12-11 06:09:15.175517,Transport,Zomato,2136.25,Credit Card
6318,2025-12-11 07:27:44.446444,Education,Flipkart,2245.77,Debit Card
6319,2025-12-11 08:46:13.717371,Healthcare,Netflix,2111.85,UPI
6320,2025-12-11 10:04:42.988298,Travel,Flipkart,1666.5,Debit Card
6321,2025-12-11 11:23:12.259225,Shopping,Uber,1467.38,UPI
6322,2025-12-11 12:41:41.530153,Transport,Airtel,4415.7,Cash
6323,2025-12-11 14:00:10.801080,Food,Uber,850.45,Credit Card
6324,2025-12-11 15:18:40.072007,Bills,Swiggy,946.26,Cash
6325,2025-12-11 16:37:09.342934,Entertainment,Local Store,2880.01,Debit Card
6326,2025-12-11 17:55:38.613861,Healthcare,Myntra,1751.11,Debit Card
6327,2025-12-11 19:14:07.884788,Travel,Swiggy,2136.57,Credit Card
6328,2025-12-11 20:32:37.155715,Education,Zomato,4042.41,UPI
6329,2025-12-11 21:51:06.426642,Bills,Amazon,4522.97,Cash
6330,2025-12-11 23:09:35.697569,Shopping,Flipkart,3963.24,UPI
6331,2025-12-12 00:28:04.968496,Healthcare,Reliance,1212.89,Debit Card
6332,2025-12-12 01:46:34.239423,Travel,Swiggy,4900.86,UPI
6333,2025-12-12 03:05:03.510351,Entertainment,Netflix,1847.72,Cash
6334,2025-12-12 04:23:32.781278,Entertainment,Flipkart,886.88,UPI
6335,2025-12-12 05:42:02.052205,Education,Swiggy,2522.51,Debit Card
6336,2025-12-12 07:00:31.323132,Food,Airtel,3640.16,Cash
6337,2025-12-12 08:19:00.594059,Education,Myntra,462.19,UPI
6338,2025-12-12 09:37:29.864986,Shopping,Uber,3189.72,UPI
6339,2025-12-12 10:55:59.135913,Healthcare,Uber,4297.49,Cash
6340,2025-12-12 12:14:28.406840,Healthcare,Swiggy,1345.82,Debit Card
6341,2025-12-12 13:32:57.677767,Transport,Zomato,3480.96,Cash
6342,2025-12-12 14:51:26.948694,Food,Netflix,2029.55,Debit Card
6343,2025-12-12 16:09:56.219621,Food,Zomato,2099.97,UPI
6344,2025-12-12 17:28:25.490549,Healthcare,Flipkart,1440.03,Cash
6345,2025-12-12 18:46:54.761476,Healthcare,Local Store,3140.75,Debit Card
6346,2025-12-12 20:05:24.032403,Bills,Myntra,1836.95,Cash
6347,2025-12-12 21:23:53.303330,Travel,Myntra,4162.97,UPI
6348,2025-12-12 22:42:22.574257,Bills,Uber,4816.38,Cash
6349,2025-12-13 00:00:51.845184,Bills,Myntra,4678.68,UPI
6350,2025-12-13 01:19:21.116111,Food,Zomato,857.49,UPI
6351,2025-12-13 02:37:50.387038,Transport,Netflix,120.24,UPI
6352,2025-12-13 03:56:19.657965,Entertainment,Netflix,2220.42,Debit Card
6353,2025-12-13 05:14:48.928892,Bills,Uber,3657.97,Debit Card
6354,2025-12-13 06:33:18.199819,Transport,Swiggy,4888.4,Credit Card
6355,2025-12-13 07:51:47.470747,Education,Netflix,3927.94,Debit Card
6356,2025-12-13 09:10:16.741674,Shopping,Zomato,2923.72,Credit Card
6357,2025-12-13 10:28:46.012601,Bills,Amazon,180.45,Cash
6358,2025-12-13 11:47:15.283528,Education,Swiggy,4136.43,UPI
6359,2025-12-13 13:05:44.554455,Entertainment,Local Store,926.87,Debit Card
6360,2025-12-13 14:24:13.825382,Shopping,Reliance,325.25,UPI
6361,2025-12-13 15:42:43.096309,Shopping,Airtel,4259.28,Credit Card
6362,2025-12-13 17:01:12.367236,Entertainment,Myntra,2852.94,Debit Card
6363,2025-12-13 18:19:41.638163,Bills,Myntra,686.33,Debit Card
6364,2025-12-13 19:38:10.909090,Food,Amazon,1963.39,Debit Card
6365,2025-12-13 20:56:40.180018,Entertainment,Swiggy,473.43,Debit Card
6366,2025-12-13 22:15:09.450945,Entertainment,Uber,3208.15,UPI
6367,2025-12-13 23:33:38.721872,Entertainment,Zomato,1448.01,Debit Card
6368,2025-12-14 00:52:07.992799,Shopping,Amazon,4337.17,Credit Card
6369,2025-12-14 02:10:37.263726,Travel,Airtel,1821.09,Debit Card
6370,2025-12-14 03:29:06.534653,Transport,Netflix,12775.5,Credit Card
6371,2025-12-14 04:47:35.805580,Education,Uber,364.44,Credit Card
6372,2025-12-14 06:06:05.076507,Food,Reliance,1414.18,UPI
6373,2025-12-14 07:24:34.347434,Bills,Uber,3400.0,Debit Card
6374,2025-12-14 08:43:03.618361,Bills,Amazon,3694.5,Credit Card
6375,2025-12-14 10:01:32.889288,Education,Local Store,1251.97,Debit Card
6376,2025-12-14 11:20:02.160216,Transport,Amazon,2543.91,UPI
6377,2025-12-14 12:38:31.431143,Entertainment,Amazon,4096.78,UPI
6378,2025-12-14 13:57:00.702070,Travel,Amazon,1930.56,Debit Card
6379,2025-12-14 15:15:29.972997,Food,Uber,712.17,Credit Card
6380,2025-12-14 16:33:59.243924,Bills,Amazon,2187.76,Cash
6381,2025-12-14 17:52:28.514851,Education,Swiggy,3023.11,Cash
6382,2025-12-14 19:10:57.785778,Healthcare,Uber,86.62,UPI
6383,2025-12-14 20:29:27.056705,Travel,Netflix,1775.41,Credit Card
6384,2025-12-14 21:47:56.327632,Education,Swiggy,3056.81,Cash
6385,2025-12-14 23:06:25.598559,Travel,Airtel,4761.96,Credit Card
6386,2025-12-15 00:24:54.869486,Bills,Netflix,2072.32,Debit Card
6387,2025-12-15 01:43:24.140414,Entertainment,Reliance,856.71,UPI
6388,2025-12-15 03:01:53.411341,Healthcare,Myntra,2694.38,Debit Card
6389,2025-12-15 04:20:22.682268,Transport,Uber,1464.47,Debit Card
6390,2025-12-15 05:38:51.953195,Food,Myntra,1113.16,Debit Card
6391,2025-12-15 06:57:21.224122,Transport,Uber,2972.5,Credit Card
6392,2025-12-15 08:15:50.495049,Transport,Netflix,4583.62,Cash
6393,2025-12-15 09:34:19.765976,Education,Reliance,4184.36,Debit Card
6394,2025-12-15 10:52:49.036903,Travel,Zomato,952.35,UPI
6395,2025-12-15 12:11:18.307830,Food,Zomato,3841.1,Credit Card
6396,2025-12-15 13:29:47.578757,Food,Swiggy,1187.85,Cash
6397,2025-12-15 14:48:16.849684,Bills,Amazon,1488.97,Debit Card
6398,2025-12-15 16:06:46.120612,Bills,Amazon,4604.25,UPI
6399,2025-12-15 17:25:15.391539,Food,Zomato,4559.7,Debit Card
6400,2025-12-15 18:43:44.662466,Healthcare,Netflix,884.72,Cash
6401,2025-12-15 20:02:13.933393,Shopping,Reliance,367.75,Cash
6402,2025-12-15 21:20:43.204320,Bills,Swiggy,1500.93,Debit Card
6403,2025-12-15 22:39:12.475247,Shopping,Netflix,2929.79,Debit Card
6404,2025-12-15 23:57:41.746174,Education,Amazon,4390.61,Credit Card
6405,2025-12-16 01:16:11.017101,Healthcare,Swiggy,638.25,Cash
6406,2025-12-16 02:34:40.288028,Food,Myntra,2104.04,Cash
6407,2025-12-16 03:53:09.558955,Healthcare,Flipkart,1395.16,Debit Card
6408,2025-12-16 05:11:38.829882,Bills,Airtel,123.9,UPI
6409,2025-12-16 06:30:08.100810,Transport,Swiggy,3952.81,Debit Card
6410,2025-12-16 07:48:37.371737,Education,Amazon,4075.76,Debit Card
6411,2025-12-16 09:07:06.642664,Food,Netflix,1145.08,Cash
6412,2025-12-16 10:25:35.913591,Entertainment,Myntra,798.64,Credit Card
6413,2025-12-16 11:44:05.184518,Education,Airtel,765.58,Debit Card
6414,2025-12-16 13:02:34.455445,Travel,Airtel,2346.54,UPI
6415,2025-12-16 14:21:03.726372,Shopping,Swiggy,1270.15,UPI
6416,2025-12-16 15:39:32.997299,Healthcare,Airtel,2581.21,Debit Card
6417,2025-12-16 16:58:02.268226,Food,Myntra,1955.02,UPI
6418,2025-12-16 18:16:31.539153,Education,Reliance,1093.91,UPI
6419,2025-12-16 19:35:00.810081,Healthcare,Netflix,3768.4,Debit Card
6420,2025-12-16 20:53:30.081008,Food,Swiggy,794.3,UPI
6421,2025-12-16 22:11:59.351935,Bills,Airtel,4004.57,UPI
6422,2025-12-16 23:30:28.622862,Education,Reliance,2829.16,Debit Card
6423,2025-12-17 00:48:57.893789,Bills,Netflix,4168.58,Cash
6424,2025-12-17 02:07:27.164716,Education,Uber,73.56,Credit Card
6425,2025-12-17 03:25:56.435643,Bills,Reliance,3758.48,Credit Card
6426,2025-12-17 04:44:25.706570,Travel,Uber,305.0,Cash
6427,2025-12-17 06:02:54.977497,Healthcare,Uber,4752.99,Debit Card
6428,2025-12-17 07:21:24.248424,Entertainment,Reliance,3528.56,Cash
6429,2025-12-17 08:39:53.519351,Education,Airtel,1634.85,Credit Card
6430,2025-12-17 09:58:22.790279,Travel,Uber,1633.26,Credit Card
6431,2025-12-17 11:16:52.061206,Education,Airtel,4314.39,Credit Card
6432,2025-12-17 12:35:21.332133,Bills,Airtel,4519.06,Credit Card
6433,2025-12-17 13:53:50.603060,Food,Netflix,4463.29,Debit Card
6434,2025-12-17 15:12:19.873987,Education,Local Store,4053.26,Credit Card
6435,2025-12-17 16:30:49.144914,Travel,Myntra,4104.21,Credit Card
6436,2025-12-17 17:49:18.415841,Bills,Airtel,2885.2,Debit Card
6437,2025-12-17 19:07:47.686768,Transport,Netflix,189.74,Cash
6438,2025-12-17 20:26:16.957695,Bills,Flipkart,479.53,Debit Card
6439,2025-12-17 21:44:46.228622,Healthcare,Uber,3265.29,Credit Card
6440,2025-12-17 23:03:15.499549,Entertainment,Swiggy,2035.77,UPI
6441,2025-12-18 00:21:44.770477,Transport,Airtel,2858.18,Debit Card
6442,2025-12-18 01:40:14.041404,Healthcare,Reliance,1193.83,Debit Card
6443,2025-12-18 02:58:43.312331,Healthcare,Uber,3264.62,Cash
6444,2025-12-18 04:17:12.583258,Healthcare,Uber,1252.01,Credit Card
6445,2025-12-18 05:35:41.854185,Food,Flipkart,2331.02,UPI
6446,2025-12-18 06:54:11.125112,Healthcare,Swiggy,2419.66,Debit Card
6447,2025-12-18 08:12:40.396039,Food,Netflix,929.46,Debit Card
6448,2025-12-18 09:31:09.666966,Healthcare,Flipkart,4387.23,Debit Card
6449,2025-12-18 10:49:38.937893,Shopping,Myntra,2652.81,UPI
6450,2025-12-18 12:08:08.208820,Travel,Uber,4340.58,Debit Card
6451,2025-12-18 13:26:37.479747,Transport,Airtel,1349.55,Debit Card
6452,2025-12-18 14:45:06.750675,Shopping,Airtel,903.06,UPI
6453,2025-12-18 16:03:36.021602,Healthcare,Flipkart,139.18,Debit Card
6454,2025-12-18 17:22:05.292529,Transport,Myntra,514.63,UPI
6455,2025-12-18 18:40:34.563456,Transport,Zomato,779.98,Cash
6456,2025-12-18 19:59:03.834383,Education,Amazon,440.34,UPI
6457,2025-12-18 21:17:33.105310,Entertainment,Reliance,4489.55,Cash
6458,2025-12-18 22:36:02.376237,Shopping,Reliance,4561.62,UPI
6459,2025-12-18 23:54:31.647164,Entertainment,Zomato,4689.95,Credit Card
6460,2025-12-19 01:13:00.918091,Transport,Uber,4801.31,Debit Card
6461,2025-12-19 02:31:30.189018,Food,Netflix,2484.58,Cash
6462,2025-12-19 03:49:59.459945,Transport,Swiggy,2673.62,Debit Card
6463,2025-12-19 05:08:28.730873,Entertainment,Zomato,697.61,Debit Card
6464,2025-12-19 06:26:58.001800,Shopping,Myntra,728.41,UPI
6465,2025-12-19 07:45:27.272727,Healthcare,Airtel,3875.14,Credit Card
6466,2025-12-19 09:03:56.543654,Education,Amazon,4285.86,UPI
6467,2025-12-19 10:22:25.814581,Education,Uber,3934.34,Debit Card
6468,2025-12-19 11:40:55.085508,Education,Amazon,4181.15,UPI
6469,2025-12-19 12:59:24.356435,Healthcare,Swiggy,1419.02,Cash
6470,2025-12-19 14:17:53.627362,Education,Airtel,2357.03,Credit Card
6471,2025-12-19 15:36:22.898289,Shopping,Myntra,2323.04,Debit Card
6472,2025-12-19 16:54:52.169216,Healthcare,Reliance,4976.65,UPI
6473,2025-12-19 18:13:21.440144,Education,Swiggy,4748.43,Cash
6474,2025-12-19 19:31:50.711071,Healthcare,Zomato,3012.51,Credit Card
6475,2025-12-19 20:50:19.981998,Entertainment,Reliance,732.97,UPI
6476,2025-12-19 22:08:49.252925,Travel,Reliance,1330.05,UPI
6477,2025-12-19 23:27:18.523852,Travel,Myntra,1850.62,Debit Card
6478,2025-12-20 00:45:47.794779,Shopping,Zomato,4372.4,Cash
6479,2025-12-20 02:04:17.065706,Bills,Flipkart,894.63,Credit Card
6480,2025-12-20 03:22:46.336633,Food,Swiggy,1137.75,UPI
6481,2025-12-20 04:41:15.607560,Education,Netflix,1779.45,Credit Card
6482,2025-12-20 05:59:44.878487,Food,Local Store,4638.21,Cash
6483,2025-12-20 07:18:14.149414,Healthcare,Airtel,2543.87,Debit Card
6484,2025-12-20 08:36:43.420342,Food,Myntra,3251.84,Debit Card
6485,2025-12-20 09:55:12.691269,Shopping,Airtel,1966.76,Debit Card
6486,2025-12-20 11:13:41.962196,Shopping,Swiggy,983.18,Credit Card
6487,2025-12-20 12:32:11.233123,Transport,Zomato,1152.86,Credit Card
6488,2025-12-20 13:50:40.504050,Travel,Netflix,4023.22,UPI
6489,2025-12-20 15:09:09.774977,Education,Local Store,4472.74,Cash
6490,2025-12-20 16:27:39.045904,Transport,Amazon,2490.72,Cash
6491,2025-12-20 17:46:08.316831,Food,Netflix,1817.12,Cash
6492,2025-12-20 19:04:37.587758,Bills,Myntra,4048.78,Credit Card
6493,2025-12-20 20:23:06.858685,Transport,Airtel,3381.82,Debit Card
6494,2025-12-20 21:41:36.129612,Transport,Netflix,252.33,Cash
6495,2025-12-20 23:00:05.400540,Shopping,Uber,1786.17,UPI
6496,2025-12-21 00:18:34.671467,Bills,Zomato,3426.76,Credit Card
6497,2025-12-21 01:37:03.942394,Healthcare,Zomato,2889.72,Debit Card
6498,2025-12-21 02:55:33.213321,Food,Uber,4891.43,Cash
6499,2025-12-21 04:14:02.484248,Transport,Reliance,4337.27,Debit Card
6500,2025-12-21 05:32:31.755175,Bills,Reliance,345.71,UPI
6501,2025-12-21 06:51:01.026102,Travel,Swiggy,3642.56,Cash
6502,2025-12-21 08:09:30.297029,Education,Flipkart,1714.82,Cash
6503,2025-12-21 09:27:59.567956,Bills,Amazon,3426.31,Debit Card
6504,2025-12-21 10:46:28.838883,Travel,Uber,3105.26,Credit Card
6505,2025-12-21 12:04:58.109810,Food,Swiggy,2540.1,Debit Card
6506,2025-12-21 13:23:27.380738,Bills,Airtel,4272.1,UPI
6507,2025-12-21 14:41:56.651665,Travel,Uber,3558.01,Debit Card
6508,2025-12-21 16:00:25.922592,Bills,Flipkart,4453.3,Debit Card
6509,2025-12-21 17:18:55.193519,Bills,Uber,1443.94,Cash
6510,2025-12-21 18:37:24.464446,Education,Flipkart,1773.23,Credit Card
6511,2025-12-21 19:55:53.735373,Travel,Flipkart,3128.66,Credit Card
6512,2025-12-21 21:14:23.006300,Travel,Flipkart,4834.0,Credit Card
6513,2025-12-21 22:32:52.277227,Transport,Zomato,1889.33,Credit Card
6514,2025-12-21 23:51:21.548154,Food,Netflix,209.85,Debit Card
6515,2025-12-22 01:09:50.819081,Education,Zomato,2257.15,Cash
6516,2025-12-22 02:28:20.090009,Bills,Swiggy,2742.45,Cash
6517,2025-12-22 03:46:49.360936,Bills,Zomato,4014.89,Credit Card
6518,2025-12-22 05:05:18.631863,Transport,Zomato,3656.57,Debit Card
6519,2025-12-22 06:23:47.902790,Food,Airtel,4825.08,Credit Card
6520,2025-12-22 07:42:17.173717,Shopping,Uber,3924.28,Credit Card
6521,2025-12-22 09:00:46.444644,Education,Zomato,8940.93,Cash
6522,2025-12-22 10:19:15.715571,Transport,Local Store,3224.83,Cash
6523,2025-12-22 11:37:44.986498,Food,Flipkart,3377.59,Credit Card
6524,2025-12-22 12:56:14.257425,Education,Uber,4990.2,Debit Card
6525,2025-12-22 14:14:43.528352,Bills,Reliance,736.75,Credit Card
6526,2025-12-22 15:33:12.799279,Food,Airtel,997.06,Cash
6527,2025-12-22 16:51:42.070207,Food,Netflix,819.79,Cash
6528,2025-12-22 18:10:11.341134,Healthcare,Airtel,2965.85,Debit Card
6529,2025-12-22 19:28:40.612061,Food,Flipkart,719.74,Credit Card
6530,2025-12-22 20:47:09.882988,Shopping,Uber,3297.24,Credit Card
6531,2025-12-22 22:05:39.153915,Food,Netflix,4028.68,UPI
6532,2025-12-22 23:24:08.424842,Shopping,Amazon,2192.32,Credit Card
6533,2025-12-23 00:42:37.695769,Bills,Myntra,2825.39,Debit Card
6534,2025-12-23 02:01:06.966696,Shopping,Airtel,4567.97,Cash
6535,2025-12-23 03:19:36.237623,Education,Netflix,2869.35,UPI
6536,2025-12-23 04:38:05.508550,Bills,Swiggy,1082.6,Debit Card
6537,2025-12-23 05:56:34.779477,Bills,Netflix,1748.81,Debit Card
6538,2025-12-23 07:15:04.050405,Shopping,Myntra,2672.74,UPI
6539,2025-12-23 08:33:33.321332,Travel,Flipkart,816.74,Credit Card
6540,2025-12-23 09:52:02.592259,Transport,Uber,3081.97,UPI
6541,2025-12-23 11:10:31.863186,Entertainment,Amazon,4996.27,Debit Card
6542,2025-12-23 12:29:01.134113,Travel,Swiggy,3280.05,Credit Card
6543,2025-12-23 13:47:30.405040,Food,Netflix,1893.44,Cash
6544,2025-12-23 15:05:59.675967,Healthcare,Local Store,1692.15,UPI
6545,2025-12-23 16:24:28.946894,Entertainment,Zomato,4661.44,Debit Card
6546,2025-12-23 17:42:58.217821,Food,Flipkart,4364.0,Credit Card
6547,2025-12-23 19:01:27.488748,Travel,Airtel,2388.18,Debit Card
6548,2025-12-23 20:19:56.759675,Travel,Airtel,1799.4,Credit Card
6549,2025-12-23 21:38:26.030603,Food,Myntra,3566.8,Credit Card
6550,2025-12-23 22:56:55.301530,Bills,Flipkart,1606.79,UPI
6551,2025-12-24 00:15:24.572457,Food,Swiggy,641.05,Cash
6552,2025-12-24 01:33:53.843384,Healthcare,Reliance,1585.25,Credit Card
6553,2025-12-24 02:52:23.114311,Travel,Amazon,2199.77,Debit Card
6554,2025-12-24 04:10:52.385238,Food,Swiggy,1314.29,Credit Card
6555,2025-12-24 05:29:21.656165,Shopping,Amazon,1123.23,Cash
6556,2025-12-24 06:47:50.927092,Entertainment,Uber,80.39,Debit Card
6557,2025-12-24 08:06:20.198019,Shopping,Uber,3172.67,Credit Card
6558,2025-12-24 09:24:49.468946,Healthcare,Flipkart,3091.52,Credit Card
6559,2025-12-24 10:43:18.739873,Food,Flipkart,980.72,UPI
6560,2025-12-24 12:01:48.010801,Education,Airtel,4721.07,Cash
6561,2025-12-24 13:20:17.281728,Healthcare,Zomato,2077.38,Credit Card
6562,2025-12-24 14:38:46.552655,Bills,Myntra,176.12,Cash
6563,2025-12-24 15:57:15.823582,Shopping,Zomato,1137.87,Credit Card
6564,2025-12-24 17:15:45.094509,Shopping,Swiggy,3475.73,Debit Card
6565,2025-12-24 18:34:14.365436,Transport,Airtel,1048.02,Cash
6566,2025-12-24 19:52:43.636363,Food,Amazon,316.87,Debit Card
6567,2025-12-24 21:11:12.907290,Bills,Reliance,3107.65,Cash
6568,2025-12-24 22:29:42.178217,Education,Netflix,2615.86,Debit Card
6569,2025-12-24 23:48:11.449144,Shopping,Local Store,3818.27,Credit Card
6570,2025-12-25 01:06:40.720072,Shopping,Uber,3874.53,Debit Card
6571,2025-12-25 02:25:09.990999,Bills,Zomato,4801.68,Debit Card
6572,2025-12-25 03:43:39.261926,Healthcare,Myntra,332.24,Credit Card
6573,2025-12-25 05:02:08.532853,Healthcare,Reliance,243.0,Cash
6574,2025-12-25 06:20:37.803780,Food,Reliance,4936.63,Debit Card
6575,2025-12-25 07:39:07.074707,Travel,Uber,3242.0,UPI
6576,2025-12-25 08:57:36.345634,Transport,Local Store,3591.08,UPI
6577,2025-12-25 10:16:05.616561,Shopping,Flipkart,527.59,Debit Card
6578,2025-12-25 11:34:34.887488,Travel,Reliance,395.57,Debit Card
6579,2025-12-25 12:53:04.158415,Travel,Swiggy,843.26,Debit Card
6580,2025-12-25 14:11:33.429342,Transport,Swiggy,2164.62,Cash
6581,2025-12-25 15:30:02.700270,Travel,Flipkart,595.37,Credit Card
6582,2025-12-25 16:48:31.971197,Travel,Amazon,2259.35,UPI
6583,2025-12-25 18:07:01.242124,Healthcare,Airtel,2829.6,UPI
6584,2025-12-25 19:25:30.513051,Healthcare,Flipkart,51.65,Cash
6585,2025-12-25 20:43:59.783978,Entertainment,Local Store,615.52,Debit Card
6586,2025-12-25 22:02:29.054905,Education,Swiggy,1907.22,Debit Card
6587,2025-12-25 23:20:58.325832,Food,Reliance,313.98,Credit Card
6588,2025-12-26 00:39:27.596759,Travel,Swiggy,710.97,Credit Card
6589,2025-12-26 01:57:56.867686,Entertainment,Netflix,1197.39,UPI
6590,2025-12-26 03:16:26.138613,Education,Airtel,2176.53,Credit Card
6591,2025-12-26 04:34:55.409540,Entertainment,Myntra,3588.44,UPI
6592,2025-12-26 05:53:24.680468,Entertainment,Netflix,706.81,Cash
6593,2025-12-26 07:11:53.951395,Food,Amazon,3702.89,Debit Card
6594,2025-12-26 08:30:23.222322,Food,Uber,4282.55,Debit Card
6595,2025-12-26 09:48:52.493249,Bills,Netflix,3274.82,UPI
6596,2025-12-26 11:07:21.764176,Transport,Amazon,266.44,Debit Card
6597,2025-12-26 12:25:51.035103,Transport,Amazon,2231.24,Cash
6598,2025-12-26 13:44:20.306030,Bills,Myntra,3317.33,Credit Card
6599,2025-12-26 15:02:49.576957,Bills,Uber,4893.64,Cash
6600,2025-12-26 16:21:18.847884,Healthcare,Zomato,4761.45,Debit Card
6601,2025-12-26 17:39:48.118811,Education,Flipkart,2008.73,Cash
6602,2025-12-26 18:58:17.389738,Entertainment,Reliance,3098.86,Debit Card
6603,2025-12-26 20:16:46.660666,Travel,Local Store,4459.53,UPI
6604,2025-12-26 21:35:15.931593,Bills,Local Store,4163.68,Credit Card
6605,2025-12-26 22:53:45.202520,Shopping,Local Store,2423.14,Credit Card
6606,2025-12-27 00:12:14.473447,Transport,Zomato,1343.14,Debit Card
6607,2025-12-27 01:30:43.744374,Bills,Flipkart,728.64,Debit Card
6608,2025-12-27 02:49:13.015301,Shopping,Local Store,2465.5,Credit Card
6609,2025-12-27 04:07:42.286228,Shopping,Flipkart,3628.09,Cash
6610,2025-12-27 05:26:11.557155,Shopping,Reliance,4850.36,Cash
6611,2025-12-27 06:44:40.828082,Healthcare,Local Store,4315.98,Cash
6612,2025-12-27 08:03:10.099009,Healthcare,Uber,1060.99,Credit Card
6613,2025-12-27 09:21:39.369936,Travel,Amazon,3612.9,UPI
6614,2025-12-27 10:40:08.640864,Travel,Local Store,1481.05,Debit Card
6615,2025-12-27 11:58:37.911791,Shopping,Flipkart,3433.19,Debit Card
6616,2025-12-27 13:17:07.182718,Education,Amazon,3345.74,Credit Card
6617,2025-12-27 14:35:36.453645,Healthcare,Myntra,1398.53,UPI
6618,2025-12-27 15:54:05.724572,Entertainment,Local Store,1210.22,Credit Card
6619,2025-12-27 17:12:34.995499,Shopping,Local Store,564.49,Cash
6620,2025-12-27 18:31:04.266426,Entertainment,Netflix,300.17,Cash
6621,2025-12-27 19:49:33.537353,Entertainment,Amazon,4299.33,Debit Card
6622,2025-12-27 21:08:02.808280,Shopping,Local Store,296.75,Debit Card
6623,2025-12-27 22:26:32.079207,Transport,Uber,489.27,Debit Card
6624,2025-12-27 23:45:01.350135,Education,Reliance,1232.32,Debit Card
6625,2025-12-28 01:03:30.621062,Shopping,Amazon,4443.91,Cash
6626,2025-12-28 02:21:59.891989,Travel,Reliance,1698.05,Cash
6627,2025-12-28 03:40:29.162916,Shopping,Airtel,999.41,UPI
6628,2025-12-28 04:58:58.433843,Healthcare,Flipkart,3592.0,Debit Card
6629,2025-12-28 06:17:27.704770,Shopping,Myntra,1629.4,Credit Card
6630,2025-12-28 07:35:56.975697,Transport,Netflix,1700.16,UPI
6631,2025-12-28 08:54:26.246624,Healthcare,Uber,3707.93,UPI
6632,2025-12-28 10:12:55.517551,Travel,Myntra,1295.68,Cash
6633,2025-12-28 11:31:24.788478,Food,Netflix,4488.96,Debit Card
6634,2025-12-28 12:49:54.059405,Food,Myntra,2829.04,UPI
6635,2025-12-28 14:08:23.330333,Entertainment,Myntra,2712.27,Debit Card
6636,2025-12-28 15:26:52.601260,Education,Swiggy,1360.52,Cash
6637,2025-12-28 16:45:21.872187,Entertainment,Flipkart,4183.72,UPI
6638,2025-12-28 18:03:51.143114,Transport,Zomato,2885.11,UPI
6639,2025-12-28 19:22:20.414041,Bills,Netflix,819.81,Credit Card
6640,2025-12-28 20:40:49.684968,Travel,Uber,1071.18,Cash
6641,2025-12-28 21:59:18.955895,Education,Amazon,2367.87,Credit Card
6642,2025-12-28 23:17:48.226822,Travel,Myntra,3909.23,Cash
6643,2025-12-29 00:36:17.497749,Food,Myntra,4699.51,Credit Card
6644,2025-12-29 01:54:46.768676,Entertainment,Netflix,3334.32,Cash
6645,2025-12-29 03:13:16.039603,Travel,Airtel,2555.41,Cash
6646,2025-12-29 04:31:45.310531,Food,Zomato,1291.12,UPI
6647,2025-12-29 05:50:14.581458,Transport,Myntra,3380.7,Credit Card
6648,2025-12-29 07:08:43.852385,Transport,Local Store,4912.09,Credit Card
6649,2025-12-29 08:27:13.123312,Bills,Swiggy,2407.3,Credit Card
6650,2025-12-29 09:45:42.394239,Travel,Reliance,852.6,UPI
6651,2025-12-29 11:04:11.665166,Bills,Swiggy,561.54,Debit Card
6652,2025-12-29 12:22:40.936093,Healthcare,Zomato,1382.82,Cash
6653,2025-12-29 13:41:10.207020,Education,Local Store,2868.74,Credit Card
6654,2025-12-29 14:59:39.477947,Travel,Swiggy,4736.69,Cash
6655,2025-12-29 16:18:08.748874,Transport,Reliance,1530.87,UPI
6656,2025-12-29 17:36:38.019801,Entertainment,Amazon,1561.69,Cash
6657,2025-12-29 18:55:07.290729,Food,Flipkart,2431.84,UPI
6658,2025-12-29 20:13:36.561656,Shopping,Amazon,4596.78,Debit Card
6659,2025-12-29 21:32:05.832583,Bills,Flipkart,2124.32,Credit Card
6660,2025-12-29 22:50:35.103510,Shopping,Airtel,1154.99,UPI
6661,2025-12-30 00:09:04.374437,Travel,Airtel,857.5,Cash
6662,2025-12-30 01:27:33.645364,Entertainment,Airtel,2312.23,UPI
6663,2025-12-30 02:46:02.916291,Bills,Swiggy,4013.35,UPI
6664,2025-12-30 04:04:32.187218,Shopping,Airtel,1492.19,Debit Card
6665,2025-12-30 05:23:01.458145,Education,Flipkart,2586.99,Credit Card
6666,2025-12-30 06:41:30.729072,Entertainment,Amazon,3034.89,UPI
6667,2025-12-30 08:00:00.000000,Food,Netflix,2279.83,UPI
6668,2025-12-30 09:18:29.270927,Education,Myntra,998.87,Cash
6669,2025-12-30 10:36:58.541854,Entertainment,Flipkart,4612.64,UPI
6670,2025-12-30 11:55:27.812781,Healthcare,Amazon,2848.97,UPI
6671,2025-12-30 13:13:57.083708,Bills,Amazon,3659.22,Credit Card
6672,2025-12-30 14:32:26.354635,Transport,Myntra,3198.41,Credit Card
6673,2025-12-30 15:50:55.625562,Food,Local Store,4990.34,Cash
6674,2025-12-30 17:09:24.896489,Travel,Netflix,2308.74,UPI
6675,2025-12-30 18:27:54.167416,Education,Local Store,2153.61,UPI
6676,2025-12-30 19:46:23.438343,Education,Local Store,1832.69,UPI
6677,2025-12-30 21:04:52.709270,Shopping,Amazon,1840.06,Debit Card
6678,2025-12-30 22:23:21.980198,Bills,Reliance,1415.06,Debit Card
6679,2025-12-30 23:41:51.251125,Travel,Uber,4904.12,Cash
6680,2025-12-31 01:00:20.522052,Transport,Flipkart,4360.37,Debit Card
6681,2025-12-31 02:18:49.792979,Entertainment,Swiggy,1617.53,Cash
6682,2025-12-31 03:37:19.063906,Transport,Local Store,1560.88,UPI
6683,2025-12-31 04:55:48.334833,Bills,Airtel,562.49,Debit Card
6684,2025-12-31 06:14:17.605760,Bills,Swiggy,4391.3,Credit Card
6685,2025-12-31 07:32:46.876687,Healthcare,Zomato,1890.24,Debit Card
6686,2025-12-31 08:51:16.147614,Healthcare,Reliance,2884.45,UPI
6687,2025-12-31 10:09:45.418541,Transport,Swiggy,4506.87,Credit Card
6688,2025-12-31 11:28:14.689468,Entertainment,Myntra,2070.1,Cash
6689,2025-12-31 12:46:43.960396,Transport,Uber,4044.0,UPI
6690,2025-12-31 14:05:13.231323,Bills,Netflix,2179.91,Credit Card
6691,2025-12-31 15:23:42.502250,Bills,Myntra,3519.66,Debit Card
6692,2025-12-31 16:42:11.773177,Shopping,Local Store,2184.36,Cash
6693,2025-12-31 18:00:41.044104,Healthcare,Reliance,1994.16,Debit Card
6694,2025-12-31 19:19:10.315031,Travel,Reliance,4954.01,Credit Card
6695,2025-12-31 20:37:39.585958,Travel,Local Store,3081.13,Credit Card
6696,2025-12-31 21:56:08.856885,Travel,Uber,1868.59,UPI
6697,2025-12-31 23:14:38.127812,Shopping,Amazon,1326.21,Cash
6698,2026-01-01 00:33:07.398739,Food,Swiggy,246.84,Cash
6699,2026-01-01 01:51:36.669666,Travel,Airtel,3547.5,Credit Card
6700,2026-01-01 03:10:05.940594,Bills,Local Store,1892.18,UPI
6701,2026-01-01 04:28:35.211521,Shopping,Airtel,4115.21,Credit Card
6702,2026-01-01 05:47:04.482448,Transport,Swiggy,1851.15,Credit Card
6703,2026-01-01 07:05:33.753375,Healthcare,Uber,1897.98,Cash
6704,2026-01-01 08:24:03.024302,Healthcare,Amazon,3906.95,Debit Card
6705,2026-01-01 09:42:32.295229,Entertainment,Netflix,2472.86,Debit Card
6706,2026-01-01 11:01:01.566156,Transport,Uber,4430.23,Cash
6707,2026-01-01 12:19:30.837083,Entertainment,Airtel,2971.17,UPI
6708,2026-01-01 13:38:00.108010,Shopping,Reliance,1241.19,Cash
6709,2026-01-01 14:56:29.378937,Education,Reliance,2862.95,UPI
6710,2026-01-01 16:14:58.649864,Travel,Zomato,69.81,Cash
6711,2026-01-01 17:33:27.920792,Food,Flipkart,1596.37,UPI
6712,2026-01-01 18:51:57.191719,Transport,Myntra,1079.36,Credit Card
6713,2026-01-01 20:10:26.462646,Transport,Myntra,3288.23,Credit Card
6714,2026-01-01 21:28:55.733573,Transport,Local Store,723.39,UPI
6715,2026-01-01 22:47:25.004500,Entertainment,Airtel,1485.98,Cash
6716,2026-01-02 00:05:54.275427,Shopping,Myntra,1689.98,Credit Card
6717,2026-01-02 01:24:23.546354,Transport,Myntra,66.3,Cash
6718,2026-01-02 02:42:52.817281,Education,Uber,281.49,Debit Card
6719,2026-01-02 04:01:22.088208,Transport,Netflix,1590.07,Credit Card
6720,2026-01-02 05:19:51.359135,Healthcare,Airtel,1150.66,Cash
6721,2026-01-02 06:38:20.630063,Travel,Zomato,628.69,Cash
6722,2026-01-02 07:56:49.900990,Food,Netflix,813.1,Debit Card
6723,2026-01-02 09:15:19.171917,Travel,Zomato,4185.91,Cash
6724,2026-01-02 10:33:48.442844,Healthcare,Airtel,3432.43,UPI
6725,2026-01-02 11:52:17.713771,Healthcare,Amazon,2446.38,Credit Card
6726,2026-01-02 13:10:46.984698,Food,Amazon,4548.93,UPI
6727,2026-01-02 14:29:16.255625,Education,Myntra,196.29,Debit Card
6728,2026-01-02 15:47:45.526552,Shopping,Local Store,1757.43,UPI
6729,2026-01-02 17:06:14.797479,Healthcare,Reliance,4125.75,Cash
6730,2026-01-02 18:24:44.068406,Shopping,Uber,3160.03,Debit Card
6731,2026-01-02 19:43:13.339333,Healthcare,Myntra,4909.35,Debit Card
6732,2026-01-02 21:01:42.610261,Bills,Flipkart,4725.35,UPI
6733,2026-01-02 22:20:11.881188,Food,Amazon,891.22,Debit Card
6734,2026-01-02 23:38:41.152115,Healthcare,Myntra,4861.34,UPI
6735,2026-01-03 00:57:10.423042,Bills,Reliance,4730.4,UPI
6736,2026-01-03 02:15:39.693969,Travel,Zomato,1899.37,UPI
6737,2026-01-03 03:34:08.964896,Entertainment,Zomato,4915.26,Debit Card
6738,2026-01-03 04:52:38.235823,Bills,Swiggy,227.43,Debit Card
6739,2026-01-03 06:11:07.506750,Transport,Uber,3320.72,Credit Card
6740,2026-01-03 07:29:36.777677,Healthcare,Local Store,1367.43,UPI
6741,2026-01-03 08:48:06.048604,Bills,Zomato,690.84,UPI
6742,2026-01-03 10:06:35.319531,Shopping,Swiggy,2908.8,UPI
6743,2026-01-03 11:25:04.590459,Entertainment,Amazon,1566.43,UPI
6744,2026-01-03 12:43:33.861386,Education,Zomato,3350.79,UPI
6745,2026-01-03 14:02:03.132313,Healthcare,Local Store,2722.91,UPI
6746,2026-01-03 15:20:32.403240,Transport,Myntra,1993.32,UPI
6747,2026-01-03 16:39:01.674167,Education,Reliance,950.02,Credit Card
6748,2026-01-03 17:57:30.945094,Bills,Flipkart,3026.19,Credit Card
6749,2026-01-03 19:16:00.216021,Education,Zomato,4154.69,Cash
6750,2026-01-03 20:34:29.486948,Education,Flipkart,3020.02,UPI
6751,2026-01-03 21:52:58.757875,Entertainment,Flipkart,3072.09,UPI
6752,2026-01-03 23:11:28.028802,Travel,Flipkart,2583.59,Credit Card
6753,2026-01-04 00:29:57.299729,Education,Netflix,1971.79,Credit Card
6754,2026-01-04 01:48:26.570657,Education,Flipkart,2314.42,UPI
6755,2026-01-04 03:06:55.841584,Healthcare,Netflix,4948.23,UPI
6756,2026-01-04 04:25:25.112511,Travel,Reliance,3760.86,Credit Card
6757,2026-01-04 05:43:54.383438,Entertainment,Flipkart,2181.27,Credit Card
6758,2026-01-04 07:02:23.654365,Transport,Swiggy,2313.62,Cash
6759,2026-01-04 08:20:52.925292,Bills,Flipkart,2523.18,Cash
6760,2026-01-04 09:39:22.196219,Entertainment,Airtel,3313.61,UPI
6761,2026-01-04 10:57:51.467146,Entertainment,Uber,2356.49,Credit Card
6762,2026-01-04 12:16:20.738073,Food,Swiggy,3446.59,Cash
6763,2026-01-04 13:34:50.009000,Entertainment,Local Store,1679.48,UPI
6764,2026-01-04 14:53:19.279927,Travel,Zomato,2082.67,Cash
6765,2026-01-04 16:11:48.550855,Food,Reliance,4327.06,Cash
6766,2026-01-04 17:30:17.821782,Bills,Reliance,1678.08,Cash
6767,2026-01-04 18:48:47.092709,Education,Airtel,4823.96,Debit Card
6768,2026-01-04 20:07:16.363636,Healthcare,Airtel,903.9,UPI
6769,2026-01-04 21:25:45.634563,Healthcare,Airtel,1246.32,Cash
6770,2026-01-04 22:44:14.905490,Bills,Airtel,2345.21,UPI
6771,2026-01-05 00:02:44.176417,Bills,Airtel,3997.17,UPI
6772,2026-01-05 01:21:13.447344,Travel,Amazon,3671.3,Credit Card
6773,2026-01-05 02:39:42.718271,Shopping,Myntra,913.61,UPI
6774,2026-01-05 03:58:11.989198,Education,Reliance,1221.59,Cash
6775,2026-01-05 05:16:41.260126,Bills,Airtel,2897.55,UPI
6776,2026-01-05 06:35:10.531053,Entertainment,Zomato,1511.07,Credit Card
6777,2026-01-05 07:53:39.801980,Travel,Amazon,2140.51,Debit Card
6778,2026-01-05 09:12:09.072907,Healthcare,Swiggy,2458.64,Debit Card
6779,2026-01-05 10:30:38.343834,Transport,Swiggy,2991.52,Credit Card
6780,2026-01-05 11:49:07.614761,Travel,Netflix,1292.7,Cash
6781,2026-01-05 13:07:36.885688,Healthcare,Myntra,857.54,Cash
6782,2026-01-05 14:26:06.156615,Food,Swiggy,2022.89,Cash
6783,2026-01-05 15:44:35.427542,Travel,Airtel,456.03,UPI
6784,2026-01-05 17:03:04.698469,Healthcare,Reliance,2657.49,Debit Card
6785,2026-01-05 18:21:33.969396,Shopping,Netflix,4206.05,Cash
6786,2026-01-05 19:40:03.240324,Travel,Uber,638.93,Debit Card
6787,2026-01-05 20:58:32.511251,Travel,Amazon,608.02,Credit Card
6788,2026-01-05 22:17:01.782178,Education,Uber,447.08,Debit Card
6789,2026-01-05 23:35:31.053105,Bills,Uber,4246.91,Cash
6790,2026-01-06 00:54:00.324032,Education,Airtel,449.49,Debit Card
6791,2026-01-06 02:12:29.594959,Travel,Uber,4918.14,Credit Card
6792,2026-01-06 03:30:58.865886,Bills,Uber,1823.74,Debit Card
6793,2026-01-06 04:49:28.136813,Healthcare,Swiggy,1677.37,UPI
6794,2026-01-06 06:07:57.407740,Transport,Local Store,503.58,Credit Card
6795,2026-01-06 07:26:26.678667,Transport,Netflix,2948.92,UPI
6796,2026-01-06 08:44:55.949594,Travel,Uber,2950.12,UPI
6797,2026-01-06 10:03:25.220522,Shopping,Myntra,2494.34,Cash
6798,2026-01-06 11:21:54.491449,Food,Zomato,1589.55,Cash
6799,2026-01-06 12:40:23.762376,Healthcare,Netflix,1874.48,Credit Card
6800,2026-01-06 13:58:53.033303,Bills,Myntra,1636.49,Cash
6801,2026-01-06 15:17:22.304230,Travel,Zomato,2159.42,Debit Card
6802,2026-01-06 16:35:51.575157,Healthcare,Uber,1741.85,Credit Card
6803,2026-01-06 17:54:20.846084,Travel,Local Store,18533.08,Cash
6804,2026-01-06 19:12:50.117011,Shopping,Flipkart,1514.14,Cash
6805,2026-01-06 20:31:19.387938,Entertainment,Reliance,1786.65,Debit Card
6806,2026-01-06 21:49:48.658865,Entertainment,Myntra,2205.53,UPI
6807,2026-01-06 23:08:17.929792,Shopping,Uber,69.61,Debit Card
6808,2026-01-07 00:26:47.200720,Bills,Netflix,2485.81,UPI
6809,2026-01-07 01:45:16.471647,Education,Swiggy,1316.31,Cash
6810,2026-01-07 03:03:45.742574,Shopping,Uber,327.94,UPI
6811,2026-01-07 04:22:15.013501,Travel,Flipkart,4559.56,UPI
6812,2026-01-07 05:40:44.284428,Bills,Uber,1645.97,Cash
6813,2026-01-07 06:59:13.555355,Transport,Uber,2159.12,Credit Card
6814,2026-01-07 08:17:42.826282,Shopping,Reliance,4145.35,Debit Card
6815,2026-01-07 09:36:12.097209,Bills,Swiggy,875.61,Cash
6816,2026-01-07 10:54:41.368136,Shopping,Myntra,4259.03,Debit Card
6817,2026-01-07 12:13:10.639063,Shopping,Airtel,1246.11,Debit Card
6818,2026-01-07 13:31:39.909991,Education,Airtel,2965.74,UPI
6819,2026-01-07 14:50:09.180918,Education,Netflix,3444.11,Cash
6820,2026-01-07 16:08:38.451845,Travel,Local Store,4529.82,Credit Card
6821,2026-01-07 17:27:07.722772,Bills,Uber,34384.12,Debit Card
6822,2026-01-07 18:45:36.993699,Bills,Netflix,2293.5,Debit Card
6823,2026-01-07 20:04:06.264626,Food,Local Store,2882.73,Credit Card
6824,2026-01-07 21:22:35.535553,Shopping,Myntra,1050.31,Debit Card
6825,2026-01-07 22:41:04.806480,Entertainment,Myntra,3460.92,Cash
6826,2026-01-07 23:59:34.077407,Shopping,Swiggy,975.06,Credit Card
6827,2026-01-08 01:18:03.348334,Shopping,Airtel,2808.38,Cash
6828,2026-01-08 02:36:32.619261,Bills,Airtel,3255.64,Credit Card
6829,2026-01-08 03:55:01.890189,Shopping,Netflix,4497.99,Debit Card
6830,2026-01-08 05:13:31.161116,Healthcare,Reliance,2278.44,Credit Card
6831,2026-01-08 06:32:00.432043,Shopping,Airtel,3887.9,Cash
6832,2026-01-08 07:50:29.702970,Healthcare,Reliance,879.28,Credit Card
6833,2026-01-08 09:08:58.973897,Education,Reliance,823.17,Debit Card
6834,2026-01-08 10:27:28.244824,Entertainment,Myntra,2647.75,UPI
6835,2026-01-08 11:45:57.515751,Travel,Swiggy,3001.89,Debit Card
6836,2026-01-08 13:04:26.786678,Bills,Netflix,3180.09,Debit Card
6837,2026-01-08 14:22:56.057605,Shopping,Zomato,3741.09,UPI
6838,2026-01-08 15:41:25.328532,Healthcare,Netflix,1509.91,Credit Card
6839,2026-01-08 16:59:54.599459,Healthcare,Reliance,3131.91,Debit Card
6840,2026-01-08 18:18:23.870387,Education,Local Store,981.29,UPI
6841,2026-01-08 19:36:53.141314,Healthcare,Local Store,1134.04,Cash
6842,2026-01-08 20:55:22.412241,Travel,Swiggy,383.18,UPI
6843,2026-01-08 22:13:51.683168,Transport,Myntra,3747.65,Debit Card
6844,2026-01-08 23:32:20.954095,Food,Myntra,2559.62,Cash
6845,2026-01-09 00:50:50.225022,Travel,Reliance,1229.02,Debit Card
6846,2026-01-09 02:09:19.495949,Entertainment,Reliance,2803.38,UPI
6847,2026-01-09 03:27:48.766876,Travel,Flipkart,1803.49,Cash
6848,2026-01-09 04:46:18.037803,Education,Flipkart,4194.19,Debit Card
6849,2026-01-09 06:04:47.308730,Education,Reliance,2664.33,UPI
6850,2026-01-09 07:23:16.579657,Travel,Airtel,197.56,Cash
6851,2026-01-09 08:41:45.850585,Shopping,Netflix,4926.22,Debit Card
6852,2026-01-09 10:00:15.121512,Transport,Airtel,417.78,UPI
6853,2026-01-09 11:18:44.392439,Shopping,Myntra,3494.99,Debit Card
6854,2026-01-09 12:37:13.663366,Shopping,Zomato,2214.42,Debit Card
6855,2026-01-09 13:55:42.934293,Travel,Netflix,1284.12,Debit Card
6856,2026-01-09 15:14:12.205220,Bills,Airtel,3398.47,Credit Card
6857,2026-01-09 16:32:41.476147,Bills,Airtel,673.19,Debit Card
6858,2026-01-09 17:51:10.747074,Bills,Amazon,4298.32,Cash
6859,2026-01-09 19:09:40.018001,Transport,Netflix,1290.53,UPI
6860,2026-01-09 20:28:09.288928,Shopping,Zomato,1839.2,UPI
6861,2026-01-09 21:46:38.559855,Food,Swiggy,3181.59,Credit Card
6862,2026-01-09 23:05:07.830783,Entertainment,Swiggy,55.1,Credit Card
6863,2026-01-10 00:23:37.101710,Bills,Airtel,2390.11,Credit Card
6864,2026-01-10 01:42:06.372637,Bills,Reliance,4476.53,Debit Card
6865,2026-01-10 03:00:35.643564,Education,Zomato,3418.06,Debit Card
6866,2026-01-10 04:19:04.914491,Shopping,Zomato,1970.11,Cash
6867,2026-01-10 05:37:34.185418,Shopping,Myntra,3319.1,UPI
6868,2026-01-10 06:56:03.456345,Transport,Local Store,4686.02,UPI
6869,2026-01-10 08:14:32.727272,Transport,Amazon,979.64,Debit Card
6870,2026-01-10 09:33:01.998199,Bills,Myntra,2682.45,UPI
6871,2026-01-10 10:51:31.269126,Shopping,Zomato,1211.95,Debit Card
6872,2026-01-10 12:10:00.540054,Food,Uber,4278.41,Credit Card
6873,2026-01-10 13:28:29.810981,Entertainment,Reliance,3619.2,Debit Card
6874,2026-01-10 14:46:59.081908,Travel,Zomato,4015.33,Cash
6875,2026-01-10 16:05:28.352835,Shopping,Amazon,4717.91,Debit Card
6876,2026-01-10 17:23:57.623762,Education,Zomato,1199.93,Debit Card
6877,2026-01-10 18:42:26.894689,Travel,Netflix,291.16,UPI
6878,2026-01-10 20:00:56.165616,Shopping,Netflix,1489.97,Debit Card
6879,2026-01-10 21:19:25.436543,Healthcare,Flipkart,2025.74,Cash
6880,2026-01-10 22:37:54.707470,Transport,Amazon,3144.54,Debit Card
6881,2026-01-10 23:56:23.978397,Education,Airtel,3998.64,Debit Card
6882,2026-01-11 01:14:53.249324,Entertainment,Local Store,1781.53,Credit Card
6883,2026-01-11 02:33:22.520252,Bills,Airtel,2393.81,Debit Card
6884,2026-01-11 03:51:51.791179,Education,Local Store,3938.06,Debit Card
6885,2026-01-11 05:10:21.062106,Shopping,Local Store,1165.38,Debit Card
6886,2026-01-11 06:28:50.333033,Bills,Local Store,1124.8,Cash
6887,2026-01-11 07:47:19.603960,Shopping,Swiggy,2966.7,UPI
6888,2026-01-11 09:05:48.874887,Bills,Local Store,2208.48,Credit Card
6889,2026-01-11 10:24:18.145814,Entertainment,Zomato,4747.04,Credit Card
6890,2026-01-11 11:42:47.416741,Transport,Uber,1817.3,Debit Card
6891,2026-01-11 13:01:16.687668,Entertainment,Amazon,3809.8,Debit Card
6892,2026-01-11 14:19:45.958595,Healthcare,Uber,2936.31,UPI
6893,2026-01-11 15:38:15.229522,Food,Flipkart,320.15,Debit Card
6894,2026-01-11 16:56:44.500450,Transport,Zomato,467.71,Cash
6895,2026-01-11 18:15:13.771377,Entertainment,Local Store,1055.62,UPI
6896,2026-01-11 19:33:43.042304,Healthcare,Swiggy,758.61,Debit Card
6897,2026-01-11 20:52:12.313231,Food,Myntra,1680.39,UPI
6898,2026-01-11 22:10:41.584158,Healthcare,Airtel,2916.0,Credit Card
6899,2026-01-11 23:29:10.855085,Shopping,Netflix,3031.69,Debit Card
6900,2026-01-12 00:47:40.126012,Travel,Amazon,2959.45,UPI
6901,2026-01-12 02:06:09.396939,Shopping,Uber,632.16,UPI
6902,2026-01-12 03:24:38.667866,Bills,Zomato,3021.12,Debit Card
6903,2026-01-12 04:43:07.938793,Transport,Myntra,2078.25,UPI
6904,2026-01-12 06:01:37.209720,Shopping,Reliance,4520.11,Debit Card
6905,2026-01-12 07:20:06.480648,Education,Reliance,4564.32,Debit Card
6906,2026-01-12 08:38:35.751575,Healthcare,Netflix,3852.46,Cash
6907,2026-01-12 09:57:05.022502,Transport,Reliance,3530.38,Cash
6908,2026-01-12 11:15:34.293429,Travel,Airtel,619.02,UPI
6909,2026-01-12 12:34:03.564356,Education,Flipkart,469.24,UPI
6910,2026-01-12 13:52:32.835283,Shopping,Reliance,4212.13,UPI
6911,2026-01-12 15:11:02.106210,Bills,Netflix,2163.73,Credit Card
6912,2026-01-12 16:29:31.377137,Entertainment,Flipkart,2284.24,Debit Card
6913,2026-01-12 17:48:00.648064,Bills,Airtel,4246.58,Debit Card
6914,2026-01-12 19:06:29.918991,Education,Netflix,3126.08,Credit Card
6915,2026-01-12 20:24:59.189918,Food,Reliance,938.07,Credit Card
6916,2026-01-12 21:43:28.460846,Shopping,Local Store,1094.52,UPI
6917,2026-01-12 23:01:57.731773,Education,Amazon,81.57,Debit Card
6918,2026-01-13 00:20:27.002700,Food,Reliance,3567.82,Cash
6919,2026-01-13 01:38:56.273627,Food,Netflix,2453.78,Cash
6920,2026-01-13 02:57:25.544554,Healthcare,Amazon,4752.32,Credit Card
6921,2026-01-13 04:15:54.815481,Transport,Amazon,3584.36,Credit Card
6922,2026-01-13 05:34:24.086408,Healthcare,Flipkart,560.61,Debit Card
6923,2026-01-13 06:52:53.357335,Shopping,Airtel,849.63,Debit Card
6924,2026-01-13 08:11:22.628262,Food,Reliance,2533.54,Cash
6925,2026-01-13 09:29:51.899189,Travel,Myntra,4628.13,Debit Card
6926,2026-01-13 10:48:21.170117,Education,Local Store,1273.89,UPI
6927,2026-01-13 12:06:50.441044,Entertainment,Airtel,4136.62,Credit Card
6928,2026-01-13 13:25:19.711971,Food,Myntra,1595.75,Cash
6929,2026-01-13 14:43:48.982898,Education,Myntra,1385.99,Cash
6930,2026-01-13 16:02:18.253825,Travel,Uber,4511.89,UPI
6931,2026-01-13 17:20:47.524752,Entertainment,Flipkart,283.85,Debit Card
6932,2026-01-13 18:39:16.795679,Healthcare,Swiggy,3320.67,Debit Card
6933,2026-01-13 19:57:46.066606,Healthcare,Zomato,263.68,Credit Card
6934,2026-01-13 21:16:15.337533,Transport,Zomato,4013.78,UPI
6935,2026-01-13 22:34:44.608460,Education,Flipkart,4155.55,Cash
6936,2026-01-13 23:53:13.879387,Food,Flipkart,4472.12,UPI
6937,2026-01-14 01:11:43.150315,Bills,Myntra,971.15,Cash
6938,2026-01-14 02:30:12.421242,Healthcare,Flipkart,666.27,UPI
6939,2026-01-14 03:48:41.692169,Healthcare,Myntra,2542.5,Debit Card
6940,2026-01-14 05:07:10.963096,Transport,Airtel,1394.58,Cash
6941,2026-01-14 06:25:40.234023,Entertainment,Swiggy,3051.17,Credit Card
6942,2026-01-14 07:44:09.504950,Transport,Uber,2593.05,UPI
6943,2026-01-14 09:02:38.775877,Travel,Myntra,767.02,Debit Card
6944,2026-01-14 10:21:08.046804,Food,Flipkart,3709.39,Cash
6945,2026-01-14 11:39:37.317731,Education,Amazon,4028.73,Debit Card
6946,2026-01-14 12:58:06.588658,Shopping,Reliance,4817.06,UPI
6947,2026-01-14 14:16:35.859585,Shopping,Zomato,2007.92,Credit Card
6948,2026-01-14 15:35:05.130513,Education,Swiggy,1721.79,Credit Card
6949,2026-01-14 16:53:34.401440,Entertainment,Reliance,1001.7,UPI
6950,2026-01-14 18:12:03.672367,Travel,Netflix,945.28,Cash
6951,2026-01-14 19:30:32.943294,Healthcare,Flipkart,1639.21,Debit Card
6952,2026-01-14 20:49:02.214221,Entertainment,Myntra,4909.99,Debit Card
6953,2026-01-14 22:07:31.485148,Healthcare,Uber,506.68,Cash
6954,2026-01-14 23:26:00.756075,Healthcare,Amazon,1333.86,UPI
6955,2026-01-15 00:44:30.027002,Shopping,Uber,475.59,Debit Card
6956,2026-01-15 02:02:59.297929,Entertainment,Reliance,1404.48,Debit Card
6957,2026-01-15 03:21:28.568856,Travel,Amazon,507.39,UPI
6958,2026-01-15 04:39:57.839783,Transport,Local Store,2566.13,Debit Card
6959,2026-01-15 05:58:27.110711,Healthcare,Zomato,2219.86,Cash
6960,2026-01-15 07:16:56.381638,Bills,Flipkart,911.55,Cash
6961,2026-01-15 08:35:25.652565,Bills,Netflix,915.3,UPI
6962,2026-01-15 09:53:54.923492,Transport,Reliance,3149.24,UPI
6963,2026-01-15 11:12:24.194419,Bills,Myntra,1966.25,Cash
6964,2026-01-15 12:30:53.465346,Food,Zomato,328.16,UPI
6965,2026-01-15 13:49:22.736273,Healthcare,Netflix,4604.95,Cash
6966,2026-01-15 15:07:52.007200,Transport,Uber,2054.51,Cash
6967,2026-01-15 16:26:21.278127,Entertainment,Zomato,2975.69,Cash
6968,2026-01-15 17:44:50.549054,Healthcare,Netflix,4432.79,Debit Card
6969,2026-01-15 19:03:19.819982,Transport,Netflix,2040.69,UPI
6970,2026-01-15 20:21:49.090909,Shopping,Uber,4112.27,Debit Card
6971,2026-01-15 21:40:18.361836,Travel,Netflix,4578.02,UPI
6972,2026-01-15 22:58:47.632763,Entertainment,Swiggy,911.63,Credit Card
6973,2026-01-16 00:17:16.903690,Travel,Amazon,4467.84,Debit Card
6974,2026-01-16 01:35:46.174617,Shopping,Swiggy,643.17,Debit Card
6975,2026-01-16 02:54:15.445544,Healthcare,Uber,1411.88,Debit Card
6976,2026-01-16 04:12:44.716471,Entertainment,Airtel,4050.65,Credit Card
6977,2026-01-16 05:31:13.987398,Travel,Zomato,4508.39,UPI
6978,2026-01-16 06:49:43.258325,Bills,Local Store,3436.49,Credit Card
6979,2026-01-16 08:08:12.529252,Travel,Myntra,568.89,UPI
6980,2026-01-16 09:26:41.800180,Transport,Myntra,2638.81,UPI
6981,2026-01-16 10:45:11.071107,Healthcare,Reliance,2884.54,UPI
6982,2026-01-16 12:03:40.342034,Food,Reliance,1445.21,UPI
6983,2026-01-16 13:22:09.612961,Travel,Uber,4956.91,UPI
6984,2026-01-16 14:40:38.883888,Entertainment,Reliance,24040.75,Credit Card
6985,2026-01-16 15:59:08.154815,Entertainment,Myntra,1090.76,Debit Card
6986,2026-01-16 17:17:37.425742,Education,Swiggy,595.17,Credit Card
6987,2026-01-16 18:36:06.696669,Travel,Local Store,1923.58,Debit Card
6988,2026-01-16 19:54:35.967596,Healthcare,Myntra,3478.46,Debit Card
6989,2026-01-16 21:13:05.238523,Healthcare,Swiggy,1195.51,Cash
6990,2026-01-16 22:31:34.509450,Shopping,Airtel,3859.24,Debit Card
6991,2026-01-16 23:50:03.780378,Education,Uber,720.24,Credit Card
6992,2026-01-17 01:08:33.051305,Travel,Flipkart,2230.32,Cash
6993,2026-01-17 02:27:02.322232,Bills,Airtel,3526.75,UPI
6994,2026-01-17 03:45:31.593159,Shopping,Airtel,719.78,UPI
6995,2026-01-17 05:04:00.864086,Education,Myntra,3009.32,Debit Card
6996,2026-01-17 06:22:30.135013,Travel,Uber,4004.81,UPI
6997,2026-01-17 07:40:59.405940,Travel,Amazon,2997.97,UPI
6998,2026-01-17 08:59:28.676867,Shopping,Netflix,2581.75,Cash
6999,2026-01-17 10:17:57.947794,Bills,Airtel,4199.58,Credit Card
7000,2026-01-17 11:36:27.218721,Education,Reliance,4927.83,UPI
7001,2026-01-17 12:54:56.489648,Travel,Swiggy,947.5,UPI
7002,2026-01-17 14:13:25.760576,Travel,Amazon,3472.16,Credit Card
7003,2026-01-17 15:31:55.031503,Education,Uber,449.25,Cash
7004,2026-01-17 16:50:24.302430,Food,Flipkart,262.06,Cash
7005,2026-01-17 18:08:53.573357,Shopping,Local Store,1440.05,UPI
7006,2026-01-17 19:27:22.844284,Shopping,Amazon,4856.05,Debit Card
7007,2026-01-17 20:45:52.115211,Entertainment,Flipkart,2783.37,Credit Card
7008,2026-01-17 22:04:21.386138,Bills,Myntra,1377.94,Cash
7009,2026-01-17 23:22:50.657065,Transport,Zomato,706.3,UPI
7010,2026-01-18 00:41:19.927992,Food,Netflix,4604.91,Cash
7011,2026-01-18 01:59:49.198919,Education,Myntra,1843.71,UPI
7012,2026-01-18 03:18:18.469846,Education,Uber,1568.15,Credit Card
7013,2026-01-18 04:36:47.740774,Education,Zomato,4296.92,Debit Card
7014,2026-01-18 05:55:17.011701,Food,Flipkart,3041.79,Credit Card
7015,2026-01-18 07:13:46.282628,Travel,Zomato,884.75,Cash
7016,2026-01-18 08:32:15.553555,Education,Local Store,2136.48,Cash
7017,2026-01-18 09:50:44.824482,Education,Reliance,4644.74,Cash
7018,2026-01-18 11:09:14.095409,Bills,Reliance,4510.96,Debit Card
7019,2026-01-18 12:27:43.366336,Healthcare,Myntra,397.04,Credit Card
7020,2026-01-18 13:46:12.637263,Healthcare,Myntra,1379.64,UPI
7021,2026-01-18 15:04:41.908190,Entertainment,Uber,814.97,Credit Card
7022,2026-01-18 16:23:11.179117,Entertainment,Uber,2692.37,Credit Card
7023,2026-01-18 17:41:40.450045,Education,Swiggy,3762.42,Debit Card
7024,2026-01-18 19:00:09.720972,Bills,Local Store,1512.94,Credit Card
7025,2026-01-18 20:18:38.991899,Education,Uber,3802.08,Cash
7026,2026-01-18 21:37:08.262826,Entertainment,Airtel,3360.14,Debit Card
7027,2026-01-18 22:55:37.533753,Food,Local Store,3654.7,Cash
7028,2026-01-19 00:14:06.804680,Food,Swiggy,4743.81,Cash
7029,2026-01-19 01:32:36.075607,Travel,Reliance,2151.83,Credit Card
7030,2026-01-19 02:51:05.346534,Transport,Amazon,1745.71,UPI
7031,2026-01-19 04:09:34.617461,Healthcare,Swiggy,3435.04,Credit Card
7032,2026-01-19 05:28:03.888388,Bills,Swiggy,4047.41,UPI
7033,2026-01-19 06:46:33.159315,Shopping,Myntra,997.65,Debit Card
7034,2026-01-19 08:05:02.430243,Healthcare,Netflix,4241.66,Debit Card
7035,2026-01-19 09:23:31.701170,Shopping,Zomato,336.37,Debit Card
7036,2026-01-19 10:42:00.972097,Transport,Reliance,81.65,Cash
7037,2026-01-19 12:00:30.243024,Transport,Flipkart,834.21,Cash
7038,2026-01-19 13:18:59.513951,Education,Flipkart,4894.4,Debit Card
7039,2026-01-19 14:37:28.784878,Entertainment,Uber,2641.65,Credit Card
7040,2026-01-19 15:55:58.055805,Transport,Reliance,280.51,Cash
7041,2026-01-19 17:14:27.326732,Transport,Airtel,4986.02,Cash
7042,2026-01-19 18:32:56.597659,Shopping,Uber,3737.31,Credit Card
7043,2026-01-19 19:51:25.868586,Entertainment,Uber,4198.13,Cash
7044,2026-01-19 21:09:55.139513,Transport,Swiggy,1104.06,Credit Card
7045,2026-01-19 22:28:24.410441,Healthcare,Reliance,571.97,UPI
7046,2026-01-19 23:46:53.681368,Travel,Zomato,2599.67,Credit Card
7047,2026-01-20 01:05:22.952295,Transport,Uber,3872.27,UPI
7048,2026-01-20 02:23:52.223222,Travel,Netflix,3207.01,Cash
7049,2026-01-20 03:42:21.494149,Entertainment,Local Store,3173.74,UPI
7050,2026-01-20 05:00:50.765076,Education,Airtel,3797.63,Credit Card
7051,2026-01-20 06:19:20.036003,Bills,Airtel,1173.75,UPI
7052,2026-01-20 07:37:49.306930,Entertainment,Uber,3324.52,Debit Card
7053,2026-01-20 08:56:18.577857,Shopping,Netflix,1990.95,Credit Card
7054,2026-01-20 10:14:47.848784,Bills,Local Store,395.28,Credit Card
7055,2026-01-20 11:33:17.119711,Healthcare,Amazon,1050.61,UPI
7056,2026-01-20 12:51:46.390639,Food,Myntra,3980.32,Cash
7057,2026-01-20 14:10:15.661566,Travel,Myntra,4484.86,Cash
7058,2026-01-20 15:28:44.932493,Travel,Myntra,1449.97,Credit Card
7059,2026-01-20 16:47:14.203420,Travel,Swiggy,992.29,Credit Card
7060,2026-01-20 18:05:43.474347,Entertainment,Airtel,182.29,UPI
7061,2026-01-20 19:24:12.745274,Travel,Flipkart,4741.1,Credit Card
7062,2026-01-20 20:42:42.016201,Education,Flipkart,3435.08,Credit Card
7063,2026-01-20 22:01:11.287128,Travel,Swiggy,4787.3,Cash
7064,2026-01-20 23:19:40.558055,Shopping,Uber,4326.05,Credit Card
7065,2026-01-21 00:38:09.828982,Healthcare,Reliance,1735.31,UPI
7066,2026-01-21 01:56:39.099909,Travel,Reliance,607.78,Credit Card
7067,2026-01-21 03:15:08.370837,Travel,Myntra,2520.33,Credit Card
7068,2026-01-21 04:33:37.641764,Bills,Reliance,182.73,Credit Card
7069,2026-01-21 05:52:06.912691,Healthcare,Uber,792.09,Debit Card
7070,2026-01-21 07:10:36.183618,Travel,Amazon,1205.49,Credit Card
7071,2026-01-21 08:29:05.454545,Entertainment,Swiggy,3344.95,UPI
7072,2026-01-21 09:47:34.725472,Transport,Amazon,2573.89,Cash
7073,2026-01-21 11:06:03.996399,Education,Airtel,1546.98,Cash
7074,2026-01-21 12:24:33.267326,Entertainment,Reliance,2845.6,Debit Card
7075,2026-01-21 13:43:02.538253,Food,Local Store,669.75,UPI
7076,2026-01-21 15:01:31.809180,Entertainment,Myntra,3790.76,Cash
7077,2026-01-21 16:20:01.080108,Bills,Swiggy,3574.57,Cash
7078,2026-01-21 17:38:30.351035,Bills,Myntra,1121.69,Credit Card
7079,2026-01-21 18:56:59.621962,Travel,Reliance,3051.64,Credit Card
7080,2026-01-21 20:15:28.892889,Entertainment,Zomato,2541.35,Credit Card
7081,2026-01-21 21:33:58.163816,Bills,Reliance,351.04,Debit Card
7082,2026-01-21 22:52:27.434743,Transport,Swiggy,1426.86,Credit Card
7083,2026-01-22 00:10:56.705670,Healthcare,Flipkart,4997.44,UPI
7084,2026-01-22 01:29:25.976597,Entertainment,Swiggy,542.7,Debit Card
7085,2026-01-22 02:47:55.247524,Education,Netflix,2556.74,Cash
7086,2026-01-22 04:06:24.518451,Transport,Local Store,4254.2,Cash
7087,2026-01-22 05:24:53.789378,Travel,Reliance,1538.23,UPI
7088,2026-01-22 06:43:23.060306,Healthcare,Netflix,1340.51,UPI
7089,2026-01-22 08:01:52.331233,Education,Flipkart,4459.43,Cash
7090,2026-01-22 09:20:21.602160,Travel,Uber,1558.91,UPI
7091,2026-01-22 10:38:50.873087,Education,Uber,3274.89,UPI
7092,2026-01-22 11:57:20.144014,Travel,Local Store,3714.55,UPI
7093,2026-01-22 13:15:49.414941,Education,Airtel,3953.66,Credit Card
7094,2026-01-22 14:34:18.685868,Healthcare,Local Store,4974.06,Cash
7095,2026-01-22 15:52:47.956795,Transport,Local Store,4025.8,UPI
7096,2026-01-22 17:11:17.227722,Education,Local Store,3302.21,UPI
7097,2026-01-22 18:29:46.498649,Education,Local Store,4482.54,Credit Card
7098,2026-01-22 19:48:15.769576,Shopping,Local Store,4533.44,Cash
7099,2026-01-22 21:06:45.040504,Entertainment,Amazon,4867.17,Debit Card
7100,2026-01-22 22:25:14.311431,Healthcare,Flipkart,3893.5,Cash
7101,2026-01-22 23:43:43.582358,Travel,Swiggy,1014.89,Cash
7102,2026-01-23 01:02:12.853285,Healthcare,Reliance,3563.54,Cash
7103,2026-01-23 02:20:42.124212,Bills,Netflix,421.89,Credit Card
7104,2026-01-23 03:39:11.395139,Travel,Local Store,1623.92,Cash
7105,2026-01-23 04:57:40.666066,Healthcare,Airtel,623.25,Debit Card
7106,2026-01-23 06:16:09.936993,Transport,Myntra,4752.22,UPI
7107,2026-01-23 07:34:39.207920,Travel,Reliance,1726.83,Cash
7108,2026-01-23 08:53:08.478847,Travel,Myntra,3580.42,Credit Card
7109,2026-01-23 10:11:37.749774,Healthcare,Netflix,2878.03,Cash
7110,2026-01-23 11:30:07.020702,Travel,Netflix,582.18,Cash
7111,2026-01-23 12:48:36.291629,Shopping,Reliance,2828.66,Debit Card
7112,2026-01-23 14:07:05.562556,Entertainment,Airtel,3322.07,Debit Card
7113,2026-01-23 15:25:34.833483,Travel,Amazon,4413.51,Credit Card
7114,2026-01-23 16:44:04.104410,Entertainment,Uber,396.92,Credit Card
7115,2026-01-23 18:02:33.375337,Healthcare,Netflix,1513.39,Credit Card
7116,2026-01-23 19:21:02.646264,Education,Airtel,3477.09,Credit Card
7117,2026-01-23 20:39:31.917191,Food,Netflix,219.94,Credit Card
7118,2026-01-23 21:58:01.188118,Food,Zomato,1057.59,UPI
7119,2026-01-23 23:16:30.459045,Education,Uber,1132.42,UPI
7120,2026-01-24 00:34:59.729973,Education,Netflix,3363.17,Credit Card
7121,2026-01-24 01:53:29.000900,Education,Airtel,1465.51,Credit Card
7122,2026-01-24 03:11:58.271827,Transport,Netflix,3018.0,UPI
7123,2026-01-24 04:30:27.542754,Food,Myntra,4828.47,Debit Card
7124,2026-01-24 05:48:56.813681,Education,Reliance,3976.55,UPI
7125,2026-01-24 07:07:26.084608,Transport,Reliance,1697.87,Credit Card
7126,2026-01-24 08:25:55.355535,Bills,Netflix,2388.38,Debit Card
7127,2026-01-24 09:44:24.626462,Travel,Airtel,1043.34,Credit Card
7128,2026-01-24 11:02:53.897389,Transport,Myntra,127.81,Cash
7129,2026-01-24 12:21:23.168316,Food,Amazon,1484.09,Debit Card
7130,2026-01-24 13:39:52.439243,Healthcare,Amazon,1878.57,Credit Card
7131,2026-01-24 14:58:21.710171,Bills,Myntra,2843.62,UPI
7132,2026-01-24 16:16:50.981098,Food,Swiggy,4723.13,Credit Card
7133,2026-01-24 17:35:20.252025,Travel,Airtel,4741.87,UPI
7134,2026-01-24 18:53:49.522952,Transport,Amazon,396.99,Debit Card
7135,2026-01-24 20:12:18.793879,Shopping,Swiggy,3092.5,UPI
7136,2026-01-24 21:30:48.064806,Entertainment,Airtel,259.65,Debit Card
7137,2026-01-24 22:49:17.335733,Travel,Myntra,3258.0,Credit Card
7138,2026-01-25 00:07:46.606660,Food,Local Store,632.63,UPI
7139,2026-01-25 01:26:15.877587,Education,Swiggy,4734.69,Debit Card
7140,2026-01-25 02:44:45.148514,Transport,Swiggy,4328.48,Debit Card
7141,2026-01-25 04:03:14.419441,Education,Netflix,160.53,Debit Card
7142,2026-01-25 05:21:43.690369,Education,Flipkart,3921.55,Cash
7143,2026-01-25 06:40:12.961296,Education,Flipkart,3197.69,Debit Card
7144,2026-01-25 07:58:42.232223,Education,Airtel,2502.08,Credit Card
7145,2026-01-25 09:17:11.503150,Education,Netflix,3033.04,Credit Card
7146,2026-01-25 10:35:40.774077,Bills,Reliance,3407.34,Credit Card
7147,2026-01-25 11:54:10.045004,Food,Uber,4428.06,Debit Card
7148,2026-01-25 13:12:39.315931,Travel,Local Store,3848.42,Credit Card
7149,2026-01-25 14:31:08.586858,Food,Uber,2898.12,Debit Card
7150,2026-01-25 15:49:37.857785,Travel,Swiggy,4131.85,Debit Card
7151,2026-01-25 17:08:07.128712,Entertainment,Zomato,4935.27,Debit Card
7152,2026-01-25 18:26:36.399639,Transport,Amazon,1535.9,Cash
7153,2026-01-25 19:45:05.670567,Shopping,Amazon,636.18,UPI
7154,2026-01-25 21:03:34.941494,Bills,Netflix,3670.67,Credit Card
7155,2026-01-25 22:22:04.212421,Transport,Flipkart,4894.05,Cash
7156,2026-01-25 23:40:33.483348,Bills,Zomato,627.69,Credit Card
7157,2026-01-26 00:59:02.754275,Travel,Netflix,2186.95,Cash
7158,2026-01-26 02:17:32.025202,Food,Swiggy,358.22,UPI
7159,2026-01-26 03:36:01.296129,Education,Zomato,3893.83,UPI
7160,2026-01-26 04:54:30.567056,Entertainment,Amazon,4746.11,UPI
7161,2026-01-26 06:12:59.837983,Entertainment,Airtel,2520.02,UPI
7162,2026-01-26 07:31:29.108910,Healthcare,Swiggy,2077.13,Debit Card
7163,2026-01-26 08:49:58.379837,Shopping,Netflix,4543.21,Credit Card
7164,2026-01-26 10:08:27.650765,Entertainment,Reliance,710.27,Credit Card
7165,2026-01-26 11:26:56.921692,Education,Myntra,4463.34,Credit Card
7166,2026-01-26 12:45:26.192619,Food,Swiggy,1991.02,Debit Card
7167,2026-01-26 14:03:55.463546,Shopping,Swiggy,2819.06,Credit Card
7168,2026-01-26 15:22:24.734473,Travel,Reliance,2665.05,UPI
7169,2026-01-26 16:40:54.005400,Transport,Local Store,3099.1,Credit Card
7170,2026-01-26 17:59:23.276327,Travel,Airtel,4713.51,Credit Card
7171,2026-01-26 19:17:52.547254,Education,Reliance,4758.08,Cash
7172,2026-01-26 20:36:21.818181,Education,Uber,4164.18,Debit Card
7173,2026-01-26 21:54:51.089108,Entertainment,Uber,998.14,UPI
7174,2026-01-26 23:13:20.360036,Shopping,Swiggy,1700.91,UPI
7175,2026-01-27 00:31:49.630963,Food,Local Store,2464.73,UPI
7176,2026-01-27 01:50:18.901890,Travel,Amazon,4532.03,Credit Card
7177,2026-01-27 03:08:48.172817,Healthcare,Local Store,2628.28,UPI
7178,2026-01-27 04:27:17.443744,Travel,Uber,4888.31,UPI
7179,2026-01-27 05:45:46.714671,Bills,Local Store,4920.01,Cash
7180,2026-01-27 07:04:15.985598,Bills,Local Store,3012.99,Credit Card
7181,2026-01-27 08:22:45.256525,Food,Airtel,4393.6,Cash
7182,2026-01-27 09:41:14.527452,Food,Swiggy,4996.15,Debit Card
7183,2026-01-27 10:59:43.798379,Bills,Airtel,4256.1,Credit Card
7184,2026-01-27 12:18:13.069306,Healthcare,Amazon,3301.71,Cash
7185,2026-01-27 13:36:42.340234,Shopping,Amazon,4233.41,Debit Card
7186,2026-01-27 14:55:11.611161,Bills,Uber,459.14,Cash
7187,2026-01-27 16:13:40.882088,Food,Netflix,3192.37,Debit Card
7188,2026-01-27 17:32:10.153015,Entertainment,Reliance,1121.78,UPI
7189,2026-01-27 18:50:39.423942,Transport,Flipkart,624.52,UPI
7190,2026-01-27 20:09:08.694869,Healthcare,Swiggy,4469.71,Credit Card
7191,2026-01-27 21:27:37.965796,Education,Netflix,3216.24,Cash
7192,2026-01-27 22:46:07.236723,Healthcare,Swiggy,1255.56,Cash
7193,2026-01-28 00:04:36.507650,Entertainment,Reliance,1964.57,Debit Card
7194,2026-01-28 01:23:05.778577,Entertainment,Reliance,4867.72,Credit Card
7195,2026-01-28 02:41:35.049504,Education,Zomato,4317.8,UPI
7196,2026-01-28 04:00:04.320432,Travel,Airtel,127.13,Cash
7197,2026-01-28 05:18:33.591359,Food,Uber,4900.01,Debit Card
7198,2026-01-28 06:37:02.862286,Bills,Zomato,1874.22,UPI
7199,2026-01-28 07:55:32.133213,Travel,Amazon,3492.32,UPI
7200,2026-01-28 09:14:01.404140,Shopping,Flipkart,3577.75,UPI
7201,2026-01-28 10:32:30.675067,Healthcare,Uber,4562.84,Debit Card
7202,2026-01-28 11:50:59.945994,Education,Amazon,4431.05,Debit Card
7203,2026-01-28 13:09:29.216921,Healthcare,Local Store,1444.56,UPI
7204,2026-01-28 14:27:58.487848,Travel,Airtel,3235.5,Debit Card
7205,2026-01-28 15:46:27.758775,Entertainment,Airtel,1998.84,UPI
7206,2026-01-28 17:04:57.029702,Bills,Airtel,2651.44,UPI
7207,2026-01-28 18:23:26.300630,Healthcare,Zomato,2795.66,UPI
7208,2026-01-28 19:41:55.571557,Shopping,Myntra,2011.9,Debit Card
7209,2026-01-28 21:00:24.842484,Entertainment,Netflix,2346.28,Credit Card
7210,2026-01-28 22:18:54.113411,Shopping,Reliance,1081.29,Credit Card
7211,2026-01-28 23:37:23.384338,Bills,Flipkart,3057.85,Debit Card
7212,2026-01-29 00:55:52.655265,Healthcare,Reliance,3806.85,Cash
7213,2026-01-29 02:14:21.926192,Transport,Myntra,2177.22,Debit Card
7214,2026-01-29 03:32:51.197119,Travel,Local Store,4889.52,Cash
7215,2026-01-29 04:51:20.468046,Healthcare,Local Store,333.27,UPI
7216,2026-01-29 06:09:49.738973,Travel,Local Store,2966.35,Cash
7217,2026-01-29 07:28:19.009900,Bills,Uber,2938.82,UPI
7218,2026-01-29 08:46:48.280828,Healthcare,Amazon,229.67,Credit Card
7219,2026-01-29 10:05:17.551755,Travel,Amazon,1161.62,UPI
7220,2026-01-29 11:23:46.822682,Education,Local Store,4532.44,Cash
7221,2026-01-29 12:42:16.093609,Travel,Flipkart,2745.34,Credit Card
7222,2026-01-29 14:00:45.364536,Healthcare,Zomato,2210.11,Credit Card
7223,2026-01-29 15:19:14.635463,Food,Flipkart,2106.71,Debit Card
7224,2026-01-29 16:37:43.906390,Healthcare,Flipkart,4446.4,Cash
7225,2026-01-29 17:56:13.177317,Healthcare,Amazon,1866.8,Cash
7226,2026-01-29 19:14:42.448244,Travel,Airtel,4302.88,Debit Card
7227,2026-01-29 20:33:11.719171,Shopping,Flipkart,1580.5,Debit Card
7228,2026-01-29 21:51:40.990099,Transport,Flipkart,2680.94,Credit Card
7229,2026-01-29 23:10:10.261026,Shopping,Reliance,761.91,Debit Card
7230,2026-01-30 00:28:39.531953,Travel,Airtel,4133.9,Credit Card
7231,2026-01-30 01:47:08.802880,Shopping,Amazon,3693.08,Cash
7232,2026-01-30 03:05:38.073807,Entertainment,Zomato,2673.96,Debit Card
7233,2026-01-30 04:24:07.344734,Food,Netflix,178.21,Cash
7234,2026-01-30 05:42:36.615661,Shopping,Amazon,2432.22,Credit Card
7235,2026-01-30 07:01:05.886588,Education,Amazon,1164.72,UPI
7236,2026-01-30 08:19:35.157515,Bills,Flipkart,2096.2,UPI
7237,2026-01-30 09:38:04.428442,Education,Reliance,4289.31,Cash
7238,2026-01-30 10:56:33.699369,Bills,Myntra,3859.54,Credit Card
7239,2026-01-30 12:15:02.970297,Healthcare,Local Store,1247.67,Credit Card
7240,2026-01-30 13:33:32.241224,Entertainment,Swiggy,4925.52,UPI
7241,2026-01-30 14:52:01.512151,Food,Reliance,4520.89,Credit Card
7242,2026-01-30 16:10:30.783078,Education,Myntra,2666.93,Credit Card
7243,2026-01-30 17:29:00.054005,Food,Flipkart,2674.24,Cash
7244,2026-01-30 18:47:29.324932,Education,Flipkart,4511.27,UPI
7245,2026-01-30 20:05:58.595859,Healthcare,Zomato,3198.92,Credit Card
7246,2026-01-30 21:24:27.866786,Bills,Myntra,2706.61,Cash
7247,2026-01-30 22:42:57.137713,Transport,Uber,3758.29,Debit Card
7248,2026-01-31 00:01:26.408640,Entertainment,Local Store,1213.73,UPI
7249,2026-01-31 01:19:55.679567,Education,Swiggy,4397.97,Cash
7250,2026-01-31 02:38:24.950495,Education,Zomato,2680.51,Debit Card
7251,2026-01-31 03:56:54.221422,Healthcare,Reliance,3037.32,Credit Card
7252,2026-01-31 05:15:23.492349,Entertainment,Reliance,495.22,Credit Card
7253,2026-01-31 06:33:52.763276,Bills,Myntra,1582.07,Debit Card
7254,2026-01-31 07:52:22.034203,Bills,Local Store,2162.34,Cash
7255,2026-01-31 09:10:51.305130,Education,Local Store,2098.85,Credit Card
7256,2026-01-31 10:29:20.576057,Transport,Reliance,3902.51,Credit Card
7257,2026-01-31 11:47:49.846984,Transport,Uber,1447.5,Cash
7258,2026-01-31 13:06:19.117911,Food,Flipkart,951.44,Cash
7259,2026-01-31 14:24:48.388838,Entertainment,Local Store,2933.96,Debit Card
7260,2026-01-31 15:43:17.659765,Entertainment,Myntra,3094.32,Credit Card
7261,2026-01-31 17:01:46.930693,Bills,Reliance,651.84,Cash
7262,2026-01-31 18:20:16.201620,Food,Flipkart,62.22,UPI
7263,2026-01-31 19:38:45.472547,Healthcare,Airtel,4592.36,Debit Card
7264,2026-01-31 20:57:14.743474,Entertainment,Amazon,444.2,Debit Card
7265,2026-01-31 22:15:44.014401,Food,Flipkart,4494.44,Debit Card
7266,2026-01-31 23:34:13.285328,Food,Local Store,2026.11,Debit Card
7267,2026-02-01 00:52:42.556255,Education,Amazon,3282.63,UPI
7268,2026-02-01 02:11:11.827182,Bills,Local Store,968.79,Debit Card
7269,2026-02-01 03:29:41.098109,Food,Myntra,4128.39,Debit Card
7270,2026-02-01 04:48:10.369036,Travel,Netflix,941.96,Cash
7271,2026-02-01 06:06:39.639964,Transport,Flipkart,1963.22,Credit Card
7272,2026-02-01 07:25:08.910891,Travel,Amazon,1228.23,Debit Card
7273,2026-02-01 08:43:38.181818,Transport,Myntra,4195.65,Cash
7274,2026-02-01 10:02:07.452745,Shopping,Local Store,4298.76,Cash
7275,2026-02-01 11:20:36.723672,Bills,Flipkart,1891.54,Credit Card
7276,2026-02-01 12:39:05.994599,Education,Myntra,1571.52,Cash
7277,2026-02-01 13:57:35.265526,Healthcare,Local Store,3879.15,Cash
7278,2026-02-01 15:16:04.536453,Travel,Netflix,4398.63,Debit Card
7279,2026-02-01 16:34:33.807380,Travel,Netflix,3138.9,Debit Card
7280,2026-02-01 17:53:03.078307,Shopping,Swiggy,4640.65,Cash
7281,2026-02-01 19:11:32.349234,Transport,Zomato,1946.07,UPI
7282,2026-02-01 20:30:01.620162,Education,Myntra,801.84,Credit Card
7283,2026-02-01 21:48:30.891089,Shopping,Zomato,939.23,Cash
7284,2026-02-01 23:07:00.162016,Bills,Swiggy,3365.67,Cash
7285,2026-02-02 00:25:29.432943,Education,Uber,2067.26,UPI
7286,2026-02-02 01:43:58.703870,Bills,Flipkart,823.76,Credit Card
7287,2026-02-02 03:02:27.974797,Food,Local Store,1496.52,Cash
7288,2026-02-02 04:20:57.245724,Entertainment,Reliance,2676.5,Cash
7289,2026-02-02 05:39:26.516651,Food,Zomato,651.15,Debit Card
7290,2026-02-02 06:57:55.787578,Bills,Zomato,67.04,Cash
7291,2026-02-02 08:16:25.058505,Travel,Myntra,4590.63,UPI
7292,2026-02-02 09:34:54.329432,Education,Flipkart,1559.06,Cash
7293,2026-02-02 10:53:23.600360,Transport,Myntra,1146.42,Credit Card
7294,2026-02-02 12:11:52.871287,Healthcare,Netflix,3507.48,Credit Card
7295,2026-02-02 13:30:22.142214,Transport,Zomato,4274.34,UPI
7296,2026-02-02 14:48:51.413141,Education,Flipkart,3179.78,Cash
7297,2026-02-02 16:07:20.684068,Food,Airtel,1309.69,Cash
7298,2026-02-02 17:25:49.954995,Healthcare,Uber,4315.1,Cash
7299,2026-02-02 18:44:19.225922,Education,Local Store,2576.61,Cash
7300,2026-02-02 20:02:48.496849,Bills,Swiggy,1936.89,Cash
7301,2026-02-02 21:21:17.767776,Travel,Uber,3043.39,Credit Card
7302,2026-02-02 22:39:47.038703,Transport,Swiggy,3518.03,Debit Card
7303,2026-02-02 23:58:16.309630,Bills,Zomato,2989.46,Credit Card
7304,2026-02-03 01:16:45.580558,Healthcare,Uber,4605.21,Debit Card
7305,2026-02-03 02:35:14.851485,Healthcare,Uber,3158.69,Credit Card
7306,2026-02-03 03:53:44.122412,Transport,Local Store,4398.97,UPI
7307,2026-02-03 05:12:13.393339,Bills,Reliance,2955.44,Cash
7308,2026-02-03 06:30:42.664266,Shopping,Local Store,1681.91,Debit Card
7309,2026-02-03 07:49:11.935193,Bills,Myntra,2684.87,Credit Card
7310,2026-02-03 09:07:41.206120,Healthcare,Reliance,477.37,Debit Card
7311,2026-02-03 10:26:10.477047,Bills,Uber,1189.36,Cash
7312,2026-02-03 11:44:39.747974,Travel,Reliance,3842.85,UPI
7313,2026-02-03 13:03:09.018901,Education,Reliance,3324.3,Cash
7314,2026-02-03 14:21:38.289828,Food,Myntra,874.27,Credit Card
7315,2026-02-03 15:40:07.560756,Travel,Flipkart,2218.18,Credit Card
7316,2026-02-03 16:58:36.831683,Shopping,Zomato,752.86,Debit Card
7317,2026-02-03 18:17:06.102610,Entertainment,Flipkart,4286.3,UPI
7318,2026-02-03 19:35:35.373537,Education,Zomato,590.39,UPI
7319,2026-02-03 20:54:04.644464,Food,Flipkart,31871.92,Credit Card
7320,2026-02-03 22:12:33.915391,Entertainment,Flipkart,3054.65,Debit Card
7321,2026-02-03 23:31:03.186318,Transport,Swiggy,2390.24,Cash
7322,2026-02-04 00:49:32.457245,Entertainment,Reliance,1427.26,Cash
7323,2026-02-04 02:08:01.728172,Education,Netflix,2049.58,Credit Card
7324,2026-02-04 03:26:30.999099,Bills,Myntra,4041.64,Credit Card
7325,2026-02-04 04:45:00.270027,Education,Flipkart,3819.68,Cash
7326,2026-02-04 06:03:29.540954,Travel,Uber,3707.11,Cash
7327,2026-02-04 07:21:58.811881,Entertainment,Airtel,3761.63,Cash
7328,2026-02-04 08:40:28.082808,Healthcare,Swiggy,762.24,Debit Card
7329,2026-02-04 09:58:57.353735,Food,Airtel,540.53,UPI
7330,2026-02-04 11:17:26.624662,Food,Amazon,4314.42,Credit Card
7331,2026-02-04 12:35:55.895589,Entertainment,Local Store,4194.01,Credit Card
7332,2026-02-04 13:54:25.166516,Food,Amazon,3422.53,Debit Card
7333,2026-02-04 15:12:54.437443,Healthcare,Zomato,3049.23,Cash
7334,2026-02-04 16:31:23.708370,Education,Flipkart,1866.01,Debit Card
7335,2026-02-04 17:49:52.979297,Food,Myntra,1159.21,Cash
7336,2026-02-04 19:08:22.250225,Entertainment,Uber,3354.9,Credit Card
7337,2026-02-04 20:26:51.521152,Shopping,Netflix,4569.52,UPI
7338,2026-02-04 21:45:20.792079,Shopping,Netflix,2213.13,Debit Card
7339,2026-02-04 23:03:50.063006,Transport,Swiggy,1550.9,Cash
7340,2026-02-05 00:22:19.333933,Travel,Swiggy,1390.17,Credit Card
7341,2026-02-05 01:40:48.604860,Food,Swiggy,167.34,UPI
7342,2026-02-05 02:59:17.875787,Travel,Swiggy,2625.57,Debit Card
7343,2026-02-05 04:17:47.146714,Education,Reliance,4941.77,Debit Card
7344,2026-02-05 05:36:16.417641,Entertainment,Flipkart,4085.43,Credit Card
7345,2026-02-05 06:54:45.688568,Food,Airtel,4492.5,Debit Card
7346,2026-02-05 08:13:14.959495,Bills,Flipkart,3124.76,Credit Card
7347,2026-02-05 09:31:44.230423,Healthcare,Flipkart,35196.04,Debit Card
7348,2026-02-05 10:50:13.501350,Food,Amazon,4952.76,UPI
7349,2026-02-05 12:08:42.772277,Food,Myntra,2263.45,UPI
7350,2026-02-05 13:27:12.043204,Travel,Uber,4588.31,Debit Card
7351,2026-02-05 14:45:41.314131,Travel,Zomato,3821.13,Credit Card
7352,2026-02-05 16:04:10.585058,Shopping,Myntra,1688.34,Cash
7353,2026-02-05 17:22:39.855985,Healthcare,Swiggy,2540.16,Debit Card
7354,2026-02-05 18:41:09.126912,Entertainment,Airtel,1952.43,Cash
7355,2026-02-05 19:59:38.397839,Food,Amazon,724.31,Credit Card
7356,2026-02-05 21:18:07.668766,Shopping,Reliance,1815.99,Cash
7357,2026-02-05 22:36:36.939693,Travel,Airtel,4450.42,Debit Card
7358,2026-02-05 23:55:06.210621,Transport,Amazon,3775.55,UPI
7359,2026-02-06 01:13:35.481548,Healthcare,Local Store,1424.03,Credit Card
7360,2026-02-06 02:32:04.752475,Shopping,Reliance,1871.17,UPI
7361,2026-02-06 03:50:34.023402,Shopping,Swiggy,3101.35,UPI
7362,2026-02-06 05:09:03.294329,Education,Zomato,2109.89,UPI
7363,2026-02-06 06:27:32.565256,Shopping,Swiggy,2540.07,Debit Card
7364,2026-02-06 07:46:01.836183,Education,Airtel,3505.93,Credit Card
7365,2026-02-06 09:04:31.107110,Food,Swiggy,2362.89,Cash
7366,2026-02-06 10:23:00.378037,Food,Local Store,995.3,UPI
7367,2026-02-06 11:41:29.648964,Travel,Swiggy,2626.84,Cash
7368,2026-02-06 12:59:58.919891,Transport,Amazon,1812.79,Credit Card
7369,2026-02-06 14:18:28.190819,Bills,Netflix,1489.13,Credit Card
7370,2026-02-06 15:36:57.461746,Bills,Swiggy,1674.14,Cash
7371,2026-02-06 16:55:26.732673,Bills,Local Store,2223.06,Cash
7372,2026-02-06 18:13:56.003600,Travel,Flipkart,4438.74,UPI
7373,2026-02-06 19:32:25.274527,Education,Flipkart,3683.58,Cash
7374,2026-02-06 20:50:54.545454,Travel,Zomato,3356.02,Cash
7375,2026-02-06 22:09:23.816381,Healthcare,Zomato,2382.74,Debit Card
7376,2026-02-06 23:27:53.087308,Healthcare,Zomato,59.06,UPI
7377,2026-02-07 00:46:22.358235,Transport,Myntra,1735.73,UPI
7378,2026-02-07 02:04:51.629162,Healthcare,Uber,4075.3,Credit Card
7379,2026-02-07 03:23:20.900090,Bills,Zomato,1971.45,Cash
7380,2026-02-07 04:41:50.171017,Bills,Swiggy,2840.9,Debit Card
7381,2026-02-07 06:00:19.441944,Travel,Zomato,1063.46,Credit Card
7382,2026-02-07 07:18:48.712871,Shopping,Uber,4583.5,Debit Card
7383,2026-02-07 08:37:17.983798,Healthcare,Myntra,4619.69,UPI
7384,2026-02-07 09:55:47.254725,Travel,Uber,773.05,Cash
7385,2026-02-07 11:14:16.525652,Food,Airtel,3634.59,Debit Card
7386,2026-02-07 12:32:45.796579,Food,Zomato,422.43,Credit Card
7387,2026-02-07 13:51:15.067506,Shopping,Zomato,3012.81,UPI
7388,2026-02-07 15:09:44.338433,Shopping,Zomato,934.34,Debit Card
7389,2026-02-07 16:28:13.609360,Shopping,Airtel,771.24,Debit Card
7390,2026-02-07 17:46:42.880288,Travel,Uber,70.39,Credit Card
7391,2026-02-07 19:05:12.151215,Food,Amazon,4707.24,Debit Card
7392,2026-02-07 20:23:41.422142,Bills,Swiggy,4154.8,UPI
7393,2026-02-07 21:42:10.693069,Shopping,Local Store,433.5,Debit Card
7394,2026-02-07 23:00:39.963996,Transport,Swiggy,3016.91,Cash
7395,2026-02-08 00:19:09.234923,Education,Zomato,1202.85,Cash
7396,2026-02-08 01:37:38.505850,Travel,Myntra,1356.88,Credit Card
7397,2026-02-08 02:56:07.776777,Shopping,Airtel,4377.14,Cash
7398,2026-02-08 04:14:37.047704,Education,Amazon,615.91,Cash
7399,2026-02-08 05:33:06.318631,Entertainment,Reliance,3027.38,Debit Card
7400,2026-02-08 06:51:35.589558,Shopping,Amazon,2036.21,UPI
7401,2026-02-08 08:10:04.860486,Food,Local Store,994.46,UPI
7402,2026-02-08 09:28:34.131413,Healthcare,Swiggy,2286.99,Debit Card
7403,2026-02-08 10:47:03.402340,Shopping,Zomato,4705.42,Cash
7404,2026-02-08 12:05:32.673267,Travel,Netflix,3918.97,Debit Card
7405,2026-02-08 13:24:01.944194,Healthcare,Reliance,703.95,Cash
7406,2026-02-08 14:42:31.215121,Entertainment,Zomato,4254.68,Cash
7407,2026-02-08 16:01:00.486048,Transport,Airtel,4690.33,Cash
7408,2026-02-08 17:19:29.756975,Healthcare,Reliance,1420.97,UPI
7409,2026-02-08 18:37:59.027902,Education,Local Store,1700.43,Credit Card
7410,2026-02-08 19:56:28.298829,Bills,Netflix,675.23,UPI
7411,2026-02-08 21:14:57.569756,Shopping,Uber,1757.45,Cash
7412,2026-02-08 22:33:26.840684,Entertainment,Uber,3382.05,Debit Card
7413,2026-02-08 23:51:56.111611,Entertainment,Uber,1397.17,Debit Card
7414,2026-02-09 01:10:25.382538,Healthcare,Myntra,83.78,Cash
7415,2026-02-09 02:28:54.653465,Transport,Uber,1725.8,Credit Card
7416,2026-02-09 03:47:23.924392,Food,Flipkart,2293.21,UPI
7417,2026-02-09 05:05:53.195319,Shopping,Reliance,2853.46,UPI
7418,2026-02-09 06:24:22.466246,Entertainment,Netflix,3434.93,Cash
7419,2026-02-09 07:42:51.737173,Transport,Airtel,355.83,Cash
7420,2026-02-09 09:01:21.008100,Bills,Flipkart,2375.27,Credit Card
7421,2026-02-09 10:19:50.279027,Entertainment,Flipkart,1368.49,UPI
7422,2026-02-09 11:38:19.549954,Transport,Netflix,4742.45,Credit Card
7423,2026-02-09 12:56:48.820882,Travel,Airtel,1831.5,UPI
7424,2026-02-09 14:15:18.091809,Food,Reliance,545.61,Credit Card
7425,2026-02-09 15:33:47.362736,Food,Swiggy,255.38,Credit Card
7426,2026-02-09 16:52:16.633663,Entertainment,Zomato,1363.76,Credit Card
7427,2026-02-09 18:10:45.904590,Education,Swiggy,935.45,Debit Card
7428,2026-02-09 19:29:15.175517,Entertainment,Local Store,3266.51,Debit Card
7429,2026-02-09 20:47:44.446444,Healthcare,Netflix,4242.48,Debit Card
7430,2026-02-09 22:06:13.717371,Shopping,Swiggy,1597.17,UPI
7431,2026-02-09 23:24:42.988298,Transport,Swiggy,2910.07,Credit Card
7432,2026-02-10 00:43:12.259225,Entertainment,Swiggy,3665.01,Cash
7433,2026-02-10 02:01:41.530153,Shopping,Uber,2022.51,Cash
7434,2026-02-10 03:20:10.801080,Healthcare,Amazon,378.31,UPI
7435,2026-02-10 04:38:40.072007,Travel,Swiggy,1184.47,UPI
7436,2026-02-10 05:57:09.342934,Travel,Zomato,4421.18,Cash
7437,2026-02-10 07:15:38.613861,Shopping,Netflix,4131.18,Credit Card
7438,2026-02-10 08:34:07.884788,Entertainment,Local Store,478.34,Debit Card
7439,2026-02-10 09:52:37.155715,Food,Amazon,1158.55,UPI
7440,2026-02-10 11:11:06.426642,Transport,Myntra,3857.37,UPI
7441,2026-02-10 12:29:35.697569,Transport,Zomato,2455.2,UPI
7442,2026-02-10 13:48:04.968496,Travel,Zomato,3811.84,Cash
7443,2026-02-10 15:06:34.239423,Travel,Uber,1094.91,Debit Card
7444,2026-02-10 16:25:03.510351,Food,Uber,4765.86,Credit Card
7445,2026-02-10 17:43:32.781278,Education,Netflix,3928.86,Credit Card
7446,2026-02-10 19:02:02.052205,Entertainment,Zomato,1027.39,Cash
7447,2026-02-10 20:20:31.323132,Travel,Airtel,2814.32,UPI
7448,2026-02-10 21:39:00.594059,Travel,Airtel,609.83,Cash
7449,2026-02-10 22:57:29.864986,Travel,Netflix,1839.1,Cash
7450,2026-02-11 00:15:59.135913,Transport,Swiggy,3315.13,Credit Card
7451,2026-02-11 01:34:28.406840,Entertainment,Flipkart,1684.13,Debit Card
7452,2026-02-11 02:52:57.677767,Healthcare,Myntra,3300.95,Credit Card
7453,2026-02-11 04:11:26.948694,Entertainment,Local Store,1261.66,Cash
7454,2026-02-11 05:29:56.219621,Shopping,Uber,3619.97,Cash
7455,2026-02-11 06:48:25.490549,Food,Local Store,1829.97,UPI
7456,2026-02-11 08:06:54.761476,Education,Flipkart,3962.88,UPI
7457,2026-02-11 09:25:24.032403,Travel,Reliance,726.62,Cash
7458,2026-02-11 10:43:53.303330,Travel,Netflix,1841.79,Credit Card
7459,2026-02-11 12:02:22.574257,Entertainment,Swiggy,2346.47,UPI
7460,2026-02-11 13:20:51.845184,Education,Amazon,2148.04,Debit Card
7461,2026-02-11 14:39:21.116111,Travel,Swiggy,2193.82,Debit Card
7462,2026-02-11 15:57:50.387038,Education,Zomato,2251.78,Cash
7463,2026-02-11 17:16:19.657965,Healthcare,Swiggy,4944.58,Debit Card
7464,2026-02-11 18:34:48.928892,Bills,Zomato,1006.13,Debit Card
7465,2026-02-11 19:53:18.199819,Food,Local Store,3854.89,UPI
7466,2026-02-11 21:11:47.470747,Education,Reliance,2781.35,UPI
7467,2026-02-11 22:30:16.741674,Transport,Uber,2097.46,Credit Card
7468,2026-02-11 23:48:46.012601,Shopping,Reliance,3185.97,UPI
7469,2026-02-12 01:07:15.283528,Transport,Zomato,4274.98,Credit Card
7470,2026-02-12 02:25:44.554455,Travel,Amazon,2359.86,UPI
7471,2026-02-12 03:44:13.825382,Healthcare,Flipkart,4330.77,Cash
7472,2026-02-12 05:02:43.096309,Healthcare,Local Store,514.3,Credit Card
7473,2026-02-12 06:21:12.367236,Transport,Local Store,3282.77,Cash
7474,2026-02-12 07:39:41.638163,Food,Swiggy,1699.24,Credit Card
7475,2026-02-12 08:58:10.909090,Transport,Uber,1964.24,Debit Card
7476,2026-02-12 10:16:40.180018,Entertainment,Swiggy,2876.55,Credit Card
7477,2026-02-12 11:35:09.450945,Travel,Swiggy,2425.59,Credit Card
7478,2026-02-12 12:53:38.721872,Travel,Zomato,1939.81,Credit Card
7479,2026-02-12 14:12:07.992799,Transport,Flipkart,1576.2,Credit Card
7480,2026-02-12 15:30:37.263726,Shopping,Uber,3110.66,Credit Card
7481,2026-02-12 16:49:06.534653,Shopping,Swiggy,2552.62,Debit Card
7482,2026-02-12 18:07:35.805580,Travel,Local Store,1650.38,Credit Card
7483,2026-02-12 19:26:05.076507,Bills,Swiggy,1064.56,Cash
7484,2026-02-12 20:44:34.347434,Shopping,Myntra,3883.62,Credit Card
7485,2026-02-12 22:03:03.618361,Transport,Netflix,4008.59,Credit Card
7486,2026-02-12 23:21:32.889288,Shopping,Local Store,1108.25,Cash
7487,2026-02-13 00:40:02.160216,Travel,Myntra,1345.16,UPI
7488,2026-02-13 01:58:31.431143,Food,Netflix,1233.76,UPI
7489,2026-02-13 03:17:00.702070,Education,Amazon,4428.62,Debit Card
7490,2026-02-13 04:35:29.972997,Shopping,Myntra,3881.95,Credit Card
7491,2026-02-13 05:53:59.243924,Entertainment,Zomato,419.14,Credit Card
7492,2026-02-13 07:12:28.514851,Food,Amazon,4171.7,UPI
7493,2026-02-13 08:30:57.785778,Bills,Airtel,232.42,Credit Card
7494,2026-02-13 09:49:27.056705,Entertainment,Uber,1303.34,Debit Card
7495,2026-02-13 11:07:56.327632,Transport,Local Store,4599.01,Cash
7496,2026-02-13 12:26:25.598559,Education,Airtel,4328.44,Credit Card
7497,2026-02-13 13:44:54.869486,Transport,Local Store,3918.1,Cash
7498,2026-02-13 15:03:24.140414,Education,Uber,2314.86,Debit Card
7499,2026-02-13 16:21:53.411341,Education,Uber,1641.0,UPI
7500,2026-02-13 17:40:22.682268,Transport,Local Store,4413.65,Debit Card
7501,2026-02-13 18:58:51.953195,Entertainment,Uber,3302.52,Debit Card
7502,2026-02-13 20:17:21.224122,Entertainment,Myntra,1512.77,Debit Card
7503,2026-02-13 21:35:50.495049,Education,Reliance,2342.82,Debit Card
7504,2026-02-13 22:54:19.765976,Entertainment,Flipkart,4413.43,Cash
7505,2026-02-14 00:12:49.036903,Education,Local Store,4522.1,Debit Card
7506,2026-02-14 01:31:18.307830,Travel,Airtel,3313.55,Debit Card
7507,2026-02-14 02:49:47.578757,Education,Airtel,3676.15,Debit Card
7508,2026-02-14 04:08:16.849684,Travel,Uber,244.52,Debit Card
7509,2026-02-14 05:26:46.120612,Food,Local Store,3042.77,Cash
7510,2026-02-14 06:45:15.391539,Healthcare,Reliance,3460.51,Debit Card
7511,2026-02-14 08:03:44.662466,Food,Reliance,150.87,UPI
7512,2026-02-14 09:22:13.933393,Transport,Flipkart,4227.1,Debit Card
7513,2026-02-14 10:40:43.204320,Healthcare,Myntra,4645.01,Debit Card
7514,2026-02-14 11:59:12.475247,Shopping,Flipkart,1227.79,Credit Card
7515,2026-02-14 13:17:41.746174,Transport,Zomato,4236.69,Credit Card
7516,2026-02-14 14:36:11.017101,Bills,Airtel,3344.29,Credit Card
7517,2026-02-14 15:54:40.288028,Food,Reliance,2924.44,Debit Card
7518,2026-02-14 17:13:09.558955,Entertainment,Uber,4223.47,UPI
7519,2026-02-14 18:31:38.829882,Food,Reliance,1463.77,UPI
7520,2026-02-14 19:50:08.100810,Entertainment,Reliance,3964.74,Credit Card
7521,2026-02-14 21:08:37.371737,Healthcare,Netflix,1606.88,Credit Card
7522,2026-02-14 22:27:06.642664,Bills,Airtel,3947.91,Debit Card
7523,2026-02-14 23:45:35.913591,Healthcare,Zomato,26195.47,UPI
7524,2026-02-15 01:04:05.184518,Bills,Flipkart,628.88,UPI
7525,2026-02-15 02:22:34.455445,Food,Zomato,1938.52,Credit Card
7526,2026-02-15 03:41:03.726372,Entertainment,Netflix,1205.79,UPI
7527,2026-02-15 04:59:32.997299,Healthcare,Myntra,547.63,Credit Card
7528,2026-02-15 06:18:02.268226,Bills,Zomato,595.92,Credit Card
7529,2026-02-15 07:36:31.539153,Education,Reliance,3911.35,Cash
7530,2026-02-15 08:55:00.810081,Transport,Amazon,4412.92,Cash
7531,2026-02-15 10:13:30.081008,Transport,Local Store,4639.29,Debit Card
7532,2026-02-15 11:31:59.351935,Healthcare,Zomato,52656.1,Credit Card
7533,2026-02-15 12:50:28.622862,Entertainment,Local Store,4159.61,Debit Card
7534,2026-02-15 14:08:57.893789,Education,Netflix,390.74,Cash
7535,2026-02-15 15:27:27.164716,Healthcare,Zomato,3961.11,UPI
7536,2026-02-15 16:45:56.435643,Food,Zomato,3927.25,Cash
7537,2026-02-15 18:04:25.706570,Bills,Swiggy,699.89,Cash
7538,2026-02-15 19:22:54.977497,Travel,Reliance,3326.95,Cash
7539,2026-02-15 20:41:24.248424,Food,Uber,2289.91,UPI
7540,2026-02-15 21:59:53.519351,Transport,Local Store,4505.07,Cash
7541,2026-02-15 23:18:22.790279,Bills,Myntra,3492.27,Credit Card
7542,2026-02-16 00:36:52.061206,Healthcare,Swiggy,4757.39,Credit Card
7543,2026-02-16 01:55:21.332133,Food,Reliance,569.37,Cash
7544,2026-02-16 03:13:50.603060,Shopping,Netflix,251.01,Debit Card
7545,2026-02-16 04:32:19.873987,Travel,Local Store,4869.22,Debit Card
7546,2026-02-16 05:50:49.144914,Entertainment,Flipkart,446.95,UPI
7547,2026-02-16 07:09:18.415841,Education,Netflix,1961.67,UPI
7548,2026-02-16 08:27:47.686768,Education,Uber,3267.35,Credit Card
7549,2026-02-16 09:46:16.957695,Entertainment,Local Store,4406.28,Credit Card
7550,2026-02-16 11:04:46.228622,Shopping,Netflix,1310.16,Cash
7551,2026-02-16 12:23:15.499549,Transport,Swiggy,193.84,Debit Card
7552,2026-02-16 13:41:44.770477,Bills,Netflix,2630.37,Credit Card
7553,2026-02-16 15:00:14.041404,Entertainment,Uber,2382.0,Debit Card
7554,2026-02-16 16:18:43.312331,Shopping,Uber,1569.12,UPI
7555,2026-02-16 17:37:12.583258,Healthcare,Amazon,4375.8,UPI
7556,2026-02-16 18:55:41.854185,Travel,Zomato,3759.14,Cash
7557,2026-02-16 20:14:11.125112,Education,Flipkart,4297.68,Cash
7558,2026-02-16 21:32:40.396039,Travel,Flipkart,850.95,Credit Card
7559,2026-02-16 22:51:09.666966,Shopping,Swiggy,3477.44,Debit Card
7560,2026-02-17 00:09:38.937893,Travel,Uber,4876.75,Credit Card
7561,2026-02-17 01:28:08.208820,Transport,Amazon,3078.97,Credit Card
7562,2026-02-17 02:46:37.479747,Transport,Reliance,898.25,Debit Card
7563,2026-02-17 04:05:06.750675,Food,Amazon,4979.11,Credit Card
7564,2026-02-17 05:23:36.021602,Entertainment,Myntra,2665.2,Cash
7565,2026-02-17 06:42:05.292529,Food,Netflix,4208.29,Debit Card
7566,2026-02-17 08:00:34.563456,Travel,Zomato,789.34,Debit Card
7567,2026-02-17 09:19:03.834383,Education,Amazon,3347.18,Credit Card
7568,2026-02-17 10:37:33.105310,Shopping,Netflix,4567.46,Debit Card
7569,2026-02-17 11:56:02.376237,Bills,Zomato,2683.49,Cash
7570,2026-02-17 13:14:31.647164,Travel,Local Store,1478.87,Cash
7571,2026-02-17 14:33:00.918091,Bills,Myntra,680.74,UPI
7572,2026-02-17 15:51:30.189018,Transport,Myntra,1514.93,UPI
7573,2026-02-17 17:09:59.459946,Bills,Uber,1806.68,UPI
7574,2026-02-17 18:28:28.730873,Bills,Myntra,3564.28,UPI
7575,2026-02-17 19:46:58.001800,Education,Local Store,934.18,Credit Card
7576,2026-02-17 21:05:27.272727,Bills,Uber,575.22,UPI
7577,2026-02-17 22:23:56.543654,Travel,Airtel,1965.35,UPI
7578,2026-02-17 23:42:25.814581,Shopping,Reliance,2320.34,UPI
7579,2026-02-18 01:00:55.085508,Bills,Swiggy,3160.51,UPI
7580,2026-02-18 02:19:24.356435,Healthcare,Netflix,3552.28,Credit Card
7581,2026-02-18 03:37:53.627362,Bills,Reliance,4451.92,UPI
7582,2026-02-18 04:56:22.898289,Bills,Reliance,1480.32,Debit Card
7583,2026-02-18 06:14:52.169216,Food,Flipkart,2666.61,Cash
7584,2026-02-18 07:33:21.440144,Shopping,Amazon,1861.9,Debit Card
7585,2026-02-18 08:51:50.711071,Travel,Myntra,57.04,Credit Card
7586,2026-02-18 10:10:19.981998,Transport,Airtel,2918.19,Credit Card
7587,2026-02-18 11:28:49.252925,Food,Amazon,4088.19,Credit Card
7588,2026-02-18 12:47:18.523852,Travel,Swiggy,230.38,Cash
7589,2026-02-18 14:05:47.794779,Entertainment,Amazon,67.28,UPI
7590,2026-02-18 15:24:17.065706,Shopping,Flipkart,3652.7,Credit Card
7591,2026-02-18 16:42:46.336633,Healthcare,Swiggy,3435.11,UPI
7592,2026-02-18 18:01:15.607560,Shopping,Local Store,2058.97,Credit Card
7593,2026-02-18 19:19:44.878487,Entertainment,Local Store,3324.94,Cash
7594,2026-02-18 20:38:14.149414,Entertainment,Uber,4769.26,Debit Card
7595,2026-02-18 21:56:43.420342,Entertainment,Amazon,1276.92,Debit Card
7596,2026-02-18 23:15:12.691269,Education,Netflix,1267.34,Cash
7597,2026-02-19 00:33:41.962196,Transport,Airtel,971.85,UPI
7598,2026-02-19 01:52:11.233123,Bills,Flipkart,3633.73,Credit Card
7599,2026-02-19 03:10:40.504050,Shopping,Swiggy,1798.29,Debit Card
7600,2026-02-19 04:29:09.774977,Travel,Airtel,4944.03,Cash
7601,2026-02-19 05:47:39.045904,Education,Amazon,3587.51,UPI
7602,2026-02-19 07:06:08.316831,Travel,Netflix,1868.52,Debit Card
7603,2026-02-19 08:24:37.587758,Bills,Amazon,788.47,Cash
7604,2026-02-19 09:43:06.858685,Bills,Myntra,2980.52,Credit Card
7605,2026-02-19 11:01:36.129612,Healthcare,Myntra,1509.77,Cash
7606,2026-02-19 12:20:05.400540,Entertainment,Flipkart,4532.27,UPI
7607,2026-02-19 13:38:34.671467,Transport,Swiggy,2234.95,Debit Card
7608,2026-02-19 14:57:03.942394,Healthcare,Swiggy,1498.62,Credit Card
7609,2026-02-19 16:15:33.213321,Food,Reliance,2963.33,UPI
7610,2026-02-19 17:34:02.484248,Education,Flipkart,728.02,Cash
7611,2026-02-19 18:52:31.755175,Education,Flipkart,2829.67,Debit Card
7612,2026-02-19 20:11:01.026102,Transport,Netflix,327.75,Debit Card
7613,2026-02-19 21:29:30.297029,Bills,Myntra,3054.1,UPI
7614,2026-02-19 22:47:59.567956,Travel,Swiggy,2674.31,Credit Card
7615,2026-02-20 00:06:28.838883,Education,Amazon,2627.79,UPI
7616,2026-02-20 01:24:58.109810,Transport,Flipkart,3436.61,Debit Card
7617,2026-02-20 02:43:27.380738,Education,Uber,270.06,Debit Card
7618,2026-02-20 04:01:56.651665,Education,Zomato,2325.67,Debit Card
7619,2026-02-20 05:20:25.922592,Entertainment,Swiggy,2247.99,Credit Card
7620,2026-02-20 06:38:55.193519,Food,Local Store,2325.92,Debit Card
7621,2026-02-20 07:57:24.464446,Entertainment,Swiggy,4900.46,Debit Card
7622,2026-02-20 09:15:53.735373,Food,Uber,739.43,UPI
7623,2026-02-20 10:34:23.006300,Education,Swiggy,3467.63,Debit Card
7624,2026-02-20 11:52:52.277227,Healthcare,Uber,2039.88,Cash
7625,2026-02-20 13:11:21.548154,Travel,Zomato,2583.05,UPI
7626,2026-02-20 14:29:50.819081,Bills,Reliance,3823.85,Debit Card
7627,2026-02-20 15:48:20.090009,Education,Netflix,829.01,UPI
7628,2026-02-20 17:06:49.360936,Food,Zomato,3829.75,UPI
7629,2026-02-20 18:25:18.631863,Food,Airtel,398.14,Cash
7630,2026-02-20 19:43:47.902790,Food,Reliance,2442.38,UPI
7631,2026-02-20 21:02:17.173717,Education,Netflix,3723.25,UPI
7632,2026-02-20 22:20:46.444644,Transport,Myntra,1003.13,Credit Card
7633,2026-02-20 23:39:15.715571,Healthcare,Uber,3866.03,Debit Card
7634,2026-02-21 00:57:44.986498,Transport,Flipkart,875.72,Credit Card
7635,2026-02-21 02:16:14.257425,Bills,Airtel,4006.23,Debit Card
7636,2026-02-21 03:34:43.528352,Education,Zomato,2371.23,UPI
7637,2026-02-21 04:53:12.799279,Food,Swiggy,3438.96,Debit Card
7638,2026-02-21 06:11:42.070207,Healthcare,Zomato,4591.16,UPI
7639,2026-02-21 07:30:11.341134,Healthcare,Netflix,2071.69,Debit Card
7640,2026-02-21 08:48:40.612061,Shopping,Airtel,1203.14,UPI
7641,2026-02-21 10:07:09.882988,Bills,Amazon,4342.46,Debit Card
7642,2026-02-21 11:25:39.153915,Travel,Netflix,850.0,Debit Card
7643,2026-02-21 12:44:08.424842,Travel,Reliance,3175.81,Debit Card
7644,2026-02-21 14:02:37.695769,Healthcare,Zomato,4620.1,UPI
7645,2026-02-21 15:21:06.966696,Education,Zomato,3388.26,Debit Card
7646,2026-02-21 16:39:36.237623,Food,Airtel,1018.62,UPI
7647,2026-02-21 17:58:05.508550,Food,Uber,803.81,Credit Card
7648,2026-02-21 19:16:34.779477,Healthcare,Airtel,1298.91,Debit Card
7649,2026-02-21 20:35:04.050405,Transport,Flipkart,1987.46,Cash
7650,2026-02-21 21:53:33.321332,Bills,Zomato,837.84,Cash
7651,2026-02-21 23:12:02.592259,Food,Uber,3999.18,UPI
7652,2026-02-22 00:30:31.863186,Healthcare,Uber,1817.32,Cash
7653,2026-02-22 01:49:01.134113,Food,Airtel,4683.63,UPI
7654,2026-02-22 03:07:30.405040,Travel,Myntra,4220.33,UPI
7655,2026-02-22 04:25:59.675967,Healthcare,Netflix,4548.65,Cash
7656,2026-02-22 05:44:28.946894,Bills,Reliance,1507.74,Cash
7657,2026-02-22 07:02:58.217821,Healthcare,Myntra,2889.97,Credit Card
7658,2026-02-22 08:21:27.488748,Shopping,Zomato,1641.18,UPI
7659,2026-02-22 09:39:56.759675,Healthcare,Zomato,1321.9,Cash
7660,2026-02-22 10:58:26.030603,Healthcare,Zomato,3055.08,Credit Card
7661,2026-02-22 12:16:55.301530,Education,Local Store,4099.08,Credit Card
7662,2026-02-22 13:35:24.572457,Travel,Swiggy,513.31,UPI
7663,2026-02-22 14:53:53.843384,Bills,Amazon,1415.06,Debit Card
7664,2026-02-22 16:12:23.114311,Education,Local Store,1065.41,Cash
7665,2026-02-22 17:30:52.385238,Healthcare,Amazon,4001.83,Cash
7666,2026-02-22 18:49:21.656165,Bills,Uber,4670.19,Cash
7667,2026-02-22 20:07:50.927092,Shopping,Zomato,445.72,Cash
7668,2026-02-22 21:26:20.198019,Bills,Flipkart,1927.11,Cash
7669,2026-02-22 22:44:49.468946,Food,Reliance,4576.82,Cash
7670,2026-02-23 00:03:18.739873,Education,Airtel,1755.96,Credit Card
7671,2026-02-23 01:21:48.010801,Bills,Reliance,3577.67,UPI
7672,2026-02-23 02:40:17.281728,Travel,Flipkart,548.3,Credit Card
7673,2026-02-23 03:58:46.552655,Shopping,Airtel,2249.72,Cash
7674,2026-02-23 05:17:15.823582,Entertainment,Uber,2541.34,UPI
7675,2026-02-23 06:35:45.094509,Healthcare,Flipkart,3800.44,Cash
7676,2026-02-23 07:54:14.365436,Bills,Zomato,1479.68,UPI
7677,2026-02-23 09:12:43.636363,Healthcare,Flipkart,1357.73,Credit Card
7678,2026-02-23 10:31:12.907290,Transport,Zomato,1549.69,UPI
7679,2026-02-23 11:49:42.178217,Food,Flipkart,2800.7,Credit Card
7680,2026-02-23 13:08:11.449144,Education,Flipkart,4386.22,Cash
7681,2026-02-23 14:26:40.720072,Food,Myntra,4163.16,UPI
7682,2026-02-23 15:45:09.990999,Transport,Reliance,336.83,Debit Card
7683,2026-02-23 17:03:39.261926,Transport,Amazon,4400.83,Debit Card
7684,2026-02-23 18:22:08.532853,Education,Local Store,520.79,Credit Card
7685,2026-02-23 19:40:37.803780,Bills,Myntra,2105.97,Credit Card
7686,2026-02-23 20:59:07.074707,Transport,Amazon,3838.75,Credit Card
7687,2026-02-23 22:17:36.345634,Entertainment,Myntra,453.48,Credit Card
7688,2026-02-23 23:36:05.616561,Healthcare,Swiggy,249.98,Cash
7689,2026-02-24 00:54:34.887488,Healthcare,Airtel,1683.48,Debit Card
7690,2026-02-24 02:13:04.158415,Shopping,Zomato,3663.13,Credit Card
7691,2026-02-24 03:31:33.429342,Travel,Local Store,2632.69,UPI
7692,2026-02-24 04:50:02.700270,Transport,Myntra,2114.16,UPI
7693,2026-02-24 06:08:31.971197,Transport,Myntra,4074.71,Cash
7694,2026-02-24 07:27:01.242124,Entertainment,Uber,3845.21,Credit Card
7695,2026-02-24 08:45:30.513051,Food,Flipkart,3940.91,UPI
7696,2026-02-24 10:03:59.783978,Food,Swiggy,2325.65,Credit Card
7697,2026-02-24 11:22:29.054905,Healthcare,Local Store,146.27,UPI
7698,2026-02-24 12:40:58.325832,Healthcare,Local Store,902.08,Cash
7699,2026-02-24 13:59:27.596759,Bills,Airtel,3719.44,UPI
7700,2026-02-24 15:17:56.867686,Education,Local Store,3778.21,Credit Card
7701,2026-02-24 16:36:26.138613,Travel,Netflix,4862.88,Credit Card
7702,2026-02-24 17:54:55.409540,Entertainment,Local Store,991.42,Cash
7703,2026-02-24 19:13:24.680468,Education,Myntra,658.49,Debit Card
7704,2026-02-24 20:31:53.951395,Education,Netflix,737.01,Credit Card
7705,2026-02-24 21:50:23.222322,Shopping,Amazon,964.7,Debit Card
7706,2026-02-24 23:08:52.493249,Education,Flipkart,2665.92,Credit Card
7707,2026-02-25 00:27:21.764176,Shopping,Netflix,4877.3,Cash
7708,2026-02-25 01:45:51.035103,Education,Amazon,2967.69,UPI
7709,2026-02-25 03:04:20.306030,Entertainment,Swiggy,2637.31,Debit Card
7710,2026-02-25 04:22:49.576957,Shopping,Reliance,3383.11,UPI
7711,2026-02-25 05:41:18.847884,Food,Zomato,415.96,Cash
7712,2026-02-25 06:59:48.118811,Shopping,Myntra,4086.0,Cash
7713,2026-02-25 08:18:17.389738,Shopping,Netflix,3252.05,Cash
7714,2026-02-25 09:36:46.660666,Entertainment,Reliance,897.4,Credit Card
7715,2026-02-25 10:55:15.931593,Entertainment,Flipkart,3172.04,Credit Card
7716,2026-02-25 12:13:45.202520,Shopping,Uber,3001.23,Credit Card
7717,2026-02-25 13:32:14.473447,Travel,Swiggy,371.02,Credit Card
7718,2026-02-25 14:50:43.744374,Transport,Zomato,1371.31,Debit Card
7719,2026-02-25 16:09:13.015301,Travel,Flipkart,1985.16,Cash
7720,2026-02-25 17:27:42.286228,Entertainment,Swiggy,1262.2,Debit Card
7721,2026-02-25 18:46:11.557155,Travel,Uber,1253.65,Credit Card
7722,2026-02-25 20:04:40.828082,Travel,Amazon,2886.09,UPI
7723,2026-02-25 21:23:10.099009,Bills,Uber,2380.75,Debit Card
7724,2026-02-25 22:41:39.369936,Bills,Netflix,3353.1,UPI
7725,2026-02-26 00:00:08.640864,Food,Zomato,4784.22,Credit Card
7726,2026-02-26 01:18:37.911791,Education,Local Store,3319.75,Debit Card
7727,2026-02-26 02:37:07.182718,Shopping,Airtel,2931.37,Debit Card
7728,2026-02-26 03:55:36.453645,Transport,Myntra,4245.42,Debit Card
7729,2026-02-26 05:14:05.724572,Food,Myntra,3178.76,UPI
7730,2026-02-26 06:32:34.995499,Shopping,Amazon,869.53,Credit Card
7731,2026-02-26 07:51:04.266426,Travel,Flipkart,1608.01,Cash
7732,2026-02-26 09:09:33.537353,Entertainment,Zomato,3680.13,Cash
7733,2026-02-26 10:28:02.808280,Bills,Local Store,3704.99,Credit Card
7734,2026-02-26 11:46:32.079207,Healthcare,Amazon,4935.69,Debit Card
7735,2026-02-26 13:05:01.350135,Transport,Airtel,3153.53,Cash
7736,2026-02-26 14:23:30.621062,Travel,Netflix,4502.75,Debit Card
7737,2026-02-26 15:41:59.891989,Healthcare,Netflix,320.17,Credit Card
7738,2026-02-26 17:00:29.162916,Bills,Local Store,2852.8,UPI
7739,2026-02-26 18:18:58.433843,Travel,Local Store,4603.25,Debit Card
7740,2026-02-26 19:37:27.704770,Education,Local Store,1471.86,UPI
7741,2026-02-26 20:55:56.975697,Education,Uber,816.64,UPI
7742,2026-02-26 22:14:26.246624,Healthcare,Myntra,1785.03,Credit Card
7743,2026-02-26 23:32:55.517551,Entertainment,Reliance,3971.57,Credit Card
7744,2026-02-27 00:51:24.788478,Travel,Zomato,469.27,UPI
7745,2026-02-27 02:09:54.059405,Shopping,Reliance,3021.68,UPI
7746,2026-02-27 03:28:23.330333,Travel,Uber,721.38,Cash
7747,2026-02-27 04:46:52.601260,Entertainment,Flipkart,2205.89,Cash
7748,2026-02-27 06:05:21.872187,Travel,Netflix,4831.59,Credit Card
7749,2026-02-27 07:23:51.143114,Healthcare,Myntra,1015.96,Debit Card
7750,2026-02-27 08:42:20.414041,Entertainment,Local Store,218.38,UPI
7751,2026-02-27 10:00:49.684968,Bills,Airtel,2164.66,Debit Card
7752,2026-02-27 11:19:18.955895,Transport,Airtel,2909.59,UPI
7753,2026-02-27 12:37:48.226822,Entertainment,Airtel,1522.71,Credit Card
7754,2026-02-27 13:56:17.497749,Travel,Zomato,2731.75,Debit Card
7755,2026-02-27 15:14:46.768676,Bills,Local Store,4769.34,Credit Card
7756,2026-02-27 16:33:16.039603,Transport,Myntra,1593.27,UPI
7757,2026-02-27 17:51:45.310531,Education,Netflix,1581.66,Credit Card
7758,2026-02-27 19:10:14.581458,Shopping,Reliance,2439.7,Debit Card
7759,2026-02-27 20:28:43.852385,Healthcare,Local Store,2600.82,Cash
7760,2026-02-27 21:47:13.123312,Travel,Local Store,56.76,Credit Card
7761,2026-02-27 23:05:42.394239,Travel,Uber,3098.58,Debit Card
7762,2026-02-28 00:24:11.665166,Education,Flipkart,4986.92,Credit Card
7763,2026-02-28 01:42:40.936093,Shopping,Airtel,1495.44,Credit Card
7764,2026-02-28 03:01:10.207020,Education,Amazon,3172.51,Cash
7765,2026-02-28 04:19:39.477947,Food,Myntra,72.88,Debit Card
7766,2026-02-28 05:38:08.748874,Education,Uber,3041.42,Debit Card
7767,2026-02-28 06:56:38.019801,Bills,Flipkart,2262.99,Debit Card
7768,2026-02-28 08:15:07.290729,Transport,Flipkart,2674.95,UPI
7769,2026-02-28 09:33:36.561656,Travel,Swiggy,2742.33,Credit Card
7770,2026-02-28 10:52:05.832583,Education,Airtel,925.92,Cash
7771,2026-02-28 12:10:35.103510,Travel,Swiggy,3861.34,Debit Card
7772,2026-02-28 13:29:04.374437,Entertainment,Uber,2799.57,Cash
7773,2026-02-28 14:47:33.645364,Shopping,Flipkart,1387.46,UPI
7774,2026-02-28 16:06:02.916291,Education,Amazon,4690.04,UPI
7775,2026-02-28 17:24:32.187218,Transport,Myntra,113.23,Cash
7776,2026-02-28 18:43:01.458145,Bills,Swiggy,3643.39,Debit Card
7777,2026-02-28 20:01:30.729072,Food,Flipkart,1937.11,Cash
7778,2026-02-28 21:20:00.000000,Travel,Myntra,2636.6,Debit Card
7779,2026-02-28 22:38:29.270927,Shopping,Airtel,1492.97,Debit Card
7780,2026-02-28 23:56:58.541854,Healthcare,Reliance,1640.2,UPI
7781,2026-03-01 01:15:27.812781,Transport,Myntra,125.07,Cash
7782,2026-03-01 02:33:57.083708,Healthcare,Flipkart,3662.73,UPI
7783,2026-03-01 03:52:26.354635,Transport,Uber,3568.45,Credit Card
7784,2026-03-01 05:10:55.625562,Transport,Swiggy,3289.07,UPI
7785,2026-03-01 06:29:24.896489,Bills,Swiggy,4395.86,Debit Card
7786,2026-03-01 07:47:54.167416,Bills,Netflix,4511.27,Cash
7787,2026-03-01 09:06:23.438343,Bills,Flipkart,2804.4,Credit Card
7788,2026-03-01 10:24:52.709270,Education,Netflix,3439.88,Credit Card
7789,2026-03-01 11:43:21.980198,Entertainment,Amazon,104.44,Credit Card
7790,2026-03-01 13:01:51.251125,Transport,Amazon,4239.4,Credit Card
7791,2026-03-01 14:20:20.522052,Shopping,Flipkart,4091.25,Cash
7792,2026-03-01 15:38:49.792979,Healthcare,Swiggy,150.23,Debit Card
7793,2026-03-01 16:57:19.063906,Bills,Airtel,2736.98,Credit Card
7794,2026-03-01 18:15:48.334833,Education,Zomato,4537.95,Debit Card
7795,2026-03-01 19:34:17.605760,Bills,Amazon,947.87,UPI
7796,2026-03-01 20:52:46.876687,Healthcare,Swiggy,1795.59,Debit Card
7797,2026-03-01 22:11:16.147614,Healthcare,Local Store,1688.72,Credit Card
7798,2026-03-01 23:29:45.418541,Travel,Local Store,1811.91,UPI
7799,2026-03-02 00:48:14.689468,Transport,Netflix,257.34,UPI
7800,2026-03-02 02:06:43.960396,Bills,Myntra,1431.14,UPI
7801,2026-03-02 03:25:13.231323,Healthcare,Airtel,1509.54,Credit Card
7802,2026-03-02 04:43:42.502250,Entertainment,Netflix,4336.07,Debit Card
7803,2026-03-02 06:02:11.773177,Entertainment,Local Store,1792.97,Cash
7804,2026-03-02 07:20:41.044104,Bills,Airtel,2263.72,Debit Card
7805,2026-03-02 08:39:10.315031,Education,Zomato,1934.65,Credit Card
7806,2026-03-02 09:57:39.585958,Healthcare,Myntra,647.33,Credit Card
7807,2026-03-02 11:16:08.856885,Travel,Netflix,4952.27,UPI
7808,2026-03-02 12:34:38.127812,Transport,Local Store,4137.83,Debit Card
7809,2026-03-02 13:53:07.398739,Transport,Amazon,2727.56,Credit Card
7810,2026-03-02 15:11:36.669666,Education,Amazon,2408.0,Credit Card
7811,2026-03-02 16:30:05.940594,Travel,Netflix,3263.81,Cash
7812,2026-03-02 17:48:35.211521,Transport,Zomato,1665.83,Debit Card
7813,2026-03-02 19:07:04.482448,Travel,Zomato,298.9,UPI
7814,2026-03-02 20:25:33.753375,Food,Flipkart,2051.37,UPI
7815,2026-03-02 21:44:03.024302,Bills,Myntra,4920.69,UPI
7816,2026-03-02 23:02:32.295229,Transport,Swiggy,952.62,Debit Card
7817,2026-03-03 00:21:01.566156,Entertainment,Zomato,2662.14,Credit Card
7818,2026-03-03 01:39:30.837083,Healthcare,Myntra,92.18,Credit Card
7819,2026-03-03 02:58:00.108010,Travel,Zomato,654.06,Cash
7820,2026-03-03 04:16:29.378937,Travel,Flipkart,2956.6,Cash
7821,2026-03-03 05:34:58.649864,Shopping,Reliance,1522.2,Credit Card
7822,2026-03-03 06:53:27.920792,Education,Zomato,4533.14,Credit Card
7823,2026-03-03 08:11:57.191719,Shopping,Myntra,2060.54,Debit Card
7824,2026-03-03 09:30:26.462646,Transport,Flipkart,1079.77,Cash
7825,2026-03-03 10:48:55.733573,Shopping,Flipkart,2750.68,UPI
7826,2026-03-03 12:07:25.004500,Shopping,Myntra,3985.12,UPI
7827,2026-03-03 13:25:54.275427,Food,Myntra,146.13,UPI
7828,2026-03-03 14:44:23.546354,Travel,Amazon,2552.32,UPI
7829,2026-03-03 16:02:52.817281,Entertainment,Reliance,3878.46,Credit Card
7830,2026-03-03 17:21:22.088208,Education,Flipkart,562.76,Credit Card
7831,2026-03-03 18:39:51.359135,Entertainment,Amazon,4518.85,Debit Card
7832,2026-03-03 19:58:20.630063,Food,Airtel,1359.36,UPI
7833,2026-03-03 21:16:49.900990,Food,Netflix,894.49,Credit Card
7834,2026-03-03 22:35:19.171917,Shopping,Netflix,2966.82,Credit Card
7835,2026-03-03 23:53:48.442844,Bills,Flipkart,916.4,Credit Card
7836,2026-03-04 01:12:17.713771,Travel,Amazon,3414.52,UPI
7837,2026-03-04 02:30:46.984698,Healthcare,Reliance,2476.01,Credit Card
7838,2026-03-04 03:49:16.255625,Travel,Reliance,594.28,Cash
7839,2026-03-04 05:07:45.526552,Healthcare,Airtel,4566.83,UPI
7840,2026-03-04 06:26:14.797479,Shopping,Flipkart,3382.37,UPI
7841,2026-03-04 07:44:44.068406,Healthcare,Zomato,2752.67,Cash
7842,2026-03-04 09:03:13.339333,Food,Airtel,1902.99,Debit Card
7843,2026-03-04 10:21:42.610261,Entertainment,Amazon,717.56,Debit Card
7844,2026-03-04 11:40:11.881188,Healthcare,Zomato,3552.22,UPI
7845,2026-03-04 12:58:41.152115,Travel,Netflix,4077.6,UPI
7846,2026-03-04 14:17:10.423042,Education,Uber,672.8,UPI
7847,2026-03-04 15:35:39.693969,Shopping,Netflix,2498.11,Cash
7848,2026-03-04 16:54:08.964896,Bills,Flipkart,2449.99,Credit Card
7849,2026-03-04 18:12:38.235823,Shopping,Myntra,1782.06,Cash
7850,2026-03-04 19:31:07.506750,Transport,Netflix,3957.24,Credit Card
7851,2026-03-04 20:49:36.777677,Shopping,Local Store,542.67,Credit Card
7852,2026-03-04 22:08:06.048604,Food,Netflix,1064.85,Debit Card
7853,2026-03-04 23:26:35.319531,Entertainment,Netflix,57.93,Cash
7854,2026-03-05 00:45:04.590459,Entertainment,Netflix,1896.28,Cash
7855,2026-03-05 02:03:33.861386,Education,Netflix,1491.33,UPI
7856,2026-03-05 03:22:03.132313,Healthcare,Zomato,4341.62,Cash
7857,2026-03-05 04:40:32.403240,Food,Zomato,3741.76,Credit Card
7858,2026-03-05 05:59:01.674167,Transport,Netflix,468.14,Credit Card
7859,2026-03-05 07:17:30.945094,Food,Swiggy,3717.73,Cash
7860,2026-03-05 08:36:00.216021,Shopping,Swiggy,3393.23,Debit Card
7861,2026-03-05 09:54:29.486948,Food,Zomato,1444.54,Debit Card
7862,2026-03-05 11:12:58.757875,Food,Uber,126.53,UPI
7863,2026-03-05 12:31:28.028802,Education,Myntra,620.05,UPI
7864,2026-03-05 13:49:57.299729,Transport,Airtel,1287.21,Credit Card
7865,2026-03-05 15:08:26.570657,Shopping,Local Store,4092.28,Cash
7866,2026-03-05 16:26:55.841584,Bills,Local Store,2353.3,Credit Card
7867,2026-03-05 17:45:25.112511,Education,Netflix,4596.06,Credit Card
7868,2026-03-05 19:03:54.383438,Bills,Uber,3956.28,Cash
7869,2026-03-05 20:22:23.654365,Education,Swiggy,1471.19,Credit Card
7870,2026-03-05 21:40:52.925292,Entertainment,Swiggy,4234.54,Credit Card
7871,2026-03-05 22:59:22.196219,Travel,Uber,627.79,Debit Card
7872,2026-03-06 00:17:51.467146,Education,Myntra,228.78,UPI
7873,2026-03-06 01:36:20.738073,Healthcare,Zomato,3062.26,Debit Card
7874,2026-03-06 02:54:50.009000,Food,Myntra,1741.63,UPI
7875,2026-03-06 04:13:19.279927,Entertainment,Flipkart,1680.66,UPI
7876,2026-03-06 05:31:48.550855,Transport,Flipkart,3451.68,UPI
7877,2026-03-06 06:50:17.821782,Bills,Swiggy,4258.01,Debit Card
7878,2026-03-06 08:08:47.092709,Travel,Airtel,1644.77,Cash
7879,2026-03-06 09:27:16.363636,Travel,Flipkart,1658.82,Credit Card
7880,2026-03-06 10:45:45.634563,Education,Swiggy,2692.56,Cash
7881,2026-03-06 12:04:14.905490,Food,Netflix,3283.26,Cash
7882,2026-03-06 13:22:44.176417,Transport,Reliance,1054.38,UPI
7883,2026-03-06 14:41:13.447344,Healthcare,Reliance,4567.76,UPI
7884,2026-03-06 15:59:42.718271,Transport,Amazon,3289.36,Debit Card
7885,2026-03-06 17:18:11.989198,Food,Netflix,3144.55,Debit Card
7886,2026-03-06 18:36:41.260126,Healthcare,Reliance,4525.77,Credit Card
7887,2026-03-06 19:55:10.531053,Transport,Myntra,4540.96,Cash
7888,2026-03-06 21:13:39.801980,Healthcare,Amazon,720.97,Cash
7889,2026-03-06 22:32:09.072907,Education,Swiggy,768.12,Credit Card
7890,2026-03-06 23:50:38.343834,Education,Uber,3821.65,UPI
7891,2026-03-07 01:09:07.614761,Food,Uber,4786.56,Debit Card
7892,2026-03-07 02:27:36.885688,Food,Swiggy,3349.24,Credit Card
7893,2026-03-07 03:46:06.156615,Healthcare,Airtel,2086.02,Cash
7894,2026-03-07 05:04:35.427542,Shopping,Swiggy,3433.19,Credit Card
7895,2026-03-07 06:23:04.698469,Entertainment,Zomato,1182.62,Credit Card
7896,2026-03-07 07:41:33.969396,Travel,Uber,4989.93,Cash
7897,2026-03-07 09:00:03.240324,Transport,Reliance,2183.87,Cash
7898,2026-03-07 10:18:32.511251,Transport,Local Store,4661.85,Debit Card
7899,2026-03-07 11:37:01.782178,Shopping,Amazon,2182.45,Debit Card
7900,2026-03-07 12:55:31.053105,Shopping,Airtel,4644.29,Cash
7901,2026-03-07 14:14:00.324032,Shopping,Flipkart,1711.64,Debit Card
7902,2026-03-07 15:32:29.594959,Bills,Netflix,3814.69,Debit Card
7903,2026-03-07 16:50:58.865886,Bills,Airtel,4757.46,Debit Card
7904,2026-03-07 18:09:28.136813,Healthcare,Flipkart,3247.6,Cash
7905,2026-03-07 19:27:57.407740,Bills,Airtel,3403.95,UPI
7906,2026-03-07 20:46:26.678667,Education,Local Store,559.29,UPI
7907,2026-03-07 22:04:55.949594,Education,Airtel,2397.39,Debit Card
7908,2026-03-07 23:23:25.220522,Food,Reliance,4439.44,UPI
7909,2026-03-08 00:41:54.491449,Travel,Swiggy,1242.5,Debit Card
7910,2026-03-08 02:00:23.762376,Healthcare,Zomato,3952.4,UPI
7911,2026-03-08 03:18:53.033303,Travel,Amazon,3394.76,UPI
7912,2026-03-08 04:37:22.304230,Transport,Uber,1153.78,Credit Card
7913,2026-03-08 05:55:51.575157,Entertainment,Flipkart,1449.82,Debit Card
7914,2026-03-08 07:14:20.846084,Food,Amazon,2166.43,UPI
7915,2026-03-08 08:32:50.117011,Transport,Airtel,669.39,UPI
7916,2026-03-08 09:51:19.387938,Transport,Swiggy,4571.19,Credit Card
7917,2026-03-08 11:09:48.658865,Healthcare,Amazon,3709.82,UPI
7918,2026-03-08 12:28:17.929792,Shopping,Swiggy,1856.57,Credit Card
7919,2026-03-08 13:46:47.200720,Shopping,Flipkart,1533.34,UPI
7920,2026-03-08 15:05:16.471647,Travel,Reliance,3463.42,Credit Card
7921,2026-03-08 16:23:45.742574,Food,Reliance,2149.89,Credit Card
7922,2026-03-08 17:42:15.013501,Shopping,Swiggy,1185.22,Cash
7923,2026-03-08 19:00:44.284428,Transport,Swiggy,2179.25,Debit Card
7924,2026-03-08 20:19:13.555355,Shopping,Zomato,4362.92,Cash
7925,2026-03-08 21:37:42.826282,Bills,Netflix,389.6,Debit Card
7926,2026-03-08 22:56:12.097209,Shopping,Zomato,1873.37,UPI
7927,2026-03-09 00:14:41.368136,Transport,Amazon,4813.58,Debit Card
7928,2026-03-09 01:33:10.639063,Travel,Myntra,123.42,Cash
7929,2026-03-09 02:51:39.909991,Healthcare,Zomato,4458.67,Debit Card
7930,2026-03-09 04:10:09.180918,Food,Amazon,1905.43,Cash
7931,2026-03-09 05:28:38.451845,Entertainment,Uber,988.12,Debit Card
7932,2026-03-09 06:47:07.722772,Shopping,Amazon,124.15,UPI
7933,2026-03-09 08:05:36.993699,Education,Amazon,399.09,UPI
7934,2026-03-09 09:24:06.264626,Education,Swiggy,900.62,Debit Card
7935,2026-03-09 10:42:35.535553,Travel,Local Store,175.78,Debit Card
7936,2026-03-09 12:01:04.806480,Transport,Airtel,1712.46,UPI
7937,2026-03-09 13:19:34.077407,Entertainment,Swiggy,272.22,Debit Card
7938,2026-03-09 14:38:03.348334,Entertainment,Swiggy,3476.47,Credit Card
7939,2026-03-09 15:56:32.619261,Bills,Local Store,4103.59,UPI
7940,2026-03-09 17:15:01.890189,Entertainment,Local Store,4442.95,UPI
7941,2026-03-09 18:33:31.161116,Education,Airtel,2768.18,Cash
7942,2026-03-09 19:52:00.432043,Healthcare,Myntra,4735.22,Cash
7943,2026-03-09 21:10:29.702970,Transport,Uber,77.94,Credit Card
7944,2026-03-09 22:28:58.973897,Transport,Zomato,713.39,Debit Card
7945,2026-03-09 23:47:28.244824,Shopping,Amazon,1501.17,Credit Card
7946,2026-03-10 01:05:57.515751,Shopping,Zomato,3955.67,Debit Card
7947,2026-03-10 02:24:26.786678,Shopping,Reliance,4432.68,Cash
7948,2026-03-10 03:42:56.057605,Education,Flipkart,3109.77,Debit Card
7949,2026-03-10 05:01:25.328532,Education,Myntra,1947.02,Cash
7950,2026-03-10 06:19:54.599459,Travel,Flipkart,3345.94,UPI
7951,2026-03-10 07:38:23.870387,Education,Amazon,945.45,UPI
7952,2026-03-10 08:56:53.141314,Education,Local Store,2316.48,Debit Card
7953,2026-03-10 10:15:22.412241,Education,Amazon,2562.34,Cash
7954,2026-03-10 11:33:51.683168,Education,Uber,569.11,Credit Card
7955,2026-03-10 12:52:20.954095,Healthcare,Zomato,217.67,Cash
7956,2026-03-10 14:10:50.225022,Education,Airtel,3763.02,Cash
7957,2026-03-10 15:29:19.495949,Travel,Netflix,2696.8,Cash
7958,2026-03-10 16:47:48.766876,Entertainment,Netflix,1694.58,UPI
7959,2026-03-10 18:06:18.037803,Entertainment,Airtel,2214.28,Cash
7960,2026-03-10 19:24:47.308730,Bills,Local Store,4790.63,Debit Card
7961,2026-03-10 20:43:16.579657,Healthcare,Netflix,1955.32,UPI
7962,2026-03-10 22:01:45.850585,Shopping,Local Store,562.22,UPI
7963,2026-03-10 23:20:15.121512,Food,Swiggy,2344.83,UPI
7964,2026-03-11 00:38:44.392439,Education,Uber,3257.84,Cash
7965,2026-03-11 01:57:13.663366,Bills,Myntra,109.96,Credit Card
7966,2026-03-11 03:15:42.934293,Food,Zomato,1695.09,Cash
7967,2026-03-11 04:34:12.205220,Travel,Zomato,1997.9,Cash
7968,2026-03-11 05:52:41.476147,Entertainment,Myntra,2345.39,Credit Card
7969,2026-03-11 07:11:10.747074,Bills,Amazon,1543.34,Cash
7970,2026-03-11 08:29:40.018001,Travel,Amazon,3351.27,Debit Card
7971,2026-03-11 09:48:09.288928,Bills,Flipkart,4726.31,Credit Card
7972,2026-03-11 11:06:38.559855,Transport,Amazon,4574.29,Debit Card
7973,2026-03-11 12:25:07.830783,Travel,Local Store,3338.75,Debit Card
7974,2026-03-11 13:43:37.101710,Entertainment,Airtel,2559.08,UPI
7975,2026-03-11 15:02:06.372637,Entertainment,Swiggy,4137.78,UPI
7976,2026-03-11 16:20:35.643564,Healthcare,Myntra,4187.89,Credit Card
7977,2026-03-11 17:39:04.914491,Bills,Local Store,4156.39,Cash
7978,2026-03-11 18:57:34.185418,Education,Local Store,831.34,Debit Card
7979,2026-03-11 20:16:03.456345,Entertainment,Flipkart,175.89,Cash
7980,2026-03-11 21:34:32.727272,Bills,Local Store,4916.81,Debit Card
7981,2026-03-11 22:53:01.998199,Healthcare,Uber,4800.29,UPI
7982,2026-03-12 00:11:31.269126,Education,Amazon,2843.67,UPI
7983,2026-03-12 01:30:00.540054,Travel,Zomato,4965.67,UPI
7984,2026-03-12 02:48:29.810981,Healthcare,Uber,3864.21,Credit Card
7985,2026-03-12 04:06:59.081908,Transport,Swiggy,2611.03,Debit Card
7986,2026-03-12 05:25:28.352835,Education,Swiggy,1977.19,Cash
7987,2026-03-12 06:43:57.623762,Bills,Swiggy,2984.67,Debit Card
7988,2026-03-12 08:02:26.894689,Entertainment,Amazon,2603.22,Cash
7989,2026-03-12 09:20:56.165616,Entertainment,Local Store,4969.32,Cash
7990,2026-03-12 10:39:25.436543,Bills,Swiggy,2477.78,Cash
7991,2026-03-12 11:57:54.707470,Bills,Myntra,4187.81,Debit Card
7992,2026-03-12 13:16:23.978397,Bills,Zomato,4077.44,UPI
7993,2026-03-12 14:34:53.249324,Shopping,Local Store,403.46,Credit Card
7994,2026-03-12 15:53:22.520252,Education,Flipkart,7014.86,Credit Card
7995,2026-03-12 17:11:51.791179,Entertainment,Amazon,3316.06,UPI
7996,2026-03-12 18:30:21.062106,Education,Airtel,1332.58,Credit Card
7997,2026-03-12 19:48:50.333033,Healthcare,Uber,3304.76,Cash
7998,2026-03-12 21:07:19.603960,Entertainment,Reliance,765.9,Credit Card
7999,2026-03-12 22:25:48.874887,Shopping,Uber,2015.49,Debit Card
8000,2026-03-12 23:44:18.145814,Bills,Swiggy,557.23,UPI
8001,2026-03-13 01:02:47.416741,Transport,Zomato,1446.36,UPI
8002,2026-03-13 02:21:16.687668,Bills,Flipkart,487.08,UPI
8003,2026-03-13 03:39:45.958595,Travel,Local Store,4854.36,UPI
8004,2026-03-13 04:58:15.229522,Bills,Myntra,2005.54,Debit Card
8005,2026-03-13 06:16:44.500450,Shopping,Netflix,4510.88,Cash
8006,2026-03-13 07:35:13.771377,Education,Uber,4857.3,Cash
8007,2026-03-13 08:53:43.042304,Entertainment,Netflix,4552.34,Cash
8008,2026-03-13 10:12:12.313231,Bills,Local Store,2302.05,Credit Card
8009,2026-03-13 11:30:41.584158,Entertainment,Zomato,3905.54,Cash
8010,2026-03-13 12:49:10.855085,Food,Netflix,810.81,Credit Card
8011,2026-03-13 14:07:40.126012,Healthcare,Uber,519.42,Debit Card
8012,2026-03-13 15:26:09.396939,Education,Airtel,4390.66,Credit Card
8013,2026-03-13 16:44:38.667866,Entertainment,Reliance,204.04,Cash
8014,2026-03-13 18:03:07.938793,Transport,Netflix,4863.02,UPI
8015,2026-03-13 19:21:37.209720,Healthcare,Airtel,3377.06,Debit Card
8016,2026-03-13 20:40:06.480648,Travel,Airtel,2127.08,Cash
8017,2026-03-13 21:58:35.751575,Travel,Swiggy,749.81,Cash
8018,2026-03-13 23:17:05.022502,Transport,Reliance,3629.99,Cash
8019,2026-03-14 00:35:34.293429,Bills,Myntra,2837.4,Debit Card
8020,2026-03-14 01:54:03.564356,Healthcare,Uber,3570.08,UPI
8021,2026-03-14 03:12:32.835283,Entertainment,Flipkart,2118.71,UPI
8022,2026-03-14 04:31:02.106210,Healthcare,Local Store,377.99,UPI
8023,2026-03-14 05:49:31.377137,Bills,Flipkart,1609.11,Cash
8024,2026-03-14 07:08:00.648064,Shopping,Netflix,1609.35,Credit Card
8025,2026-03-14 08:26:29.918991,Education,Reliance,92.96,Cash
8026,2026-03-14 09:44:59.189918,Transport,Netflix,97.43,UPI
8027,2026-03-14 11:03:28.460846,Bills,Reliance,1687.25,Debit Card
8028,2026-03-14 12:21:57.731773,Shopping,Uber,3651.74,Credit Card
8029,2026-03-14 13:40:27.002700,Healthcare,Local Store,3139.02,Credit Card
8030,2026-03-14 14:58:56.273627,Healthcare,Local Store,1233.14,Cash
8031,2026-03-14 16:17:25.544554,Bills,Uber,3033.68,Debit Card
8032,2026-03-14 17:35:54.815481,Entertainment,Myntra,3254.52,Credit Card
8033,2026-03-14 18:54:24.086408,Healthcare,Airtel,2636.72,UPI
8034,2026-03-14 20:12:53.357335,Entertainment,Reliance,2630.7,Cash
8035,2026-03-14 21:31:22.628262,Entertainment,Amazon,1880.25,Cash
8036,2026-03-14 22:49:51.899189,Education,Amazon,660.8,UPI
8037,2026-03-15 00:08:21.170117,Entertainment,Airtel,1958.14,UPI
8038,2026-03-15 01:26:50.441044,Food,Netflix,1759.4,UPI
8039,2026-03-15 02:45:19.711971,Education,Reliance,2980.26,Credit Card
8040,2026-03-15 04:03:48.982898,Shopping,Zomato,4288.49,Debit Card
8041,2026-03-15 05:22:18.253825,Shopping,Local Store,1908.11,Credit Card
8042,2026-03-15 06:40:47.524752,Healthcare,Flipkart,3563.19,Debit Card
8043,2026-03-15 07:59:16.795679,Healthcare,Zomato,4068.56,Cash
8044,2026-03-15 09:17:46.066606,Entertainment,Flipkart,1098.17,Debit Card
8045,2026-03-15 10:36:15.337533,Education,Local Store,4513.17,UPI
8046,2026-03-15 11:54:44.608460,Education,Amazon,398.7,Credit Card
8047,2026-03-15 13:13:13.879387,Food,Uber,4513.51,UPI
8048,2026-03-15 14:31:43.150315,Entertainment,Myntra,859.98,Cash
8049,2026-03-15 15:50:12.421242,Food,Swiggy,1718.99,Credit Card
8050,2026-03-15 17:08:41.692169,Travel,Netflix,3045.91,Credit Card
8051,2026-03-15 18:27:10.963096,Entertainment,Airtel,4533.13,UPI
8052,2026-03-15 19:45:40.234023,Transport,Amazon,1315.72,Credit Card
8053,2026-03-15 21:04:09.504950,Transport,Uber,3829.69,UPI
8054,2026-03-15 22:22:38.775877,Bills,Uber,3566.66,Debit Card
8055,2026-03-15 23:41:08.046804,Entertainment,Flipkart,840.56,Cash
8056,2026-03-16 00:59:37.317731,Education,Uber,2423.35,UPI
8057,2026-03-16 02:18:06.588658,Healthcare,Reliance,2433.45,Cash
8058,2026-03-16 03:36:35.859585,Shopping,Netflix,1557.83,Credit Card
8059,2026-03-16 04:55:05.130513,Bills,Swiggy,3910.61,Cash
8060,2026-03-16 06:13:34.401440,Healthcare,Amazon,4633.37,Cash
8061,2026-03-16 07:32:03.672367,Transport,Reliance,3597.03,Cash
8062,2026-03-16 08:50:32.943294,Entertainment,Amazon,4866.13,Credit Card
8063,2026-03-16 10:09:02.214221,Bills,Myntra,299.82,Debit Card
8064,2026-03-16 11:27:31.485148,Entertainment,Swiggy,234.25,Debit Card
8065,2026-03-16 12:46:00.756075,Transport,Uber,4474.6,Debit Card
8066,2026-03-16 14:04:30.027002,Bills,Myntra,4494.11,UPI
8067,2026-03-16 15:22:59.297929,Transport,Flipkart,580.25,UPI
8068,2026-03-16 16:41:28.568856,Food,Myntra,1819.36,Credit Card
8069,2026-03-16 17:59:57.839783,Transport,Zomato,4185.2,Debit Card
8070,2026-03-16 19:18:27.110711,Education,Flipkart,686.28,Cash
8071,2026-03-16 20:36:56.381638,Education,Swiggy,1373.77,Debit Card
8072,2026-03-16 21:55:25.652565,Entertainment,Netflix,3420.93,UPI
8073,2026-03-16 23:13:54.923492,Shopping,Zomato,4910.4,Credit Card
8074,2026-03-17 00:32:24.194419,Transport,Amazon,3995.84,Debit Card
8075,2026-03-17 01:50:53.465346,Healthcare,Airtel,3897.72,UPI
8076,2026-03-17 03:09:22.736273,Education,Airtel,1746.18,UPI
8077,2026-03-17 04:27:52.007200,Travel,Zomato,3323.65,Cash
8078,2026-03-17 05:46:21.278127,Shopping,Netflix,609.79,Debit Card
8079,2026-03-17 07:04:50.549054,Food,Reliance,4961.72,Cash
8080,2026-03-17 08:23:19.819982,Bills,Airtel,2428.89,Debit Card
8081,2026-03-17 09:41:49.090909,Bills,Zomato,3212.1,Credit Card
8082,2026-03-17 11:00:18.361836,Education,Swiggy,4387.05,Debit Card
8083,2026-03-17 12:18:47.632763,Shopping,Local Store,54.78,Cash
8084,2026-03-17 13:37:16.903690,Education,Netflix,4881.11,Cash
8085,2026-03-17 14:55:46.174617,Bills,Netflix,1827.84,UPI
8086,2026-03-17 16:14:15.445544,Travel,Reliance,1730.97,Debit Card
8087,2026-03-17 17:32:44.716471,Transport,Flipkart,768.06,Debit Card
8088,2026-03-17 18:51:13.987398,Shopping,Uber,4298.01,Credit Card
8089,2026-03-17 20:09:43.258325,Entertainment,Airtel,4360.66,UPI
8090,2026-03-17 21:28:12.529252,Transport,Uber,148.95,Cash
8091,2026-03-17 22:46:41.800180,Transport,Uber,325.84,Debit Card
8092,2026-03-18 00:05:11.071107,Transport,Swiggy,4595.79,UPI
8093,2026-03-18 01:23:40.342034,Entertainment,Amazon,658.2,Credit Card
8094,2026-03-18 02:42:09.612961,Travel,Uber,3123.59,UPI
8095,2026-03-18 04:00:38.883888,Food,Netflix,3117.27,Debit Card
8096,2026-03-18 05:19:08.154815,Travel,Reliance,4355.17,Debit Card
8097,2026-03-18 06:37:37.425742,Travel,Reliance,2884.64,Credit Card
8098,2026-03-18 07:56:06.696669,Travel,Local Store,2198.36,Credit Card
8099,2026-03-18 09:14:35.967596,Healthcare,Amazon,4873.18,Credit Card
8100,2026-03-18 10:33:05.238523,Education,Flipkart,1182.64,Cash
8101,2026-03-18 11:51:34.509450,Bills,Netflix,1350.45,UPI
8102,2026-03-18 13:10:03.780378,Education,Netflix,469.61,UPI
8103,2026-03-18 14:28:33.051305,Shopping,Local Store,4877.82,UPI
8104,2026-03-18 15:47:02.322232,Travel,Myntra,3546.48,Cash
8105,2026-03-18 17:05:31.593159,Food,Local Store,109.88,UPI
8106,2026-03-18 18:24:00.864086,Shopping,Uber,3536.35,Credit Card
8107,2026-03-18 19:42:30.135013,Education,Zomato,2050.47,UPI
8108,2026-03-18 21:00:59.405940,Bills,Reliance,4839.37,Cash
8109,2026-03-18 22:19:28.676867,Entertainment,Local Store,1423.07,Cash
8110,2026-03-18 23:37:57.947794,Education,Uber,3565.92,UPI
8111,2026-03-19 00:56:27.218721,Transport,Airtel,3155.8,Cash
8112,2026-03-19 02:14:56.489648,Education,Amazon,109.65,Cash
8113,2026-03-19 03:33:25.760576,Transport,Netflix,4431.82,UPI
8114,2026-03-19 04:51:55.031503,Entertainment,Myntra,741.08,Cash
8115,2026-03-19 06:10:24.302430,Education,Amazon,3334.76,Cash
8116,2026-03-19 07:28:53.573357,Food,Uber,3888.96,UPI
8117,2026-03-19 08:47:22.844284,Food,Flipkart,3173.09,Credit Card
8118,2026-03-19 10:05:52.115211,Shopping,Airtel,530.71,Credit Card
8119,2026-03-19 11:24:21.386138,Entertainment,Uber,4877.14,Cash
8120,2026-03-19 12:42:50.657065,Travel,Zomato,1222.25,Debit Card
8121,2026-03-19 14:01:19.927992,Food,Swiggy,3157.93,Debit Card
8122,2026-03-19 15:19:49.198919,Education,Uber,3996.03,UPI
8123,2026-03-19 16:38:18.469846,Entertainment,Local Store,4699.22,UPI
8124,2026-03-19 17:56:47.740774,Bills,Uber,3039.85,Credit Card
8125,2026-03-19 19:15:17.011701,Transport,Local Store,1332.32,Debit Card
8126,2026-03-19 20:33:46.282628,Education,Flipkart,4191.36,UPI
8127,2026-03-19 21:52:15.553555,Transport,Netflix,857.94,Debit Card
8128,2026-03-19 23:10:44.824482,Transport,Reliance,160.3,Debit Card
8129,2026-03-20 00:29:14.095409,Travel,Swiggy,4545.34,Cash
8130,2026-03-20 01:47:43.366336,Entertainment,Flipkart,2898.18,Cash
8131,2026-03-20 03:06:12.637263,Entertainment,Local Store,394.73,Debit Card
8132,2026-03-20 04:24:41.908190,Shopping,Reliance,2919.66,Credit Card
8133,2026-03-20 05:43:11.179117,Transport,Zomato,767.82,UPI
8134,2026-03-20 07:01:40.450045,Shopping,Amazon,205.36,UPI
8135,2026-03-20 08:20:09.720972,Travel,Swiggy,626.79,Credit Card
8136,2026-03-20 09:38:38.991899,Transport,Myntra,3886.78,Cash
8137,2026-03-20 10:57:08.262826,Shopping,Flipkart,3790.52,Cash
8138,2026-03-20 12:15:37.533753,Shopping,Amazon,3041.37,Credit Card
8139,2026-03-20 13:34:06.804680,Bills,Amazon,1086.18,Credit Card
8140,2026-03-20 14:52:36.075607,Shopping,Uber,3707.89,Cash
8141,2026-03-20 16:11:05.346534,Entertainment,Uber,2069.82,Debit Card
8142,2026-03-20 17:29:34.617461,Shopping,Myntra,2578.23,Cash
8143,2026-03-20 18:48:03.888388,Transport,Myntra,4493.32,Debit Card
8144,2026-03-20 20:06:33.159315,Shopping,Local Store,2316.39,UPI
8145,2026-03-20 21:25:02.430243,Food,Myntra,3150.51,UPI
8146,2026-03-20 22:43:31.701170,Healthcare,Amazon,4810.67,Debit Card
8147,2026-03-21 00:02:00.972097,Transport,Local Store,2284.38,Debit Card
8148,2026-03-21 01:20:30.243024,Food,Reliance,2825.6,Cash
8149,2026-03-21 02:38:59.513951,Travel,Netflix,2942.85,Credit Card
8150,2026-03-21 03:57:28.784878,Transport,Netflix,1241.52,Debit Card
8151,2026-03-21 05:15:58.055805,Entertainment,Netflix,3697.76,UPI
8152,2026-03-21 06:34:27.326732,Healthcare,Swiggy,3646.85,Cash
8153,2026-03-21 07:52:56.597659,Healthcare,Swiggy,1107.11,UPI
8154,2026-03-21 09:11:25.868586,Entertainment,Myntra,116.02,Cash
8155,2026-03-21 10:29:55.139513,Healthcare,Netflix,4994.76,Credit Card
8156,2026-03-21 11:48:24.410441,Entertainment,Zomato,2928.86,Credit Card
8157,2026-03-21 13:06:53.681368,Food,Uber,946.11,UPI
8158,2026-03-21 14:25:22.952295,Travel,Zomato,1453.65,Debit Card
8159,2026-03-21 15:43:52.223222,Bills,Netflix,3108.07,Debit Card
8160,2026-03-21 17:02:21.494149,Transport,Netflix,731.2,UPI
8161,2026-03-21 18:20:50.765076,Entertainment,Uber,234.54,Debit Card
8162,2026-03-21 19:39:20.036003,Transport,Netflix,4002.48,Debit Card
8163,2026-03-21 20:57:49.306930,Travel,Flipkart,3593.44,UPI
8164,2026-03-21 22:16:18.577857,Food,Amazon,1582.53,UPI
8165,2026-03-21 23:34:47.848784,Bills,Local Store,339.53,Credit Card
8166,2026-03-22 00:53:17.119711,Travel,Uber,2457.04,UPI
8167,2026-03-22 02:11:46.390639,Food,Netflix,1417.12,Credit Card
8168,2026-03-22 03:30:15.661566,Healthcare,Swiggy,2019.01,Credit Card
8169,2026-03-22 04:48:44.932493,Transport,Swiggy,1406.15,Cash
8170,2026-03-22 06:07:14.203420,Education,Amazon,917.57,Debit Card
8171,2026-03-22 07:25:43.474347,Bills,Swiggy,1965.6,UPI
8172,2026-03-22 08:44:12.745274,Healthcare,Local Store,4826.23,Debit Card
8173,2026-03-22 10:02:42.016201,Travel,Airtel,1367.83,Cash
8174,2026-03-22 11:21:11.287128,Bills,Airtel,1713.03,UPI
8175,2026-03-22 12:39:40.558055,Healthcare,Airtel,1679.75,UPI
8176,2026-03-22 13:58:09.828982,Food,Amazon,2427.43,Cash
8177,2026-03-22 15:16:39.099909,Entertainment,Amazon,4225.35,Debit Card
8178,2026-03-22 16:35:08.370837,Transport,Local Store,2040.51,Credit Card
8179,2026-03-22 17:53:37.641764,Shopping,Uber,4040.43,Cash
8180,2026-03-22 19:12:06.912691,Shopping,Myntra,619.31,Cash
8181,2026-03-22 20:30:36.183618,Food,Airtel,4479.79,UPI
8182,2026-03-22 21:49:05.454545,Travel,Swiggy,967.26,Credit Card
8183,2026-03-22 23:07:34.725472,Transport,Zomato,244.05,Cash
8184,2026-03-23 00:26:03.996399,Travel,Myntra,833.85,Debit Card
8185,2026-03-23 01:44:33.267326,Transport,Local Store,994.21,Cash
8186,2026-03-23 03:03:02.538253,Food,Uber,2567.1,Debit Card
8187,2026-03-23 04:21:31.809180,Transport,Swiggy,2277.19,UPI
8188,2026-03-23 05:40:01.080108,Entertainment,Netflix,3593.58,Cash
8189,2026-03-23 06:58:30.351035,Travel,Uber,302.21,Debit Card
8190,2026-03-23 08:16:59.621962,Food,Airtel,2513.65,UPI
8191,2026-03-23 09:35:28.892889,Entertainment,Airtel,1695.73,UPI
8192,2026-03-23 10:53:58.163816,Transport,Netflix,3172.0,UPI
8193,2026-03-23 12:12:27.434743,Food,Local Store,266.31,Cash
8194,2026-03-23 13:30:56.705670,Transport,Reliance,222.93,UPI
8195,2026-03-23 14:49:25.976597,Travel,Uber,2164.9,UPI
8196,2026-03-23 16:07:55.247524,Food,Netflix,4066.13,Debit Card
8197,2026-03-23 17:26:24.518451,Transport,Local Store,3371.92,UPI
8198,2026-03-23 18:44:53.789378,Travel,Local Store,132.7,Cash
8199,2026-03-23 20:03:23.060306,Entertainment,Amazon,933.44,Credit Card
8200,2026-03-23 21:21:52.331233,Education,Uber,1172.32,UPI
8201,2026-03-23 22:40:21.602160,Entertainment,Swiggy,2144.14,Cash
8202,2026-03-23 23:58:50.873087,Transport,Reliance,2954.24,UPI
8203,2026-03-24 01:17:20.144014,Food,Flipkart,1121.48,Cash
8204,2026-03-24 02:35:49.414941,Shopping,Zomato,1943.45,UPI
8205,2026-03-24 03:54:18.685868,Entertainment,Uber,2940.52,Debit Card
8206,2026-03-24 05:12:47.956795,Entertainment,Myntra,1948.0,Credit Card
8207,2026-03-24 06:31:17.227722,Travel,Local Store,758.69,Credit Card
8208,2026-03-24 07:49:46.498649,Healthcare,Amazon,2483.72,Cash
8209,2026-03-24 09:08:15.769576,Shopping,Netflix,1653.77,Cash
8210,2026-03-24 10:26:45.040504,Transport,Airtel,4327.73,Credit Card
8211,2026-03-24 11:45:14.311431,Education,Netflix,3889.34,Debit Card
8212,2026-03-24 13:03:43.582358,Food,Netflix,991.86,Debit Card
8213,2026-03-24 14:22:12.853285,Healthcare,Reliance,805.55,UPI
8214,2026-03-24 15:40:42.124212,Transport,Uber,1771.0,Debit Card
8215,2026-03-24 16:59:11.395139,Bills,Netflix,2090.26,Credit Card
8216,2026-03-24 18:17:40.666066,Education,Reliance,4663.49,Credit Card
8217,2026-03-24 19:36:09.936993,Entertainment,Flipkart,1543.02,Debit Card
8218,2026-03-24 20:54:39.207920,Bills,Swiggy,4344.54,Debit Card
8219,2026-03-24 22:13:08.478847,Entertainment,Flipkart,2551.28,Credit Card
8220,2026-03-24 23:31:37.749774,Entertainment,Uber,4433.84,Credit Card
8221,2026-03-25 00:50:07.020702,Bills,Airtel,3524.67,Credit Card
8222,2026-03-25 02:08:36.291629,Education,Flipkart,3556.53,Credit Card
8223,2026-03-25 03:27:05.562556,Travel,Reliance,2618.05,Credit Card
8224,2026-03-25 04:45:34.833483,Bills,Reliance,4209.51,Debit Card
8225,2026-03-25 06:04:04.104410,Transport,Zomato,1309.4,Debit Card
8226,2026-03-25 07:22:33.375337,Healthcare,Local Store,4541.39,UPI
8227,2026-03-25 08:41:02.646264,Healthcare,Myntra,3202.04,UPI
8228,2026-03-25 09:59:31.917191,Bills,Myntra,2221.61,Cash
8229,2026-03-25 11:18:01.188118,Transport,Uber,4911.84,UPI
8230,2026-03-25 12:36:30.459045,Travel,Local Store,4316.97,Debit Card
8231,2026-03-25 13:54:59.729973,Healthcare,Zomato,3871.5,UPI
8232,2026-03-25 15:13:29.000900,Transport,Amazon,1405.82,UPI
8233,2026-03-25 16:31:58.271827,Travel,Netflix,4870.02,Debit Card
8234,2026-03-25 17:50:27.542754,Transport,Flipkart,3727.79,Credit Card
8235,2026-03-25 19:08:56.813681,Entertainment,Local Store,3045.83,Debit Card
8236,2026-03-25 20:27:26.084608,Healthcare,Netflix,4612.91,Debit Card
8237,2026-03-25 21:45:55.355535,Travel,Amazon,852.8,Cash
8238,2026-03-25 23:04:24.626462,Healthcare,Airtel,738.13,Cash
8239,2026-03-26 00:22:53.897389,Entertainment,Zomato,2840.38,Cash
8240,2026-03-26 01:41:23.168316,Bills,Netflix,330.73,Credit Card
8241,2026-03-26 02:59:52.439243,Entertainment,Zomato,3336.73,UPI
8242,2026-03-26 04:18:21.710171,Healthcare,Zomato,1241.67,Cash
8243,2026-03-26 05:36:50.981098,Healthcare,Local Store,639.18,Debit Card
8244,2026-03-26 06:55:20.252025,Education,Reliance,2077.0,Cash
8245,2026-03-26 08:13:49.522952,Travel,Swiggy,2356.45,Debit Card
8246,2026-03-26 09:32:18.793879,Bills,Uber,893.9,Credit Card
8247,2026-03-26 10:50:48.064806,Entertainment,Myntra,255.6,Cash
8248,2026-03-26 12:09:17.335733,Travel,Zomato,2099.58,Debit Card
8249,2026-03-26 13:27:46.606660,Food,Local Store,3809.66,UPI
8250,2026-03-26 14:46:15.877587,Travel,Local Store,4377.29,Credit Card
8251,2026-03-26 16:04:45.148514,Food,Netflix,532.86,Debit Card
8252,2026-03-26 17:23:14.419441,Bills,Netflix,2647.14,UPI
8253,2026-03-26 18:41:43.690369,Entertainment,Flipkart,1353.84,UPI
8254,2026-03-26 20:00:12.961296,Entertainment,Zomato,1904.44,Debit Card
8255,2026-03-26 21:18:42.232223,Transport,Swiggy,4670.54,Cash
8256,2026-03-26 22:37:11.503150,Healthcare,Uber,1792.77,UPI
8257,2026-03-26 23:55:40.774077,Shopping,Uber,1858.46,Credit Card
8258,2026-03-27 01:14:10.045004,Education,Airtel,1086.51,UPI
8259,2026-03-27 02:32:39.315931,Travel,Airtel,4802.09,Cash
8260,2026-03-27 03:51:08.586858,Bills,Flipkart,2309.61,Credit Card
8261,2026-03-27 05:09:37.857785,Shopping,Myntra,2873.44,Credit Card
8262,2026-03-27 06:28:07.128712,Travel,Airtel,2293.18,Credit Card
8263,2026-03-27 07:46:36.399639,Shopping,Amazon,1301.95,Debit Card
8264,2026-03-27 09:05:05.670567,Bills,Flipkart,4061.54,UPI
8265,2026-03-27 10:23:34.941494,Entertainment,Uber,190.93,Cash
8266,2026-03-27 11:42:04.212421,Bills,Uber,3466.7,Debit Card
8267,2026-03-27 13:00:33.483348,Travel,Swiggy,2991.65,Debit Card
8268,2026-03-27 14:19:02.754275,Shopping,Local Store,764.19,Credit Card
8269,2026-03-27 15:37:32.025202,Healthcare,Amazon,871.23,Debit Card
8270,2026-03-27 16:56:01.296129,Education,Myntra,3313.17,UPI
8271,2026-03-27 18:14:30.567056,Education,Netflix,1595.09,Debit Card
8272,2026-03-27 19:32:59.837983,Healthcare,Flipkart,1365.4,Debit Card
8273,2026-03-27 20:51:29.108910,Healthcare,Airtel,342.82,Credit Card
8274,2026-03-27 22:09:58.379837,Entertainment,Reliance,3844.09,Credit Card
8275,2026-03-27 23:28:27.650765,Travel,Swiggy,4419.23,Debit Card
8276,2026-03-28 00:46:56.921692,Food,Uber,4108.23,Credit Card
8277,2026-03-28 02:05:26.192619,Bills,Reliance,2356.87,Cash
8278,2026-03-28 03:23:55.463546,Education,Flipkart,2693.08,Cash
8279,2026-03-28 04:42:24.734473,Healthcare,Zomato,1249.27,Cash
8280,2026-03-28 06:00:54.005400,Bills,Myntra,905.63,Debit Card
8281,2026-03-28 07:19:23.276327,Education,Zomato,4123.86,UPI
8282,2026-03-28 08:37:52.547254,Healthcare,Flipkart,4001.8,UPI
8283,2026-03-28 09:56:21.818181,Travel,Zomato,3897.93,Credit Card
8284,2026-03-28 11:14:51.089108,Education,Myntra,2343.63,UPI
8285,2026-03-28 12:33:20.360036,Entertainment,Local Store,4329.31,UPI
8286,2026-03-28 13:51:49.630963,Food,Flipkart,4634.85,Debit Card
8287,2026-03-28 15:10:18.901890,Food,Reliance,1675.3,Credit Card
8288,2026-03-28 16:28:48.172817,Healthcare,Zomato,1162.24,UPI
8289,2026-03-28 17:47:17.443744,Education,Myntra,2348.1,Cash
8290,2026-03-28 19:05:46.714671,Entertainment,Airtel,937.67,Credit Card
8291,2026-03-28 20:24:15.985598,Transport,Netflix,4425.81,Credit Card
8292,2026-03-28 21:42:45.256525,Bills,Myntra,1723.05,Credit Card
8293,2026-03-28 23:01:14.527452,Bills,Swiggy,2902.05,Cash
8294,2026-03-29 00:19:43.798379,Shopping,Netflix,2993.86,UPI
8295,2026-03-29 01:38:13.069306,Entertainment,Airtel,2599.19,Cash
8296,2026-03-29 02:56:42.340234,Education,Amazon,824.8,Credit Card
8297,2026-03-29 04:15:11.611161,Travel,Reliance,4955.45,Credit Card
8298,2026-03-29 05:33:40.882088,Travel,Uber,904.39,Debit Card
8299,2026-03-29 06:52:10.153015,Shopping,Airtel,3769.96,Debit Card
8300,2026-03-29 08:10:39.423942,Healthcare,Local Store,3967.25,Debit Card
8301,2026-03-29 09:29:08.694869,Education,Netflix,768.56,Debit Card
8302,2026-03-29 10:47:37.965796,Shopping,Local Store,4669.16,Credit Card
8303,2026-03-29 12:06:07.236723,Food,Netflix,2464.41,Cash
8304,2026-03-29 13:24:36.507650,Bills,Swiggy,3162.97,Debit Card
8305,2026-03-29 14:43:05.778577,Education,Amazon,3228.82,Cash
8306,2026-03-29 16:01:35.049504,Shopping,Uber,2549.53,Debit Card
8307,2026-03-29 17:20:04.320432,Food,Swiggy,753.01,UPI
8308,2026-03-29 18:38:33.591359,Entertainment,Airtel,3771.18,Debit Card
8309,2026-03-29 19:57:02.862286,Shopping,Local Store,2929.84,Cash
8310,2026-03-29 21:15:32.133213,Healthcare,Netflix,637.47,Debit Card
8311,2026-03-29 22:34:01.404140,Healthcare,Airtel,3516.59,UPI
8312,2026-03-29 23:52:30.675067,Healthcare,Myntra,3528.68,Cash
8313,2026-03-30 01:10:59.945994,Education,Amazon,2765.01,Cash
8314,2026-03-30 02:29:29.216921,Travel,Reliance,498.22,Cash
8315,2026-03-30 03:47:58.487848,Travel,Myntra,1795.59,Credit Card
8316,2026-03-30 05:06:27.758775,Bills,Local Store,302.07,Cash
8317,2026-03-30 06:24:57.029702,Shopping,Amazon,2414.1,Credit Card
8318,2026-03-30 07:43:26.300630,Entertainment,Amazon,4536.91,UPI
8319,2026-03-30 09:01:55.571557,Shopping,Airtel,61.15,Cash
8320,2026-03-30 10:20:24.842484,Bills,Myntra,1369.86,Cash
8321,2026-03-30 11:38:54.113411,Food,Airtel,4009.3,Cash
8322,2026-03-30 12:57:23.384338,Bills,Airtel,98.81,UPI
8323,2026-03-30 14:15:52.655265,Healthcare,Airtel,100.36,Credit Card
8324,2026-03-30 15:34:21.926192,Education,Local Store,3073.55,Debit Card
8325,2026-03-30 16:52:51.197119,Food,Netflix,3956.54,UPI
8326,2026-03-30 18:11:20.468046,Education,Netflix,3893.7,UPI
8327,2026-03-30 19:29:49.738973,Healthcare,Local Store,3908.91,UPI
8328,2026-03-30 20:48:19.009900,Transport,Uber,1836.98,Credit Card
8329,2026-03-30 22:06:48.280828,Bills,Reliance,4419.48,Credit Card
8330,2026-03-30 23:25:17.551755,Bills,Swiggy,113.54,Credit Card
8331,2026-03-31 00:43:46.822682,Entertainment,Reliance,1595.33,Credit Card
8332,2026-03-31 02:02:16.093609,Shopping,Local Store,1719.08,Credit Card
8333,2026-03-31 03:20:45.364536,Food,Zomato,869.58,Cash
8334,2026-03-31 04:39:14.635463,Travel,Swiggy,1714.32,Debit Card
8335,2026-03-31 05:57:43.906390,Education,Uber,2950.13,Debit Card
8336,2026-03-31 07:16:13.177317,Food,Flipkart,2625.38,Credit Card
8337,2026-03-31 08:34:42.448244,Entertainment,Swiggy,1631.17,Credit Card
8338,2026-03-31 09:53:11.719171,Entertainment,Amazon,3759.17,Cash
8339,2026-03-31 11:11:40.990099,Education,Local Store,3588.21,Credit Card
8340,2026-03-31 12:30:10.261026,Travel,Flipkart,1439.45,Cash
8341,2026-03-31 13:48:39.531953,Shopping,Reliance,1649.98,Cash
8342,2026-03-31 15:07:08.802880,Education,Flipkart,1473.22,UPI
8343,2026-03-31 16:25:38.073807,Education,Local Store,687.81,UPI
8344,2026-03-31 17:44:07.344734,Healthcare,Reliance,3776.27,Credit Card
8345,2026-03-31 19:02:36.615661,Travel,Local Store,279.07,Cash
8346,2026-03-31 20:21:05.886588,Shopping,Myntra,795.37,Credit Card
8347,2026-03-31 21:39:35.157515,Bills,Zomato,571.26,UPI
8348,2026-03-31 22:58:04.428442,Healthcare,Uber,4135.43,UPI
8349,2026-04-01 00:16:33.699369,Transport,Uber,267.84,UPI
8350,2026-04-01 01:35:02.970297,Travel,Amazon,3339.91,UPI
8351,2026-04-01 02:53:32.241224,Shopping,Zomato,270.15,UPI
8352,2026-04-01 04:12:01.512151,Entertainment,Zomato,3942.89,Credit Card
8353,2026-04-01 05:30:30.783078,Healthcare,Amazon,4567.93,Credit Card
8354,2026-04-01 06:49:00.054005,Shopping,Reliance,2459.87,UPI
8355,2026-04-01 08:07:29.324932,Food,Amazon,4032.48,Credit Card
8356,2026-04-01 09:25:58.595859,Education,Reliance,3546.73,UPI
8357,2026-04-01 10:44:27.866786,Transport,Amazon,3988.39,UPI
8358,2026-04-01 12:02:57.137713,Bills,Swiggy,3845.54,UPI
8359,2026-04-01 13:21:26.408640,Education,Swiggy,1066.57,Credit Card
8360,2026-04-01 14:39:55.679567,Food,Myntra,2522.82,Credit Card
8361,2026-04-01 15:58:24.950495,Food,Netflix,4804.05,Cash
8362,2026-04-01 17:16:54.221422,Transport,Amazon,1750.49,Credit Card
8363,2026-04-01 18:35:23.492349,Bills,Zomato,4853.91,Credit Card
8364,2026-04-01 19:53:52.763276,Entertainment,Swiggy,2936.65,Debit Card
8365,2026-04-01 21:12:22.034203,Healthcare,Airtel,2334.98,UPI
8366,2026-04-01 22:30:51.305130,Travel,Reliance,3305.9,UPI
8367,2026-04-01 23:49:20.576057,Bills,Swiggy,4088.4,Credit Card
8368,2026-04-02 01:07:49.846984,Travel,Swiggy,2001.33,Credit Card
8369,2026-04-02 02:26:19.117911,Shopping,Local Store,213.12,Cash
8370,2026-04-02 03:44:48.388838,Food,Reliance,3558.59,Debit Card
8371,2026-04-02 05:03:17.659765,Shopping,Uber,4783.03,UPI
8372,2026-04-02 06:21:46.930693,Entertainment,Flipkart,3143.68,UPI
8373,2026-04-02 07:40:16.201620,Shopping,Reliance,982.65,Credit Card
8374,2026-04-02 08:58:45.472547,Bills,Myntra,1278.8,Credit Card
8375,2026-04-02 10:17:14.743474,Shopping,Local Store,4553.27,Debit Card
8376,2026-04-02 11:35:44.014401,Entertainment,Reliance,117.13,UPI
8377,2026-04-02 12:54:13.285328,Entertainment,Reliance,2766.3,Debit Card
8378,2026-04-02 14:12:42.556255,Entertainment,Netflix,835.45,UPI
8379,2026-04-02 15:31:11.827182,Bills,Local Store,1449.68,Credit Card
8380,2026-04-02 16:49:41.098109,Entertainment,Reliance,1569.56,Debit Card
8381,2026-04-02 18:08:10.369036,Food,Flipkart,1135.45,Cash
8382,2026-04-02 19:26:39.639964,Education,Flipkart,3972.14,Credit Card
8383,2026-04-02 20:45:08.910891,Entertainment,Airtel,1694.44,Cash
8384,2026-04-02 22:03:38.181818,Shopping,Local Store,1760.15,Cash
8385,2026-04-02 23:22:07.452745,Healthcare,Uber,2292.38,Cash
8386,2026-04-03 00:40:36.723672,Shopping,Reliance,4516.36,UPI
8387,2026-04-03 01:59:05.994599,Healthcare,Netflix,3456.46,Cash
8388,2026-04-03 03:17:35.265526,Shopping,Netflix,355.66,UPI
8389,2026-04-03 04:36:04.536453,Bills,Zomato,244.35,Debit Card
8390,2026-04-03 05:54:33.807380,Shopping,Uber,2853.63,Credit Card
8391,2026-04-03 07:13:03.078307,Bills,Netflix,4440.95,UPI
8392,2026-04-03 08:31:32.349234,Bills,Flipkart,14732.9,UPI
8393,2026-04-03 09:50:01.620162,Entertainment,Zomato,1276.47,Debit Card
8394,2026-04-03 11:08:30.891089,Food,Amazon,3753.55,Debit Card
8395,2026-04-03 12:27:00.162016,Healthcare,Netflix,3030.35,Credit Card
8396,2026-04-03 13:45:29.432943,Entertainment,Myntra,2846.89,Debit Card
8397,2026-04-03 15:03:58.703870,Entertainment,Local Store,789.04,UPI
8398,2026-04-03 16:22:27.974797,Education,Netflix,921.01,Credit Card
8399,2026-04-03 17:40:57.245724,Bills,Swiggy,1444.85,Credit Card
8400,2026-04-03 18:59:26.516651,Bills,Uber,1073.85,Credit Card
8401,2026-04-03 20:17:55.787578,Healthcare,Swiggy,4858.65,Cash
8402,2026-04-03 21:36:25.058505,Shopping,Airtel,142.12,Cash
8403,2026-04-03 22:54:54.329432,Shopping,Netflix,3148.98,UPI
8404,2026-04-04 00:13:23.600360,Travel,Amazon,2612.11,Cash
8405,2026-04-04 01:31:52.871287,Entertainment,Swiggy,1650.09,Debit Card
8406,2026-04-04 02:50:22.142214,Travel,Swiggy,4443.56,Credit Card
8407,2026-04-04 04:08:51.413141,Transport,Uber,3367.3,UPI
8408,2026-04-04 05:27:20.684068,Transport,Zomato,4991.85,Debit Card
8409,2026-04-04 06:45:49.954995,Travel,Amazon,884.85,Credit Card
8410,2026-04-04 08:04:19.225922,Shopping,Swiggy,484.95,Debit Card
8411,2026-04-04 09:22:48.496849,Transport,Reliance,740.02,Cash
8412,2026-04-04 10:41:17.767776,Education,Amazon,1382.99,Debit Card
8413,2026-04-04 11:59:47.038703,Shopping,Reliance,2113.1,Cash
8414,2026-04-04 13:18:16.309630,Bills,Netflix,4319.89,Debit Card
8415,2026-04-04 14:36:45.580558,Entertainment,Swiggy,1453.78,UPI
8416,2026-04-04 15:55:14.851485,Food,Swiggy,4580.45,Cash
8417,2026-04-04 17:13:44.122412,Entertainment,Flipkart,2341.39,Cash
8418,2026-04-04 18:32:13.393339,Travel,Flipkart,3253.0,Credit Card
8419,2026-04-04 19:50:42.664266,Shopping,Uber,1358.82,Cash
8420,2026-04-04 21:09:11.935193,Travel,Local Store,822.27,Credit Card
8421,2026-04-04 22:27:41.206120,Education,Local Store,4353.81,Cash
8422,2026-04-04 23:46:10.477047,Shopping,Zomato,592.06,Cash
8423,2026-04-05 01:04:39.747974,Entertainment,Uber,3881.41,Cash
8424,2026-04-05 02:23:09.018901,Education,Local Store,2925.87,Cash
8425,2026-04-05 03:41:38.289828,Education,Uber,4312.63,Credit Card
8426,2026-04-05 05:00:07.560756,Education,Swiggy,3603.2,UPI
8427,2026-04-05 06:18:36.831683,Healthcare,Flipkart,1444.24,Debit Card
8428,2026-04-05 07:37:06.102610,Shopping,Flipkart,2893.42,Cash
8429,2026-04-05 08:55:35.373537,Transport,Flipkart,114.71,Cash
8430,2026-04-05 10:14:04.644464,Transport,Local Store,2402.33,UPI
8431,2026-04-05 11:32:33.915391,Shopping,Amazon,475.77,Credit Card
8432,2026-04-05 12:51:03.186318,Shopping,Myntra,2173.28,Debit Card
8433,2026-04-05 14:09:32.457245,Healthcare,Swiggy,592.58,UPI
8434,2026-04-05 15:28:01.728172,Transport,Netflix,4779.63,UPI
8435,2026-04-05 16:46:30.999099,Shopping,Uber,2639.19,UPI
8436,2026-04-05 18:05:00.270027,Shopping,Flipkart,4570.43,UPI
8437,2026-04-05 19:23:29.540954,Travel,Flipkart,160.71,Cash
8438,2026-04-05 20:41:58.811881,Healthcare,Flipkart,3206.38,Debit Card
8439,2026-04-05 22:00:28.082808,Healthcare,Swiggy,1569.42,Cash
8440,2026-04-05 23:18:57.353735,Entertainment,Flipkart,2187.55,UPI
8441,2026-04-06 00:37:26.624662,Healthcare,Zomato,4371.78,Debit Card
8442,2026-04-06 01:55:55.895589,Food,Uber,4901.1,UPI
8443,2026-04-06 03:14:25.166516,Transport,Swiggy,1270.14,Credit Card
8444,2026-04-06 04:32:54.437443,Entertainment,Uber,4743.85,UPI
8445,2026-04-06 05:51:23.708370,Food,Reliance,3459.2,UPI
8446,2026-04-06 07:09:52.979297,Shopping,Airtel,4759.5,Credit Card
8447,2026-04-06 08:28:22.250225,Travel,Zomato,2833.72,Cash
8448,2026-04-06 09:46:51.521152,Travel,Amazon,4805.74,Debit Card
8449,2026-04-06 11:05:20.792079,Shopping,Amazon,4467.65,UPI
8450,2026-04-06 12:23:50.063006,Entertainment,Myntra,686.53,UPI
8451,2026-04-06 13:42:19.333933,Healthcare,Zomato,1588.41,Credit Card
8452,2026-04-06 15:00:48.604860,Education,Uber,1253.16,Debit Card
8453,2026-04-06 16:19:17.875787,Travel,Amazon,2881.89,Credit Card
8454,2026-04-06 17:37:47.146714,Education,Airtel,4023.86,UPI
8455,2026-04-06 18:56:16.417641,Shopping,Amazon,3809.09,Cash
8456,2026-04-06 20:14:45.688568,Education,Flipkart,3647.41,Cash
8457,2026-04-06 21:33:14.959495,Bills,Myntra,1907.56,Debit Card
8458,2026-04-06 22:51:44.230423,Entertainment,Swiggy,741.2,UPI
8459,2026-04-07 00:10:13.501350,Food,Netflix,1092.39,Credit Card
8460,2026-04-07 01:28:42.772277,Entertainment,Netflix,3721.3,UPI
8461,2026-04-07 02:47:12.043204,Transport,Amazon,780.29,Credit Card
8462,2026-04-07 04:05:41.314131,Healthcare,Uber,1153.59,Credit Card
8463,2026-04-07 05:24:10.585058,Healthcare,Uber,2151.54,Debit Card
8464,2026-04-07 06:42:39.855985,Entertainment,Flipkart,406.96,Credit Card
8465,2026-04-07 08:01:09.126912,Shopping,Amazon,1102.83,Debit Card
8466,2026-04-07 09:19:38.397839,Shopping,Amazon,791.35,Cash
8467,2026-04-07 10:38:07.668766,Bills,Netflix,4759.04,Debit Card
8468,2026-04-07 11:56:36.939693,Bills,Reliance,998.05,Debit Card
8469,2026-04-07 13:15:06.210621,Healthcare,Amazon,4315.76,Debit Card
8470,2026-04-07 14:33:35.481548,Bills,Swiggy,618.25,Cash
8471,2026-04-07 15:52:04.752475,Travel,Myntra,4354.88,Debit Card
8472,2026-04-07 17:10:34.023402,Travel,Myntra,3017.2,Credit Card
8473,2026-04-07 18:29:03.294329,Food,Swiggy,4256.04,Credit Card
8474,2026-04-07 19:47:32.565256,Bills,Reliance,4343.38,Debit Card
8475,2026-04-07 21:06:01.836183,Food,Uber,3002.05,Credit Card
8476,2026-04-07 22:24:31.107110,Bills,Netflix,4592.59,Debit Card
8477,2026-04-07 23:43:00.378037,Healthcare,Myntra,2947.97,Cash
8478,2026-04-08 01:01:29.648964,Healthcare,Zomato,3577.2,Credit Card
8479,2026-04-08 02:19:58.919891,Food,Airtel,2109.6,Debit Card
8480,2026-04-08 03:38:28.190819,Entertainment,Netflix,4574.64,UPI
8481,2026-04-08 04:56:57.461746,Healthcare,Reliance,4129.6,Cash
8482,2026-04-08 06:15:26.732673,Entertainment,Zomato,875.23,UPI
8483,2026-04-08 07:33:56.003600,Shopping,Amazon,2903.12,Debit Card
8484,2026-04-08 08:52:25.274527,Travel,Swiggy,4489.3,Credit Card
8485,2026-04-08 10:10:54.545454,Food,Amazon,3975.67,Debit Card
8486,2026-04-08 11:29:23.816381,Education,Flipkart,4814.64,Credit Card
8487,2026-04-08 12:47:53.087308,Healthcare,Local Store,1194.94,Debit Card
8488,2026-04-08 14:06:22.358235,Transport,Swiggy,1868.93,Debit Card
8489,2026-04-08 15:24:51.629162,Shopping,Zomato,2560.6,Credit Card
8490,2026-04-08 16:43:20.900090,Entertainment,Airtel,1201.71,Credit Card
8491,2026-04-08 18:01:50.171017,Healthcare,Local Store,2000.52,Debit Card
8492,2026-04-08 19:20:19.441944,Food,Flipkart,2710.82,UPI
8493,2026-04-08 20:38:48.712871,Education,Uber,997.13,Cash
8494,2026-04-08 21:57:17.983798,Bills,Flipkart,1320.6,UPI
8495,2026-04-08 23:15:47.254725,Education,Local Store,667.97,UPI
8496,2026-04-09 00:34:16.525652,Transport,Myntra,3581.24,UPI
8497,2026-04-09 01:52:45.796579,Entertainment,Netflix,1839.68,UPI
8498,2026-04-09 03:11:15.067506,Shopping,Reliance,1140.32,Credit Card
8499,2026-04-09 04:29:44.338433,Education,Amazon,2561.25,UPI
8500,2026-04-09 05:48:13.609360,Food,Uber,387.83,Cash
8501,2026-04-09 07:06:42.880288,Transport,Reliance,4620.86,Credit Card
8502,2026-04-09 08:25:12.151215,Food,Flipkart,1507.61,UPI
8503,2026-04-09 09:43:41.422142,Healthcare,Airtel,4438.0,Credit Card
8504,2026-04-09 11:02:10.693069,Bills,Amazon,2513.22,UPI
8505,2026-04-09 12:20:39.963996,Shopping,Uber,4258.24,UPI
8506,2026-04-09 13:39:09.234923,Food,Reliance,1272.97,Cash
8507,2026-04-09 14:57:38.505850,Entertainment,Amazon,917.59,Credit Card
8508,2026-04-09 16:16:07.776777,Healthcare,Amazon,4254.59,Credit Card
8509,2026-04-09 17:34:37.047704,Healthcare,Uber,1103.97,Debit Card
8510,2026-04-09 18:53:06.318631,Shopping,Zomato,3743.67,UPI
8511,2026-04-09 20:11:35.589558,Healthcare,Netflix,1755.69,UPI
8512,2026-04-09 21:30:04.860486,Entertainment,Zomato,3753.56,Cash
8513,2026-04-09 22:48:34.131413,Food,Amazon,4542.85,Cash
8514,2026-04-10 00:07:03.402340,Shopping,Local Store,4909.11,Credit Card
8515,2026-04-10 01:25:32.673267,Travel,Swiggy,1831.06,Cash
8516,2026-04-10 02:44:01.944194,Healthcare,Local Store,1869.25,Credit Card
8517,2026-04-10 04:02:31.215121,Healthcare,Uber,32096.84,UPI
8518,2026-04-10 05:21:00.486048,Entertainment,Amazon,4314.56,UPI
8519,2026-04-10 06:39:29.756975,Bills,Amazon,273.21,Credit Card
8520,2026-04-10 07:57:59.027902,Bills,Airtel,2888.58,Cash
8521,2026-04-10 09:16:28.298829,Education,Netflix,947.16,Cash
8522,2026-04-10 10:34:57.569756,Healthcare,Airtel,4970.36,Credit Card
8523,2026-04-10 11:53:26.840684,Travel,Uber,737.67,UPI
8524,2026-04-10 13:11:56.111611,Food,Myntra,2818.77,Credit Card
8525,2026-04-10 14:30:25.382538,Shopping,Zomato,3342.73,Cash
8526,2026-04-10 15:48:54.653465,Healthcare,Airtel,4688.47,Credit Card
8527,2026-04-10 17:07:23.924392,Transport,Uber,4243.93,UPI
8528,2026-04-10 18:25:53.195319,Shopping,Zomato,1266.49,Debit Card
8529,2026-04-10 19:44:22.466246,Education,Uber,2884.49,Credit Card
8530,2026-04-10 21:02:51.737173,Bills,Myntra,4770.19,Debit Card
8531,2026-04-10 22:21:21.008100,Travel,Netflix,3691.8,Credit Card
8532,2026-04-10 23:39:50.279027,Healthcare,Netflix,3457.26,Cash
8533,2026-04-11 00:58:19.549955,Entertainment,Uber,3786.76,Cash
8534,2026-04-11 02:16:48.820882,Transport,Airtel,1646.41,Debit Card
8535,2026-04-11 03:35:18.091809,Healthcare,Netflix,3659.8,Credit Card
8536,2026-04-11 04:53:47.362736,Travel,Swiggy,1202.63,Cash
8537,2026-04-11 06:12:16.633663,Education,Airtel,2169.11,Debit Card
8538,2026-04-11 07:30:45.904590,Food,Reliance,4455.15,Debit Card
8539,2026-04-11 08:49:15.175517,Transport,Flipkart,143.91,Credit Card
8540,2026-04-11 10:07:44.446444,Education,Uber,2100.88,Cash
8541,2026-04-11 11:26:13.717371,Healthcare,Uber,1370.77,Debit Card
8542,2026-04-11 12:44:42.988298,Food,Uber,1033.02,UPI
8543,2026-04-11 14:03:12.259225,Transport,Myntra,4200.95,UPI
8544,2026-04-11 15:21:41.530153,Food,Uber,3497.67,Cash
8545,2026-04-11 16:40:10.801080,Food,Netflix,607.53,Cash
8546,2026-04-11 17:58:40.072007,Transport,Netflix,2497.59,UPI
8547,2026-04-11 19:17:09.342934,Transport,Flipkart,2361.18,Debit Card
8548,2026-04-11 20:35:38.613861,Food,Flipkart,755.51,Credit Card
8549,2026-04-11 21:54:07.884788,Education,Local Store,4008.83,Debit Card
8550,2026-04-11 23:12:37.155715,Travel,Airtel,1865.04,Cash
8551,2026-04-12 00:31:06.426642,Bills,Netflix,3821.59,Cash
8552,2026-04-12 01:49:35.697569,Transport,Netflix,1000.71,Credit Card
8553,2026-04-12 03:08:04.968496,Healthcare,Myntra,1609.61,Debit Card
8554,2026-04-12 04:26:34.239423,Shopping,Netflix,521.1,Credit Card
8555,2026-04-12 05:45:03.510351,Entertainment,Netflix,760.22,Debit Card
8556,2026-04-12 07:03:32.781278,Food,Local Store,4421.76,Debit Card
8557,2026-04-12 08:22:02.052205,Food,Swiggy,590.11,UPI
8558,2026-04-12 09:40:31.323132,Entertainment,Local Store,523.87,Debit Card
8559,2026-04-12 10:59:00.594059,Bills,Swiggy,4704.87,Cash
8560,2026-04-12 12:17:29.864986,Entertainment,Local Store,3247.22,Cash
8561,2026-04-12 13:35:59.135913,Transport,Netflix,549.53,Cash
8562,2026-04-12 14:54:28.406840,Entertainment,Local Store,4860.0,UPI
8563,2026-04-12 16:12:57.677767,Food,Netflix,778.15,Credit Card
8564,2026-04-12 17:31:26.948694,Entertainment,Netflix,3843.41,Cash
8565,2026-04-12 18:49:56.219621,Shopping,Flipkart,222.51,Cash
8566,2026-04-12 20:08:25.490549,Healthcare,Amazon,3141.48,Credit Card
8567,2026-04-12 21:26:54.761476,Transport,Swiggy,2756.18,UPI
8568,2026-04-12 22:45:24.032403,Entertainment,Reliance,1079.62,Debit Card
8569,2026-04-13 00:03:53.303330,Food,Airtel,3233.57,Credit Card
8570,2026-04-13 01:22:22.574257,Education,Airtel,3104.41,Debit Card
8571,2026-04-13 02:40:51.845184,Healthcare,Local Store,4001.84,Debit Card
8572,2026-04-13 03:59:21.116111,Transport,Amazon,4385.58,Debit Card
8573,2026-04-13 05:17:50.387038,Food,Myntra,2575.02,Credit Card
8574,2026-04-13 06:36:19.657965,Bills,Reliance,2476.96,Credit Card
8575,2026-04-13 07:54:48.928892,Shopping,Airtel,3126.9,Debit Card
8576,2026-04-13 09:13:18.199819,Travel,Zomato,3659.58,UPI
8577,2026-04-13 10:31:47.470747,Bills,Uber,1813.05,UPI
8578,2026-04-13 11:50:16.741674,Travel,Zomato,2547.98,UPI
8579,2026-04-13 13:08:46.012601,Shopping,Myntra,2946.27,Cash
8580,2026-04-13 14:27:15.283528,Entertainment,Reliance,4942.47,Debit Card
8581,2026-04-13 15:45:44.554455,Transport,Airtel,2959.18,Cash
8582,2026-04-13 17:04:13.825382,Entertainment,Local Store,1159.72,UPI
8583,2026-04-13 18:22:43.096309,Shopping,Uber,2960.55,Credit Card
8584,2026-04-13 19:41:12.367236,Shopping,Swiggy,4106.52,UPI
8585,2026-04-13 20:59:41.638163,Shopping,Airtel,4294.15,Cash
8586,2026-04-13 22:18:10.909090,Travel,Airtel,4011.24,Cash
8587,2026-04-13 23:36:40.180018,Healthcare,Myntra,4446.64,UPI
8588,2026-04-14 00:55:09.450945,Food,Airtel,1707.09,Debit Card
8589,2026-04-14 02:13:38.721872,Transport,Reliance,2562.47,Credit Card
8590,2026-04-14 03:32:07.992799,Entertainment,Amazon,3908.98,Credit Card
8591,2026-04-14 04:50:37.263726,Entertainment,Reliance,1359.03,UPI
8592,2026-04-14 06:09:06.534653,Bills,Swiggy,1889.33,Debit Card
8593,2026-04-14 07:27:35.805580,Travel,Amazon,4164.22,Debit Card
8594,2026-04-14 08:46:05.076507,Shopping,Airtel,3861.92,UPI
8595,2026-04-14 10:04:34.347434,Education,Airtel,4857.44,Credit Card
8596,2026-04-14 11:23:03.618361,Shopping,Uber,4980.07,Credit Card
8597,2026-04-14 12:41:32.889288,Shopping,Airtel,1241.69,Credit Card
8598,2026-04-14 14:00:02.160216,Education,Netflix,4507.23,Debit Card
8599,2026-04-14 15:18:31.431143,Entertainment,Swiggy,517.85,UPI
8600,2026-04-14 16:37:00.702070,Bills,Flipkart,3563.51,Debit Card
8601,2026-04-14 17:55:29.972997,Food,Local Store,1139.49,Credit Card
8602,2026-04-14 19:13:59.243924,Education,Uber,1536.54,Debit Card
8603,2026-04-14 20:32:28.514851,Travel,Zomato,4734.29,Credit Card
8604,2026-04-14 21:50:57.785778,Healthcare,Amazon,1352.6,UPI
8605,2026-04-14 23:09:27.056705,Transport,Flipkart,3382.23,Credit Card
8606,2026-04-15 00:27:56.327632,Travel,Local Store,931.74,Cash
8607,2026-04-15 01:46:25.598559,Education,Airtel,512.28,Cash
8608,2026-04-15 03:04:54.869486,Food,Reliance,1729.62,UPI
8609,2026-04-15 04:23:24.140414,Entertainment,Netflix,3139.77,Debit Card
8610,2026-04-15 05:41:53.411341,Healthcare,Amazon,1277.33,Debit Card
8611,2026-04-15 07:00:22.682268,Healthcare,Amazon,1535.84,Debit Card
8612,2026-04-15 08:18:51.953195,Healthcare,Amazon,3558.21,Credit Card
8613,2026-04-15 09:37:21.224122,Shopping,Swiggy,558.84,Cash
8614,2026-04-15 10:55:50.495049,Transport,Amazon,2262.18,UPI
8615,2026-04-15 12:14:19.765976,Entertainment,Uber,4711.59,Debit Card
8616,2026-04-15 13:32:49.036903,Entertainment,Local Store,2015.01,Debit Card
8617,2026-04-15 14:51:18.307830,Healthcare,Reliance,2199.3,UPI
8618,2026-04-15 16:09:47.578757,Entertainment,Uber,3704.11,Credit Card
8619,2026-04-15 17:28:16.849684,Transport,Uber,3906.11,Debit Card
8620,2026-04-15 18:46:46.120612,Transport,Netflix,3859.55,Credit Card
8621,2026-04-15 20:05:15.391539,Bills,Reliance,4989.44,Credit Card
8622,2026-04-15 21:23:44.662466,Education,Netflix,403.68,Credit Card
8623,2026-04-15 22:42:13.933393,Education,Amazon,4912.15,Debit Card
8624,2026-04-16 00:00:43.204320,Bills,Amazon,4753.44,Debit Card
8625,2026-04-16 01:19:12.475247,Food,Uber,4268.09,UPI
8626,2026-04-16 02:37:41.746174,Education,Uber,2297.92,UPI
8627,2026-04-16 03:56:11.017101,Transport,Amazon,4360.97,Credit Card
8628,2026-04-16 05:14:40.288028,Transport,Myntra,1143.12,Debit Card
8629,2026-04-16 06:33:09.558955,Education,Local Store,3968.7,Credit Card
8630,2026-04-16 07:51:38.829882,Transport,Swiggy,966.93,UPI
8631,2026-04-16 09:10:08.100810,Bills,Flipkart,4086.04,Credit Card
8632,2026-04-16 10:28:37.371737,Healthcare,Airtel,3091.92,Cash
8633,2026-04-16 11:47:06.642664,Healthcare,Zomato,535.25,Credit Card
8634,2026-04-16 13:05:35.913591,Entertainment,Reliance,4481.83,Debit Card
8635,2026-04-16 14:24:05.184518,Travel,Netflix,2910.89,Credit Card
8636,2026-04-16 15:42:34.455445,Travel,Reliance,3298.43,Credit Card
8637,2026-04-16 17:01:03.726372,Healthcare,Amazon,1453.37,Debit Card
8638,2026-04-16 18:19:32.997299,Shopping,Flipkart,4364.6,Cash
8639,2026-04-16 19:38:02.268226,Bills,Zomato,2748.74,Debit Card
8640,2026-04-16 20:56:31.539153,Transport,Uber,2134.55,UPI
8641,2026-04-16 22:15:00.810081,Education,Uber,2694.69,Cash
8642,2026-04-16 23:33:30.081008,Healthcare,Netflix,3531.4,Cash
8643,2026-04-17 00:51:59.351935,Bills,Local Store,3490.49,Debit Card
8644,2026-04-17 02:10:28.622862,Healthcare,Airtel,1820.01,Credit Card
8645,2026-04-17 03:28:57.893789,Food,Local Store,1957.03,UPI
8646,2026-04-17 04:47:27.164716,Transport,Flipkart,2833.08,UPI
8647,2026-04-17 06:05:56.435643,Food,Local Store,4625.82,Cash
8648,2026-04-17 07:24:25.706570,Transport,Netflix,3739.88,UPI
8649,2026-04-17 08:42:54.977497,Bills,Zomato,1982.55,Cash
8650,2026-04-17 10:01:24.248424,Entertainment,Zomato,1718.31,Cash
8651,2026-04-17 11:19:53.519351,Healthcare,Zomato,2642.0,UPI
8652,2026-04-17 12:38:22.790279,Healthcare,Uber,4356.46,Cash
8653,2026-04-17 13:56:52.061206,Shopping,Myntra,92.96,Credit Card
8654,2026-04-17 15:15:21.332133,Education,Flipkart,3566.91,Cash
8655,2026-04-17 16:33:50.603060,Food,Airtel,1507.84,Credit Card
8656,2026-04-17 17:52:19.873987,Healthcare,Flipkart,1081.57,Credit Card
8657,2026-04-17 19:10:49.144914,Bills,Flipkart,110.08,Credit Card
8658,2026-04-17 20:29:18.415841,Entertainment,Local Store,4488.12,UPI
8659,2026-04-17 21:47:47.686768,Education,Swiggy,4565.63,Credit Card
8660,2026-04-17 23:06:16.957695,Bills,Flipkart,354.02,UPI
8661,2026-04-18 00:24:46.228622,Food,Netflix,2632.99,Debit Card
8662,2026-04-18 01:43:15.499549,Shopping,Swiggy,805.24,Credit Card
8663,2026-04-18 03:01:44.770477,Healthcare,Myntra,3805.5,Cash
8664,2026-04-18 04:20:14.041404,Bills,Netflix,3343.69,Debit Card
8665,2026-04-18 05:38:43.312331,Education,Flipkart,1520.8,Debit Card
8666,2026-04-18 06:57:12.583258,Transport,Reliance,628.95,Credit Card
8667,2026-04-18 08:15:41.854185,Entertainment,Uber,4164.54,UPI
8668,2026-04-18 09:34:11.125112,Education,Local Store,3387.55,Debit Card
8669,2026-04-18 10:52:40.396039,Bills,Amazon,83.76,Credit Card
8670,2026-04-18 12:11:09.666966,Entertainment,Airtel,3157.97,Debit Card
8671,2026-04-18 13:29:38.937893,Healthcare,Airtel,4060.97,Debit Card
8672,2026-04-18 14:48:08.208820,Transport,Netflix,2974.3,Credit Card
8673,2026-04-18 16:06:37.479747,Shopping,Airtel,2152.33,Cash
8674,2026-04-18 17:25:06.750675,Education,Swiggy,2940.4,Cash
8675,2026-04-18 18:43:36.021602,Shopping,Zomato,3117.57,Cash
8676,2026-04-18 20:02:05.292529,Transport,Reliance,3218.17,Debit Card
8677,2026-04-18 21:20:34.563456,Entertainment,Amazon,4836.87,UPI
8678,2026-04-18 22:39:03.834383,Healthcare,Airtel,934.31,UPI
8679,2026-04-18 23:57:33.105310,Bills,Airtel,3134.31,Debit Card
8680,2026-04-19 01:16:02.376237,Transport,Netflix,980.57,Debit Card
8681,2026-04-19 02:34:31.647164,Food,Flipkart,1089.29,Credit Card
8682,2026-04-19 03:53:00.918091,Entertainment,Uber,3362.83,UPI
8683,2026-04-19 05:11:30.189018,Shopping,Local Store,4583.97,Debit Card
8684,2026-04-19 06:29:59.459946,Education,Local Store,837.27,Cash
8685,2026-04-19 07:48:28.730873,Transport,Local Store,4814.2,UPI
8686,2026-04-19 09:06:58.001800,Shopping,Local Store,1630.89,Debit Card
8687,2026-04-19 10:25:27.272727,Entertainment,Myntra,1987.0,Credit Card
8688,2026-04-19 11:43:56.543654,Shopping,Amazon,810.72,Credit Card
8689,2026-04-19 13:02:25.814581,Transport,Flipkart,3098.39,UPI
8690,2026-04-19 14:20:55.085508,Entertainment,Uber,3002.28,Cash
8691,2026-04-19 15:39:24.356435,Food,Uber,2239.24,UPI
8692,2026-04-19 16:57:53.627362,Transport,Netflix,2406.65,Debit Card
8693,2026-04-19 18:16:22.898289,Bills,Reliance,3133.73,Cash
8694,2026-04-19 19:34:52.169216,Travel,Airtel,31770.46,Debit Card
8695,2026-04-19 20:53:21.440144,Healthcare,Airtel,1902.6,Cash
8696,2026-04-19 22:11:50.711071,Transport,Flipkart,4426.37,Cash
8697,2026-04-19 23:30:19.981998,Entertainment,Myntra,3354.92,Debit Card
8698,2026-04-20 00:48:49.252925,Education,Swiggy,1066.76,UPI
8699,2026-04-20 02:07:18.523852,Healthcare,Zomato,1633.52,Credit Card
8700,2026-04-20 03:25:47.794779,Transport,Flipkart,3950.0,Cash
8701,2026-04-20 04:44:17.065706,Food,Swiggy,567.4,Cash
8702,2026-04-20 06:02:46.336633,Education,Zomato,3763.65,Credit Card
8703,2026-04-20 07:21:15.607560,Food,Uber,1826.27,UPI
8704,2026-04-20 08:39:44.878487,Bills,Myntra,2780.87,Credit Card
8705,2026-04-20 09:58:14.149414,Education,Flipkart,1438.76,UPI
8706,2026-04-20 11:16:43.420342,Shopping,Local Store,4932.96,Cash
8707,2026-04-20 12:35:12.691269,Travel,Uber,4533.91,Cash
8708,2026-04-20 13:53:41.962196,Education,Swiggy,4645.83,Debit Card
8709,2026-04-20 15:12:11.233123,Healthcare,Flipkart,964.64,UPI
8710,2026-04-20 16:30:40.504050,Education,Flipkart,4216.37,Credit Card
8711,2026-04-20 17:49:09.774977,Entertainment,Netflix,2700.22,UPI
8712,2026-04-20 19:07:39.045904,Travel,Amazon,3553.9,UPI
8713,2026-04-20 20:26:08.316831,Entertainment,Uber,1126.65,UPI
8714,2026-04-20 21:44:37.587758,Shopping,Flipkart,3574.32,UPI
8715,2026-04-20 23:03:06.858685,Education,Airtel,4575.62,Credit Card
8716,2026-04-21 00:21:36.129612,Food,Airtel,1374.03,Debit Card
8717,2026-04-21 01:40:05.400540,Food,Amazon,1205.13,Cash
8718,2026-04-21 02:58:34.671467,Transport,Flipkart,566.85,Credit Card
8719,2026-04-21 04:17:03.942394,Bills,Local Store,1370.69,Credit Card
8720,2026-04-21 05:35:33.213321,Healthcare,Amazon,2702.17,Cash
8721,2026-04-21 06:54:02.484248,Travel,Amazon,4171.95,Debit Card
8722,2026-04-21 08:12:31.755175,Bills,Swiggy,1430.06,Credit Card
8723,2026-04-21 09:31:01.026102,Education,Swiggy,3124.66,Cash
8724,2026-04-21 10:49:30.297029,Bills,Reliance,2423.97,Debit Card
8725,2026-04-21 12:07:59.567956,Transport,Uber,1478.47,Debit Card
8726,2026-04-21 13:26:28.838883,Bills,Zomato,2576.28,UPI
8727,2026-04-21 14:44:58.109810,Travel,Amazon,881.41,Credit Card
8728,2026-04-21 16:03:27.380738,Shopping,Swiggy,3215.91,Debit Card
8729,2026-04-21 17:21:56.651665,Transport,Myntra,622.53,Credit Card
8730,2026-04-21 18:40:25.922592,Shopping,Reliance,3668.35,Cash
8731,2026-04-21 19:58:55.193519,Education,Flipkart,929.68,Credit Card
8732,2026-04-21 21:17:24.464446,Transport,Uber,4990.89,Debit Card
8733,2026-04-21 22:35:53.735373,Education,Flipkart,4127.18,Cash
8734,2026-04-21 23:54:23.006300,Education,Reliance,1752.01,Cash
8735,2026-04-22 01:12:52.277227,Bills,Netflix,2159.71,UPI
8736,2026-04-22 02:31:21.548154,Shopping,Airtel,1333.0,Cash
8737,2026-04-22 03:49:50.819081,Education,Uber,3847.22,Debit Card
8738,2026-04-22 05:08:20.090009,Shopping,Airtel,1934.6,UPI
8739,2026-04-22 06:26:49.360936,Shopping,Myntra,3788.17,Debit Card
8740,2026-04-22 07:45:18.631863,Transport,Flipkart,141.09,Debit Card
8741,2026-04-22 09:03:47.902790,Entertainment,Netflix,721.32,UPI
8742,2026-04-22 10:22:17.173717,Bills,Myntra,1856.62,UPI
8743,2026-04-22 11:40:46.444644,Education,Zomato,589.1,Credit Card
8744,2026-04-22 12:59:15.715571,Shopping,Flipkart,3025.58,Debit Card
8745,2026-04-22 14:17:44.986498,Healthcare,Reliance,301.62,Credit Card
8746,2026-04-22 15:36:14.257425,Entertainment,Netflix,4305.83,Cash
8747,2026-04-22 16:54:43.528352,Education,Uber,3818.47,Cash
8748,2026-04-22 18:13:12.799279,Healthcare,Netflix,1120.47,Credit Card
8749,2026-04-22 19:31:42.070207,Bills,Flipkart,2444.77,UPI
8750,2026-04-22 20:50:11.341134,Bills,Swiggy,2286.47,Cash
8751,2026-04-22 22:08:40.612061,Shopping,Myntra,3638.08,UPI
8752,2026-04-22 23:27:09.882988,Shopping,Netflix,2037.47,Credit Card
8753,2026-04-23 00:45:39.153915,Travel,Airtel,213.03,UPI
8754,2026-04-23 02:04:08.424842,Travel,Myntra,1404.99,Debit Card
8755,2026-04-23 03:22:37.695769,Education,Airtel,2357.67,Cash
8756,2026-04-23 04:41:06.966696,Transport,Netflix,4873.74,UPI
8757,2026-04-23 05:59:36.237623,Entertainment,Swiggy,4411.74,UPI
8758,2026-04-23 07:18:05.508550,Education,Myntra,947.96,Debit Card
8759,2026-04-23 08:36:34.779477,Entertainment,Reliance,3630.22,UPI
8760,2026-04-23 09:55:04.050405,Shopping,Myntra,4687.29,Credit Card
8761,2026-04-23 11:13:33.321332,Bills,Uber,93.52,Credit Card
8762,2026-04-23 12:32:02.592259,Shopping,Netflix,3618.68,Credit Card
8763,2026-04-23 13:50:31.863186,Bills,Zomato,2323.7,Cash
8764,2026-04-23 15:09:01.134113,Travel,Flipkart,3417.17,UPI
8765,2026-04-23 16:27:30.405040,Education,Amazon,3047.67,Cash
8766,2026-04-23 17:45:59.675967,Travel,Local Store,4924.09,Cash
8767,2026-04-23 19:04:28.946894,Bills,Zomato,1479.64,UPI
8768,2026-04-23 20:22:58.217821,Shopping,Airtel,3941.41,UPI
8769,2026-04-23 21:41:27.488748,Travel,Reliance,1211.47,Credit Card
8770,2026-04-23 22:59:56.759675,Food,Reliance,2206.26,Cash
8771,2026-04-24 00:18:26.030603,Entertainment,Local Store,4878.14,Cash
8772,2026-04-24 01:36:55.301530,Healthcare,Swiggy,3842.37,UPI
8773,2026-04-24 02:55:24.572457,Bills,Uber,1613.32,Cash
8774,2026-04-24 04:13:53.843384,Bills,Flipkart,3115.88,Debit Card
8775,2026-04-24 05:32:23.114311,Food,Zomato,295.98,UPI
8776,2026-04-24 06:50:52.385238,Education,Amazon,1368.65,Credit Card
8777,2026-04-24 08:09:21.656165,Education,Myntra,3606.03,Debit Card
8778,2026-04-24 09:27:50.927092,Education,Local Store,2871.96,Debit Card
8779,2026-04-24 10:46:20.198019,Healthcare,Swiggy,2374.88,Credit Card
8780,2026-04-24 12:04:49.468946,Transport,Reliance,3469.84,Debit Card
8781,2026-04-24 13:23:18.739873,Food,Amazon,2022.37,Debit Card
8782,2026-04-24 14:41:48.010801,Healthcare,Reliance,179.47,Debit Card
8783,2026-04-24 16:00:17.281728,Travel,Netflix,2233.08,Cash
8784,2026-04-24 17:18:46.552655,Food,Local Store,4515.54,Debit Card
8785,2026-04-24 18:37:15.823582,Bills,Swiggy,4290.24,Debit Card
8786,2026-04-24 19:55:45.094509,Entertainment,Myntra,2074.54,UPI
8787,2026-04-24 21:14:14.365436,Food,Airtel,160.0,Credit Card
8788,2026-04-24 22:32:43.636363,Transport,Swiggy,3199.72,Cash
8789,2026-04-24 23:51:12.907290,Shopping,Flipkart,3718.91,Cash
8790,2026-04-25 01:09:42.178217,Travel,Myntra,1506.51,Credit Card
8791,2026-04-25 02:28:11.449144,Healthcare,Zomato,2409.49,Cash
8792,2026-04-25 03:46:40.720072,Travel,Swiggy,4959.69,Cash
8793,2026-04-25 05:05:09.990999,Travel,Myntra,2902.9,Cash
8794,2026-04-25 06:23:39.261926,Food,Zomato,1787.82,UPI
8795,2026-04-25 07:42:08.532853,Food,Swiggy,3156.07,UPI
8796,2026-04-25 09:00:37.803780,Transport,Amazon,941.11,Cash
8797,2026-04-25 10:19:07.074707,Entertainment,Airtel,1036.3,Credit Card
8798,2026-04-25 11:37:36.345634,Food,Amazon,4628.38,Credit Card
8799,2026-04-25 12:56:05.616561,Food,Flipkart,1234.04,UPI
8800,2026-04-25 14:14:34.887488,Entertainment,Myntra,1588.41,UPI
8801,2026-04-25 15:33:04.158415,Transport,Zomato,2741.7,Debit Card
8802,2026-04-25 16:51:33.429342,Healthcare,Netflix,4503.48,UPI
8803,2026-04-25 18:10:02.700270,Travel,Swiggy,3918.17,Cash
8804,2026-04-25 19:28:31.971197,Healthcare,Netflix,266.73,UPI
8805,2026-04-25 20:47:01.242124,Food,Swiggy,3480.5,Debit Card
8806,2026-04-25 22:05:30.513051,Entertainment,Flipkart,2545.1,Debit Card
8807,2026-04-25 23:23:59.783978,Food,Netflix,2403.99,Credit Card
8808,2026-04-26 00:42:29.054905,Education,Zomato,3473.21,Credit Card
8809,2026-04-26 02:00:58.325832,Shopping,Uber,1021.35,Cash
8810,2026-04-26 03:19:27.596759,Healthcare,Amazon,4908.37,UPI
8811,2026-04-26 04:37:56.867686,Education,Zomato,3244.27,Debit Card
8812,2026-04-26 05:56:26.138613,Bills,Reliance,1860.0,Debit Card
8813,2026-04-26 07:14:55.409540,Shopping,Local Store,3021.0,Credit Card
8814,2026-04-26 08:33:24.680468,Food,Flipkart,1121.53,Credit Card
8815,2026-04-26 09:51:53.951395,Transport,Airtel,3187.52,UPI
8816,2026-04-26 11:10:23.222322,Healthcare,Swiggy,189.67,Debit Card
8817,2026-04-26 12:28:52.493249,Bills,Zomato,1738.85,Credit Card
8818,2026-04-26 13:47:21.764176,Shopping,Netflix,3750.21,UPI
8819,2026-04-26 15:05:51.035103,Healthcare,Local Store,4049.49,UPI
8820,2026-04-26 16:24:20.306030,Entertainment,Uber,1301.95,UPI
8821,2026-04-26 17:42:49.576957,Transport,Reliance,2720.08,Credit Card
8822,2026-04-26 19:01:18.847884,Shopping,Netflix,2666.04,Credit Card
8823,2026-04-26 20:19:48.118811,Entertainment,Amazon,2136.21,Credit Card
8824,2026-04-26 21:38:17.389738,Education,Uber,1180.74,Cash
8825,2026-04-26 22:56:46.660666,Food,Local Store,3530.98,Cash
8826,2026-04-27 00:15:15.931593,Entertainment,Myntra,1299.19,Cash
8827,2026-04-27 01:33:45.202520,Shopping,Myntra,4559.58,Credit Card
8828,2026-04-27 02:52:14.473447,Travel,Local Store,2666.08,Credit Card
8829,2026-04-27 04:10:43.744374,Shopping,Myntra,4358.87,Cash
8830,2026-04-27 05:29:13.015301,Travel,Flipkart,1489.18,Debit Card
8831,2026-04-27 06:47:42.286228,Education,Zomato,4045.04,Debit Card
8832,2026-04-27 08:06:11.557155,Food,Swiggy,612.63,Debit Card
8833,2026-04-27 09:24:40.828082,Travel,Zomato,3845.81,Debit Card
8834,2026-04-27 10:43:10.099009,Travel,Reliance,1965.38,Cash
8835,2026-04-27 12:01:39.369936,Entertainment,Zomato,2376.45,UPI
8836,2026-04-27 13:20:08.640864,Entertainment,Zomato,875.7,UPI
8837,2026-04-27 14:38:37.911791,Food,Amazon,142.21,Debit Card
8838,2026-04-27 15:57:07.182718,Entertainment,Swiggy,3347.68,Credit Card
8839,2026-04-27 17:15:36.453645,Healthcare,Zomato,2959.21,Debit Card
8840,2026-04-27 18:34:05.724572,Food,Swiggy,3131.02,Debit Card
8841,2026-04-27 19:52:34.995499,Transport,Airtel,1312.26,UPI
8842,2026-04-27 21:11:04.266426,Travel,Myntra,1234.42,Credit Card
8843,2026-04-27 22:29:33.537353,Shopping,Netflix,4159.97,UPI
8844,2026-04-27 23:48:02.808280,Transport,Amazon,3818.2,Credit Card
8845,2026-04-28 01:06:32.079207,Travel,Myntra,1717.11,Cash
8846,2026-04-28 02:25:01.350135,Healthcare,Swiggy,3207.14,UPI
8847,2026-04-28 03:43:30.621062,Travel,Myntra,4149.34,Cash
8848,2026-04-28 05:01:59.891989,Travel,Zomato,4449.71,Cash
8849,2026-04-28 06:20:29.162916,Travel,Netflix,78.74,Debit Card
8850,2026-04-28 07:38:58.433843,Education,Zomato,4076.64,Credit Card
8851,2026-04-28 08:57:27.704770,Healthcare,Reliance,1784.44,UPI
8852,2026-04-28 10:15:56.975697,Bills,Zomato,3605.97,Debit Card
8853,2026-04-28 11:34:26.246624,Bills,Netflix,1888.44,UPI
8854,2026-04-28 12:52:55.517551,Bills,Uber,3050.93,Cash
8855,2026-04-28 14:11:24.788478,Food,Airtel,3251.57,UPI
8856,2026-04-28 15:29:54.059405,Entertainment,Swiggy,2054.71,UPI
8857,2026-04-28 16:48:23.330333,Healthcare,Airtel,2588.29,Debit Card
8858,2026-04-28 18:06:52.601260,Transport,Reliance,3645.25,Credit Card
8859,2026-04-28 19:25:21.872187,Education,Airtel,2407.71,UPI
8860,2026-04-28 20:43:51.143114,Transport,Myntra,119.2,Cash
8861,2026-04-28 22:02:20.414041,Transport,Local Store,113.88,Cash
8862,2026-04-28 23:20:49.684968,Transport,Amazon,3323.49,Debit Card
8863,2026-04-29 00:39:18.955895,Education,Netflix,4243.83,Cash
8864,2026-04-29 01:57:48.226822,Bills,Amazon,3937.1,UPI
8865,2026-04-29 03:16:17.497749,Transport,Netflix,1586.48,Credit Card
8866,2026-04-29 04:34:46.768676,Education,Swiggy,2382.08,UPI
8867,2026-04-29 05:53:16.039603,Education,Airtel,1209.1,Debit Card
8868,2026-04-29 07:11:45.310531,Entertainment,Swiggy,4946.29,Cash
8869,2026-04-29 08:30:14.581458,Education,Zomato,1339.51,UPI
8870,2026-04-29 09:48:43.852385,Bills,Zomato,2110.49,UPI
8871,2026-04-29 11:07:13.123312,Transport,Amazon,3421.59,Cash
8872,2026-04-29 12:25:42.394239,Education,Flipkart,4386.29,Credit Card
8873,2026-04-29 13:44:11.665166,Food,Flipkart,304.8,Credit Card
8874,2026-04-29 15:02:40.936093,Education,Local Store,1540.05,Credit Card
8875,2026-04-29 16:21:10.207020,Shopping,Flipkart,2866.48,Cash
8876,2026-04-29 17:39:39.477947,Shopping,Reliance,3110.65,UPI
8877,2026-04-29 18:58:08.748874,Shopping,Myntra,396.64,Debit Card
8878,2026-04-29 20:16:38.019801,Education,Myntra,3337.19,UPI
8879,2026-04-29 21:35:07.290729,Bills,Zomato,2663.92,Cash
8880,2026-04-29 22:53:36.561656,Transport,Flipkart,4146.76,Cash
8881,2026-04-30 00:12:05.832583,Healthcare,Local Store,1149.84,UPI
8882,2026-04-30 01:30:35.103510,Healthcare,Netflix,1015.38,Cash
8883,2026-04-30 02:49:04.374437,Healthcare,Zomato,3977.02,UPI
8884,2026-04-30 04:07:33.645364,Bills,Swiggy,3534.15,UPI
8885,2026-04-30 05:26:02.916291,Entertainment,Flipkart,3968.78,Credit Card
8886,2026-04-30 06:44:32.187218,Travel,Zomato,3920.57,Cash
8887,2026-04-30 08:03:01.458145,Food,Flipkart,564.8,Cash
8888,2026-04-30 09:21:30.729072,Food,Reliance,1428.99,Credit Card
8889,2026-04-30 10:40:00.000000,Shopping,Local Store,1337.42,Credit Card
8890,2026-04-30 11:58:29.270927,Shopping,Amazon,4676.21,Credit Card
8891,2026-04-30 13:16:58.541854,Education,Uber,2462.96,Debit Card
8892,2026-04-30 14:35:27.812781,Healthcare,Local Store,599.73,Cash
8893,2026-04-30 15:53:57.083708,Education,Flipkart,1483.41,UPI
8894,2026-04-30 17:12:26.354635,Travel,Swiggy,4365.91,UPI
8895,2026-04-30 18:30:55.625562,Healthcare,Swiggy,4242.98,UPI
8896,2026-04-30 19:49:24.896489,Shopping,Amazon,4506.68,Cash
8897,2026-04-30 21:07:54.167416,Transport,Airtel,1973.22,Debit Card
8898,2026-04-30 22:26:23.438343,Entertainment,Swiggy,3224.64,Cash
8899,2026-04-30 23:44:52.709270,Education,Zomato,1426.96,Cash
8900,2026-05-01 01:03:21.980198,Entertainment,Swiggy,945.09,Cash
8901,2026-05-01 02:21:51.251125,Entertainment,Uber,158.41,Cash
8902,2026-05-01 03:40:20.522052,Entertainment,Amazon,1156.03,Cash
8903,2026-05-01 04:58:49.792979,Shopping,Zomato,3041.65,Debit Card
8904,2026-05-01 06:17:19.063906,Food,Flipkart,4525.84,Credit Card
8905,2026-05-01 07:35:48.334833,Shopping,Local Store,710.43,UPI
8906,2026-05-01 08:54:17.605760,Entertainment,Amazon,4594.16,Cash
8907,2026-05-01 10:12:46.876687,Shopping,Uber,1759.66,Cash
8908,2026-05-01 11:31:16.147614,Entertainment,Myntra,2162.8,Cash
8909,2026-05-01 12:49:45.418541,Bills,Uber,1856.64,UPI
8910,2026-05-01 14:08:14.689468,Healthcare,Netflix,2072.61,Debit Card
8911,2026-05-01 15:26:43.960396,Food,Netflix,1333.01,UPI
8912,2026-05-01 16:45:13.231323,Bills,Myntra,3508.09,Debit Card
8913,2026-05-01 18:03:42.502250,Transport,Reliance,3803.01,Credit Card
8914,2026-05-01 19:22:11.773177,Shopping,Swiggy,4124.41,Cash
8915,2026-05-01 20:40:41.044104,Transport,Local Store,1739.38,Debit Card
8916,2026-05-01 21:59:10.315031,Education,Airtel,3834.9,UPI
8917,2026-05-01 23:17:39.585958,Shopping,Airtel,3206.49,Debit Card
8918,2026-05-02 00:36:08.856885,Travel,Local Store,4791.68,Debit Card
8919,2026-05-02 01:54:38.127812,Travel,Uber,2152.69,Credit Card
8920,2026-05-02 03:13:07.398739,Healthcare,Myntra,4961.93,Cash
8921,2026-05-02 04:31:36.669666,Bills,Myntra,3714.95,Cash
8922,2026-05-02 05:50:05.940594,Healthcare,Flipkart,3892.57,UPI
8923,2026-05-02 07:08:35.211521,Education,Amazon,177.24,UPI
8924,2026-05-02 08:27:04.482448,Entertainment,Zomato,2512.12,Credit Card
8925,2026-05-02 09:45:33.753375,Healthcare,Netflix,2665.27,Debit Card
8926,2026-05-02 11:04:03.024302,Healthcare,Airtel,250.97,Debit Card
8927,2026-05-02 12:22:32.295229,Travel,Swiggy,1595.05,UPI
8928,2026-05-02 13:41:01.566156,Entertainment,Zomato,4780.44,Cash
8929,2026-05-02 14:59:30.837083,Travel,Uber,2159.25,Debit Card
8930,2026-05-02 16:18:00.108010,Shopping,Flipkart,974.17,Credit Card
8931,2026-05-02 17:36:29.378937,Entertainment,Zomato,2591.03,UPI
8932,2026-05-02 18:54:58.649864,Bills,Flipkart,217.14,Debit Card
8933,2026-05-02 20:13:27.920792,Healthcare,Airtel,2604.14,Cash
8934,2026-05-02 21:31:57.191719,Travel,Airtel,2991.63,Cash
8935,2026-05-02 22:50:26.462646,Entertainment,Swiggy,1820.59,Credit Card
8936,2026-05-03 00:08:55.733573,Education,Myntra,3824.75,Credit Card
8937,2026-05-03 01:27:25.004500,Education,Uber,721.78,UPI
8938,2026-05-03 02:45:54.275427,Healthcare,Reliance,4397.01,UPI
8939,2026-05-03 04:04:23.546354,Bills,Local Store,4779.45,Cash
8940,2026-05-03 05:22:52.817281,Transport,Swiggy,56.11,Cash
8941,2026-05-03 06:41:22.088208,Travel,Airtel,4221.47,Debit Card
8942,2026-05-03 07:59:51.359135,Bills,Amazon,2555.22,Debit Card
8943,2026-05-03 09:18:20.630063,Food,Myntra,2333.96,Debit Card
8944,2026-05-03 10:36:49.900990,Food,Local Store,1231.46,Credit Card
8945,2026-05-03 11:55:19.171917,Food,Amazon,2264.26,Credit Card
8946,2026-05-03 13:13:48.442844,Healthcare,Swiggy,4754.61,Debit Card
8947,2026-05-03 14:32:17.713771,Education,Zomato,1093.4,Cash
8948,2026-05-03 15:50:46.984698,Shopping,Reliance,936.25,UPI
8949,2026-05-03 17:09:16.255625,Travel,Flipkart,1247.39,Credit Card
8950,2026-05-03 18:27:45.526552,Education,Local Store,2781.58,Credit Card
8951,2026-05-03 19:46:14.797479,Shopping,Local Store,4654.98,Debit Card
8952,2026-05-03 21:04:44.068406,Shopping,Swiggy,2890.71,UPI
8953,2026-05-03 22:23:13.339333,Education,Local Store,1255.24,Credit Card
8954,2026-05-03 23:41:42.610261,Travel,Flipkart,2230.24,UPI
8955,2026-05-04 01:00:11.881188,Healthcare,Flipkart,1982.48,Credit Card
8956,2026-05-04 02:18:41.152115,Bills,Amazon,280.52,UPI
8957,2026-05-04 03:37:10.423042,Shopping,Zomato,2577.68,UPI
8958,2026-05-04 04:55:39.693969,Transport,Flipkart,673.73,Credit Card
8959,2026-05-04 06:14:08.964896,Education,Reliance,4219.11,UPI
8960,2026-05-04 07:32:38.235823,Education,Local Store,2767.37,Cash
8961,2026-05-04 08:51:07.506750,Food,Amazon,4230.8,Credit Card
8962,2026-05-04 10:09:36.777677,Bills,Airtel,4782.42,Credit Card
8963,2026-05-04 11:28:06.048604,Food,Amazon,4718.78,Cash
8964,2026-05-04 12:46:35.319531,Education,Reliance,547.13,UPI
8965,2026-05-04 14:05:04.590459,Education,Myntra,4726.84,Cash
8966,2026-05-04 15:23:33.861386,Shopping,Amazon,3988.95,Credit Card
8967,2026-05-04 16:42:03.132313,Bills,Airtel,3899.41,Cash
8968,2026-05-04 18:00:32.403240,Entertainment,Flipkart,496.14,UPI
8969,2026-05-04 19:19:01.674167,Transport,Netflix,938.6,Cash
8970,2026-05-04 20:37:30.945094,Travel,Netflix,4877.06,Credit Card
8971,2026-05-04 21:56:00.216021,Shopping,Netflix,1106.18,UPI
8972,2026-05-04 23:14:29.486948,Education,Myntra,886.81,Credit Card
8973,2026-05-05 00:32:58.757875,Travel,Airtel,1843.64,Credit Card
8974,2026-05-05 01:51:28.028802,Shopping,Reliance,4571.11,Debit Card
8975,2026-05-05 03:09:57.299729,Transport,Swiggy,2407.16,Credit Card
8976,2026-05-05 04:28:26.570657,Education,Netflix,4606.89,Credit Card
8977,2026-05-05 05:46:55.841584,Transport,Swiggy,1704.98,UPI
8978,2026-05-05 07:05:25.112511,Travel,Myntra,1171.32,UPI
8979,2026-05-05 08:23:54.383438,Entertainment,Swiggy,2501.25,UPI
8980,2026-05-05 09:42:23.654365,Shopping,Local Store,3096.61,Cash
8981,2026-05-05 11:00:52.925292,Healthcare,Myntra,1987.92,Cash
8982,2026-05-05 12:19:22.196219,Shopping,Swiggy,1762.85,UPI
8983,2026-05-05 13:37:51.467146,Food,Amazon,1129.39,Cash
8984,2026-05-05 14:56:20.738073,Bills,Netflix,1411.28,Debit Card
8985,2026-05-05 16:14:50.009000,Bills,Zomato,3381.93,Cash
8986,2026-05-05 17:33:19.279927,Food,Uber,1880.87,Debit Card
8987,2026-05-05 18:51:48.550855,Education,Myntra,444.8,UPI
8988,2026-05-05 20:10:17.821782,Bills,Flipkart,733.87,UPI
8989,2026-05-05 21:28:47.092709,Transport,Uber,1893.28,Cash
8990,2026-05-05 22:47:16.363636,Travel,Reliance,4626.29,UPI
8991,2026-05-06 00:05:45.634563,Travel,Myntra,1926.2,UPI
8992,2026-05-06 01:24:14.905490,Bills,Myntra,350.18,Credit Card
8993,2026-05-06 02:42:44.176417,Bills,Swiggy,2119.07,UPI
8994,2026-05-06 04:01:13.447344,Food,Myntra,3360.65,Credit Card
8995,2026-05-06 05:19:42.718271,Education,Netflix,2988.3,UPI
8996,2026-05-06 06:38:11.989198,Entertainment,Airtel,1430.07,Debit Card
8997,2026-05-06 07:56:41.260126,Bills,Airtel,3456.04,Debit Card
8998,2026-05-06 09:15:10.531053,Healthcare,Reliance,3171.59,UPI
8999,2026-05-06 10:33:39.801980,Bills,Local Store,902.26,Debit Card
9000,2026-05-06 11:52:09.072907,Entertainment,Zomato,852.62,Debit Card
9001,2026-05-06 13:10:38.343834,Food,Local Store,2758.56,Debit Card
9002,2026-05-06 14:29:07.614761,Entertainment,Netflix,3314.22,Cash
9003,2026-05-06 15:47:36.885688,Food,Netflix,4811.46,Debit Card
9004,2026-05-06 17:06:06.156615,Transport,Amazon,2138.56,Credit Card
9005,2026-05-06 18:24:35.427542,Food,Airtel,3836.45,Cash
9006,2026-05-06 19:43:04.698469,Transport,Uber,626.78,Credit Card
9007,2026-05-06 21:01:33.969396,Transport,Flipkart,4453.56,Credit Card
9008,2026-05-06 22:20:03.240324,Food,Myntra,3183.88,Credit Card
9009,2026-05-06 23:38:32.511251,Healthcare,Zomato,3163.7,Cash
9010,2026-05-07 00:57:01.782178,Shopping,Flipkart,755.09,UPI
9011,2026-05-07 02:15:31.053105,Food,Local Store,245.94,Debit Card
9012,2026-05-07 03:34:00.324032,Bills,Flipkart,3522.17,Debit Card
9013,2026-05-07 04:52:29.594959,Healthcare,Amazon,629.43,UPI
9014,2026-05-07 06:10:58.865886,Healthcare,Zomato,678.5,UPI
9015,2026-05-07 07:29:28.136813,Bills,Zomato,978.13,Credit Card
9016,2026-05-07 08:47:57.407740,Shopping,Amazon,533.85,Cash
9017,2026-05-07 10:06:26.678667,Healthcare,Netflix,3145.69,Credit Card
9018,2026-05-07 11:24:55.949594,Transport,Amazon,2138.92,Debit Card
9019,2026-05-07 12:43:25.220522,Travel,Netflix,1367.18,UPI
9020,2026-05-07 14:01:54.491449,Shopping,Uber,2231.71,Debit Card
9021,2026-05-07 15:20:23.762376,Education,Reliance,4228.49,UPI
9022,2026-05-07 16:38:53.033303,Bills,Netflix,4639.04,Cash
9023,2026-05-07 17:57:22.304230,Shopping,Flipkart,2463.01,Credit Card
9024,2026-05-07 19:15:51.575157,Food,Netflix,2855.43,Debit Card
9025,2026-05-07 20:34:20.846084,Travel,Reliance,1323.14,Cash
9026,2026-05-07 21:52:50.117011,Shopping,Local Store,2592.32,Debit Card
9027,2026-05-07 23:11:19.387938,Transport,Myntra,3753.19,UPI
9028,2026-05-08 00:29:48.658865,Travel,Amazon,2486.08,Debit Card
9029,2026-05-08 01:48:17.929792,Food,Myntra,1545.26,Cash
9030,2026-05-08 03:06:47.200720,Entertainment,Amazon,2931.07,Cash
9031,2026-05-08 04:25:16.471647,Bills,Uber,4735.95,Credit Card
9032,2026-05-08 05:43:45.742574,Travel,Airtel,4445.52,Debit Card
9033,2026-05-08 07:02:15.013501,Bills,Flipkart,3857.75,UPI
9034,2026-05-08 08:20:44.284428,Shopping,Flipkart,1417.24,Debit Card
9035,2026-05-08 09:39:13.555355,Healthcare,Local Store,1245.72,Credit Card
9036,2026-05-08 10:57:42.826282,Food,Airtel,4200.76,UPI
9037,2026-05-08 12:16:12.097209,Entertainment,Airtel,947.52,UPI
9038,2026-05-08 13:34:41.368136,Food,Amazon,3047.78,Credit Card
9039,2026-05-08 14:53:10.639063,Bills,Flipkart,2222.7,UPI
9040,2026-05-08 16:11:39.909991,Food,Flipkart,2366.53,Cash
9041,2026-05-08 17:30:09.180918,Entertainment,Airtel,2299.99,Cash
9042,2026-05-08 18:48:38.451845,Healthcare,Amazon,4504.75,UPI
9043,2026-05-08 20:07:07.722772,Shopping,Netflix,481.12,Debit Card
9044,2026-05-08 21:25:36.993699,Transport,Netflix,3925.36,UPI
9045,2026-05-08 22:44:06.264626,Food,Reliance,4183.31,Debit Card
9046,2026-05-09 00:02:35.535553,Travel,Swiggy,4717.24,Credit Card
9047,2026-05-09 01:21:04.806480,Transport,Zomato,2290.37,Cash
9048,2026-05-09 02:39:34.077407,Bills,Uber,2525.32,Cash
9049,2026-05-09 03:58:03.348334,Shopping,Amazon,4808.41,Credit Card
9050,2026-05-09 05:16:32.619261,Education,Netflix,2319.33,Credit Card
9051,2026-05-09 06:35:01.890189,Shopping,Local Store,2542.56,Cash
9052,2026-05-09 07:53:31.161116,Food,Zomato,1694.66,Credit Card
9053,2026-05-09 09:12:00.432043,Travel,Zomato,206.56,UPI
9054,2026-05-09 10:30:29.702970,Healthcare,Zomato,2193.62,UPI
9055,2026-05-09 11:48:58.973897,Shopping,Airtel,3292.7,Debit Card
9056,2026-05-09 13:07:28.244824,Food,Reliance,3465.23,Debit Card
9057,2026-05-09 14:25:57.515751,Food,Local Store,82.22,Debit Card
9058,2026-05-09 15:44:26.786678,Transport,Swiggy,4015.21,UPI
9059,2026-05-09 17:02:56.057605,Shopping,Local Store,2487.46,Cash
9060,2026-05-09 18:21:25.328532,Food,Local Store,2627.69,Debit Card
9061,2026-05-09 19:39:54.599459,Transport,Amazon,4810.63,UPI
9062,2026-05-09 20:58:23.870387,Travel,Reliance,1458.08,Cash
9063,2026-05-09 22:16:53.141314,Entertainment,Myntra,3820.18,Credit Card
9064,2026-05-09 23:35:22.412241,Travel,Reliance,2895.14,UPI
9065,2026-05-10 00:53:51.683168,Education,Myntra,3518.95,Credit Card
9066,2026-05-10 02:12:20.954095,Transport,Swiggy,2118.2,Debit Card
9067,2026-05-10 03:30:50.225022,Transport,Amazon,1432.08,Cash
9068,2026-05-10 04:49:19.495949,Food,Airtel,2753.32,UPI
9069,2026-05-10 06:07:48.766876,Bills,Zomato,1905.96,Debit Card
9070,2026-05-10 07:26:18.037803,Bills,Amazon,1153.41,Debit Card
9071,2026-05-10 08:44:47.308730,Healthcare,Airtel,4204.22,Cash
9072,2026-05-10 10:03:16.579657,Bills,Amazon,2405.37,Credit Card
9073,2026-05-10 11:21:45.850585,Transport,Airtel,4244.21,Debit Card
9074,2026-05-10 12:40:15.121512,Healthcare,Amazon,2396.46,Cash
9075,2026-05-10 13:58:44.392439,Travel,Reliance,2806.15,Cash
9076,2026-05-10 15:17:13.663366,Food,Reliance,4976.64,UPI
9077,2026-05-10 16:35:42.934293,Travel,Reliance,4759.95,Debit Card
9078,2026-05-10 17:54:12.205220,Shopping,Zomato,1394.86,Credit Card
9079,2026-05-10 19:12:41.476147,Education,Uber,4349.84,Credit Card
9080,2026-05-10 20:31:10.747074,Education,Flipkart,1982.5,Debit Card
9081,2026-05-10 21:49:40.018001,Transport,Myntra,402.68,Credit Card
9082,2026-05-10 23:08:09.288928,Transport,Reliance,2900.12,Cash
9083,2026-05-11 00:26:38.559855,Healthcare,Uber,4886.41,Cash
9084,2026-05-11 01:45:07.830783,Food,Myntra,4872.85,Debit Card
9085,2026-05-11 03:03:37.101710,Entertainment,Amazon,676.0,Credit Card
9086,2026-05-11 04:22:06.372637,Transport,Swiggy,3867.62,Cash
9087,2026-05-11 05:40:35.643564,Entertainment,Airtel,4024.02,Debit Card
9088,2026-05-11 06:59:04.914491,Travel,Uber,1875.29,Cash
9089,2026-05-11 08:17:34.185418,Entertainment,Local Store,3310.05,Debit Card
9090,2026-05-11 09:36:03.456345,Bills,Netflix,2466.39,UPI
9091,2026-05-11 10:54:32.727272,Food,Uber,1178.07,UPI
9092,2026-05-11 12:13:01.998199,Education,Reliance,3818.26,Debit Card
9093,2026-05-11 13:31:31.269126,Education,Reliance,1350.63,UPI
9094,2026-05-11 14:50:00.540054,Entertainment,Uber,1735.22,UPI
9095,2026-05-11 16:08:29.810981,Education,Airtel,990.59,Credit Card
9096,2026-05-11 17:26:59.081908,Travel,Myntra,3610.39,UPI
9097,2026-05-11 18:45:28.352835,Food,Amazon,2320.68,Credit Card
9098,2026-05-11 20:03:57.623762,Bills,Netflix,2244.7,UPI
9099,2026-05-11 21:22:26.894689,Food,Amazon,3042.59,UPI
9100,2026-05-11 22:40:56.165616,Transport,Zomato,828.45,Cash
9101,2026-05-11 23:59:25.436543,Entertainment,Airtel,4495.86,Debit Card
9102,2026-05-12 01:17:54.707470,Food,Reliance,2352.29,UPI
9103,2026-05-12 02:36:23.978397,Travel,Zomato,1864.31,Debit Card
9104,2026-05-12 03:54:53.249324,Education,Amazon,677.12,Debit Card
9105,2026-05-12 05:13:22.520252,Shopping,Amazon,881.37,Cash
9106,2026-05-12 06:31:51.791179,Food,Netflix,4605.78,Debit Card
9107,2026-05-12 07:50:21.062106,Entertainment,Flipkart,2310.25,Debit Card
9108,2026-05-12 09:08:50.333033,Bills,Amazon,3624.81,UPI
9109,2026-05-12 10:27:19.603960,Education,Myntra,448.56,Cash
9110,2026-05-12 11:45:48.874887,Bills,Myntra,3235.15,Debit Card
9111,2026-05-12 13:04:18.145814,Entertainment,Uber,4611.52,UPI
9112,2026-05-12 14:22:47.416741,Education,Netflix,1534.82,Cash
9113,2026-05-12 15:41:16.687668,Transport,Netflix,2916.75,UPI
9114,2026-05-12 16:59:45.958595,Education,Reliance,4704.08,Cash
9115,2026-05-12 18:18:15.229522,Transport,Amazon,3610.65,Cash
9116,2026-05-12 19:36:44.500450,Bills,Flipkart,358.51,Credit Card
9117,2026-05-12 20:55:13.771377,Bills,Local Store,1924.75,Credit Card
9118,2026-05-12 22:13:43.042304,Entertainment,Zomato,474.58,Credit Card
9119,2026-05-12 23:32:12.313231,Transport,Netflix,4313.52,Debit Card
9120,2026-05-13 00:50:41.584158,Bills,Uber,3127.23,UPI
9121,2026-05-13 02:09:10.855085,Transport,Uber,4784.09,Cash
9122,2026-05-13 03:27:40.126012,Bills,Amazon,147.79,UPI
9123,2026-05-13 04:46:09.396939,Education,Amazon,2144.28,Debit Card
9124,2026-05-13 06:04:38.667866,Food,Local Store,566.6,Credit Card
9125,2026-05-13 07:23:07.938793,Travel,Swiggy,1784.91,Credit Card
9126,2026-05-13 08:41:37.209720,Shopping,Swiggy,851.34,UPI
9127,2026-05-13 10:00:06.480648,Travel,Amazon,1677.53,UPI
9128,2026-05-13 11:18:35.751575,Education,Airtel,4105.35,Cash
9129,2026-05-13 12:37:05.022502,Healthcare,Myntra,845.46,UPI
9130,2026-05-13 13:55:34.293429,Travel,Myntra,2394.64,Cash
9131,2026-05-13 15:14:03.564356,Food,Local Store,4611.84,Cash
9132,2026-05-13 16:32:32.835283,Healthcare,Local Store,4993.96,Credit Card
9133,2026-05-13 17:51:02.106210,Bills,Reliance,1290.67,UPI
9134,2026-05-13 19:09:31.377137,Shopping,Flipkart,4681.06,Credit Card
9135,2026-05-13 20:28:00.648064,Shopping,Uber,1343.87,Cash
9136,2026-05-13 21:46:29.918991,Bills,Myntra,2096.97,Credit Card
9137,2026-05-13 23:04:59.189918,Bills,Airtel,4395.72,Credit Card
9138,2026-05-14 00:23:28.460846,Transport,Amazon,3941.57,Cash
9139,2026-05-14 01:41:57.731773,Bills,Netflix,4294.56,Debit Card
9140,2026-05-14 03:00:27.002700,Entertainment,Airtel,4011.27,Debit Card
9141,2026-05-14 04:18:56.273627,Travel,Reliance,1213.55,UPI
9142,2026-05-14 05:37:25.544554,Bills,Airtel,2816.04,Credit Card
9143,2026-05-14 06:55:54.815481,Entertainment,Netflix,1956.99,UPI
9144,2026-05-14 08:14:24.086408,Bills,Zomato,2325.57,Credit Card
9145,2026-05-14 09:32:53.357335,Transport,Swiggy,812.08,UPI
9146,2026-05-14 10:51:22.628262,Entertainment,Zomato,1613.05,UPI
9147,2026-05-14 12:09:51.899189,Travel,Uber,4295.35,Cash
9148,2026-05-14 13:28:21.170117,Food,Uber,4492.91,Debit Card
9149,2026-05-14 14:46:50.441044,Entertainment,Myntra,3070.26,Debit Card
9150,2026-05-14 16:05:19.711971,Education,Netflix,2516.42,Debit Card
9151,2026-05-14 17:23:48.982898,Transport,Uber,3578.56,Cash
9152,2026-05-14 18:42:18.253825,Healthcare,Local Store,3063.82,Debit Card
9153,2026-05-14 20:00:47.524752,Travel,Myntra,4919.19,Cash
9154,2026-05-14 21:19:16.795679,Entertainment,Reliance,990.94,Credit Card
9155,2026-05-14 22:37:46.066606,Education,Myntra,2272.77,Cash
9156,2026-05-14 23:56:15.337533,Education,Zomato,4595.29,UPI
9157,2026-05-15 01:14:44.608460,Travel,Amazon,4577.95,UPI
9158,2026-05-15 02:33:13.879387,Travel,Local Store,2501.97,Credit Card
9159,2026-05-15 03:51:43.150315,Education,Local Store,717.3,Credit Card
9160,2026-05-15 05:10:12.421242,Bills,Flipkart,4084.04,UPI
9161,2026-05-15 06:28:41.692169,Education,Local Store,2946.57,Debit Card
9162,2026-05-15 07:47:10.963096,Bills,Local Store,3877.17,Debit Card
9163,2026-05-15 09:05:40.234023,Healthcare,Zomato,2339.49,Debit Card
9164,2026-05-15 10:24:09.504950,Transport,Airtel,1059.23,Credit Card
9165,2026-05-15 11:42:38.775877,Shopping,Local Store,168.75,UPI
9166,2026-05-15 13:01:08.046804,Bills,Amazon,2817.73,Cash
9167,2026-05-15 14:19:37.317731,Education,Swiggy,847.18,Credit Card
9168,2026-05-15 15:38:06.588658,Education,Zomato,976.33,UPI
9169,2026-05-15 16:56:35.859585,Food,Zomato,2209.71,Debit Card
9170,2026-05-15 18:15:05.130513,Education,Airtel,2238.28,Debit Card
9171,2026-05-15 19:33:34.401440,Transport,Flipkart,1408.22,Debit Card
9172,2026-05-15 20:52:03.672367,Entertainment,Airtel,703.01,UPI
9173,2026-05-15 22:10:32.943294,Entertainment,Myntra,4727.52,Debit Card
9174,2026-05-15 23:29:02.214221,Education,Swiggy,701.62,UPI
9175,2026-05-16 00:47:31.485148,Food,Uber,26013.96,Credit Card
9176,2026-05-16 02:06:00.756075,Bills,Reliance,1559.1,Cash
9177,2026-05-16 03:24:30.027002,Transport,Uber,4338.37,Debit Card
9178,2026-05-16 04:42:59.297929,Food,Flipkart,2079.81,Credit Card
9179,2026-05-16 06:01:28.568856,Bills,Flipkart,664.02,Credit Card
9180,2026-05-16 07:19:57.839783,Transport,Local Store,100.79,UPI
9181,2026-05-16 08:38:27.110711,Education,Airtel,3623.65,Credit Card
9182,2026-05-16 09:56:56.381638,Entertainment,Myntra,3586.78,UPI
9183,2026-05-16 11:15:25.652565,Transport,Local Store,2118.03,UPI
9184,2026-05-16 12:33:54.923492,Education,Netflix,675.22,Credit Card
9185,2026-05-16 13:52:24.194419,Healthcare,Myntra,1889.59,UPI
9186,2026-05-16 15:10:53.465346,Shopping,Flipkart,2969.92,UPI
9187,2026-05-16 16:29:22.736273,Transport,Flipkart,3534.52,UPI
9188,2026-05-16 17:47:52.007200,Shopping,Zomato,437.29,Credit Card
9189,2026-05-16 19:06:21.278127,Transport,Netflix,2803.72,Cash
9190,2026-05-16 20:24:50.549054,Shopping,Local Store,1416.81,UPI
9191,2026-05-16 21:43:19.819982,Healthcare,Flipkart,3105.47,Debit Card
9192,2026-05-16 23:01:49.090909,Entertainment,Netflix,3258.29,Credit Card
9193,2026-05-17 00:20:18.361836,Travel,Swiggy,4557.49,Credit Card
9194,2026-05-17 01:38:47.632763,Bills,Reliance,2081.37,UPI
9195,2026-05-17 02:57:16.903690,Shopping,Airtel,2711.07,Credit Card
9196,2026-05-17 04:15:46.174617,Healthcare,Flipkart,1377.66,Debit Card
9197,2026-05-17 05:34:15.445544,Shopping,Swiggy,1468.46,Cash
9198,2026-05-17 06:52:44.716471,Entertainment,Myntra,277.87,Credit Card
9199,2026-05-17 08:11:13.987398,Shopping,Airtel,1466.04,Credit Card
9200,2026-05-17 09:29:43.258325,Healthcare,Netflix,365.95,Credit Card
9201,2026-05-17 10:48:12.529252,Education,Airtel,4821.38,UPI
9202,2026-05-17 12:06:41.800180,Healthcare,Uber,3140.1,Debit Card
9203,2026-05-17 13:25:11.071107,Travel,Zomato,907.09,Cash
9204,2026-05-17 14:43:40.342034,Travel,Netflix,627.99,Debit Card
9205,2026-05-17 16:02:09.612961,Travel,Swiggy,1882.11,Debit Card
9206,2026-05-17 17:20:38.883888,Food,Flipkart,1572.85,Credit Card
9207,2026-05-17 18:39:08.154815,Entertainment,Netflix,1432.31,Cash
9208,2026-05-17 19:57:37.425742,Education,Amazon,2367.57,Debit Card
9209,2026-05-17 21:16:06.696669,Food,Uber,4568.73,Cash
9210,2026-05-17 22:34:35.967596,Entertainment,Swiggy,2861.85,UPI
9211,2026-05-17 23:53:05.238523,Education,Myntra,2630.1,Credit Card
9212,2026-05-18 01:11:34.509450,Shopping,Amazon,4042.41,UPI
9213,2026-05-18 02:30:03.780378,Education,Netflix,69.92,Cash
9214,2026-05-18 03:48:33.051305,Healthcare,Zomato,1027.06,Credit Card
9215,2026-05-18 05:07:02.322232,Food,Amazon,2506.12,UPI
9216,2026-05-18 06:25:31.593159,Shopping,Airtel,3541.28,Credit Card
9217,2026-05-18 07:44:00.864086,Healthcare,Netflix,2450.89,UPI
9218,2026-05-18 09:02:30.135013,Entertainment,Swiggy,860.39,Debit Card
9219,2026-05-18 10:20:59.405940,Education,Netflix,4653.41,Credit Card
9220,2026-05-18 11:39:28.676867,Healthcare,Zomato,1676.89,Cash
9221,2026-05-18 12:57:57.947794,Shopping,Reliance,3951.67,Credit Card
9222,2026-05-18 14:16:27.218721,Food,Airtel,4462.5,Cash
9223,2026-05-18 15:34:56.489648,Food,Flipkart,1764.92,UPI
9224,2026-05-18 16:53:25.760576,Travel,Netflix,4234.29,UPI
9225,2026-05-18 18:11:55.031503,Education,Zomato,3568.33,Cash
9226,2026-05-18 19:30:24.302430,Healthcare,Amazon,4526.19,UPI
9227,2026-05-18 20:48:53.573357,Travel,Amazon,1293.99,Credit Card
9228,2026-05-18 22:07:22.844284,Shopping,Swiggy,4659.82,UPI
9229,2026-05-18 23:25:52.115211,Travel,Airtel,373.27,Cash
9230,2026-05-19 00:44:21.386138,Transport,Amazon,3978.67,Cash
9231,2026-05-19 02:02:50.657065,Entertainment,Flipkart,2206.54,Debit Card
9232,2026-05-19 03:21:19.927992,Travel,Reliance,930.56,Cash
9233,2026-05-19 04:39:49.198919,Entertainment,Reliance,443.04,UPI
9234,2026-05-19 05:58:18.469846,Shopping,Swiggy,1978.26,Cash
9235,2026-05-19 07:16:47.740774,Transport,Netflix,1977.15,UPI
9236,2026-05-19 08:35:17.011701,Food,Amazon,1188.29,UPI
9237,2026-05-19 09:53:46.282628,Education,Zomato,1116.8,Debit Card
9238,2026-05-19 11:12:15.553555,Bills,Myntra,2027.6,UPI
9239,2026-05-19 12:30:44.824482,Bills,Reliance,2080.06,Cash
9240,2026-05-19 13:49:14.095409,Education,Local Store,2239.71,Cash
9241,2026-05-19 15:07:43.366336,Shopping,Swiggy,4350.36,Cash
9242,2026-05-19 16:26:12.637263,Transport,Netflix,3075.71,UPI
9243,2026-05-19 17:44:41.908190,Transport,Uber,151.14,Cash
9244,2026-05-19 19:03:11.179117,Entertainment,Swiggy,2619.54,Credit Card
9245,2026-05-19 20:21:40.450045,Food,Zomato,3824.13,Credit Card
9246,2026-05-19 21:40:09.720972,Healthcare,Myntra,329.25,Cash
9247,2026-05-19 22:58:38.991899,Travel,Local Store,2141.91,UPI
9248,2026-05-20 00:17:08.262826,Transport,Reliance,2283.49,Cash
9249,2026-05-20 01:35:37.533753,Education,Airtel,4772.4,Credit Card
9250,2026-05-20 02:54:06.804680,Healthcare,Local Store,2404.64,UPI
9251,2026-05-20 04:12:36.075607,Bills,Reliance,3762.01,Cash
9252,2026-05-20 05:31:05.346534,Healthcare,Uber,1549.37,UPI
9253,2026-05-20 06:49:34.617461,Food,Uber,3907.57,Cash
9254,2026-05-20 08:08:03.888388,Education,Reliance,1647.18,Debit Card
9255,2026-05-20 09:26:33.159315,Food,Airtel,2178.62,UPI
9256,2026-05-20 10:45:02.430243,Healthcare,Swiggy,2423.44,Credit Card
9257,2026-05-20 12:03:31.701170,Travel,Airtel,4635.5,Credit Card
9258,2026-05-20 13:22:00.972097,Shopping,Amazon,314.6,Credit Card
9259,2026-05-20 14:40:30.243024,Transport,Reliance,1024.49,Credit Card
9260,2026-05-20 15:58:59.513951,Education,Reliance,3543.43,Cash
9261,2026-05-20 17:17:28.784878,Shopping,Airtel,2909.01,Cash
9262,2026-05-20 18:35:58.055805,Healthcare,Flipkart,1295.08,UPI
9263,2026-05-20 19:54:27.326732,Transport,Flipkart,1481.54,Debit Card
9264,2026-05-20 21:12:56.597659,Entertainment,Zomato,1868.18,Debit Card
9265,2026-05-20 22:31:25.868586,Shopping,Flipkart,2279.22,UPI
9266,2026-05-20 23:49:55.139513,Shopping,Uber,4099.24,Credit Card
9267,2026-05-21 01:08:24.410441,Healthcare,Amazon,118.39,Debit Card
9268,2026-05-21 02:26:53.681368,Bills,Reliance,4495.2,Debit Card
9269,2026-05-21 03:45:22.952295,Healthcare,Local Store,2094.48,UPI
9270,2026-05-21 05:03:52.223222,Shopping,Uber,1190.96,Credit Card
9271,2026-05-21 06:22:21.494149,Transport,Zomato,2566.64,Cash
9272,2026-05-21 07:40:50.765076,Travel,Myntra,3315.37,Cash
9273,2026-05-21 08:59:20.036003,Bills,Amazon,271.52,Debit Card
9274,2026-05-21 10:17:49.306930,Healthcare,Flipkart,3593.1,Cash
9275,2026-05-21 11:36:18.577857,Travel,Netflix,3815.77,UPI
9276,2026-05-21 12:54:47.848784,Education,Swiggy,872.6,Debit Card
9277,2026-05-21 14:13:17.119711,Healthcare,Local Store,881.01,Debit Card
9278,2026-05-21 15:31:46.390639,Shopping,Reliance,1058.73,Credit Card
9279,2026-05-21 16:50:15.661566,Travel,Myntra,3993.31,Cash
9280,2026-05-21 18:08:44.932493,Shopping,Swiggy,1396.42,Credit Card
9281,2026-05-21 19:27:14.203420,Entertainment,Airtel,3989.88,Debit Card
9282,2026-05-21 20:45:43.474347,Travel,Airtel,2725.59,Cash
9283,2026-05-21 22:04:12.745274,Travel,Amazon,3847.5,Credit Card
9284,2026-05-21 23:22:42.016201,Healthcare,Amazon,2790.68,Cash
9285,2026-05-22 00:41:11.287128,Shopping,Amazon,1712.06,Debit Card
9286,2026-05-22 01:59:40.558055,Education,Uber,4558.04,Debit Card
9287,2026-05-22 03:18:09.828982,Food,Uber,3590.71,Debit Card
9288,2026-05-22 04:36:39.099909,Bills,Airtel,2446.07,UPI
9289,2026-05-22 05:55:08.370837,Food,Amazon,3205.27,Credit Card
9290,2026-05-22 07:13:37.641764,Bills,Local Store,3098.42,Credit Card
9291,2026-05-22 08:32:06.912691,Education,Zomato,1822.68,Debit Card
9292,2026-05-22 09:50:36.183618,Travel,Amazon,2147.67,Credit Card
9293,2026-05-22 11:09:05.454545,Travel,Reliance,1625.37,Debit Card
9294,2026-05-22 12:27:34.725472,Healthcare,Local Store,4997.61,Credit Card
9295,2026-05-22 13:46:03.996399,Entertainment,Reliance,2921.32,Cash
9296,2026-05-22 15:04:33.267326,Shopping,Netflix,505.67,Credit Card
9297,2026-05-22 16:23:02.538253,Shopping,Airtel,2619.58,Debit Card
9298,2026-05-22 17:41:31.809180,Shopping,Amazon,297.31,Credit Card
9299,2026-05-22 19:00:01.080108,Healthcare,Flipkart,1478.83,Cash
9300,2026-05-22 20:18:30.351035,Bills,Swiggy,2257.51,Cash
9301,2026-05-22 21:36:59.621962,Travel,Amazon,2694.64,Cash
9302,2026-05-22 22:55:28.892889,Education,Zomato,4882.1,Debit Card
9303,2026-05-23 00:13:58.163816,Shopping,Netflix,4912.0,UPI
9304,2026-05-23 01:32:27.434743,Food,Amazon,535.44,Debit Card
9305,2026-05-23 02:50:56.705670,Shopping,Swiggy,2713.76,Cash
9306,2026-05-23 04:09:25.976597,Travel,Swiggy,4094.69,Credit Card
9307,2026-05-23 05:27:55.247524,Healthcare,Uber,1226.68,Cash
9308,2026-05-23 06:46:24.518451,Education,Zomato,3765.29,UPI
9309,2026-05-23 08:04:53.789378,Entertainment,Zomato,4399.16,UPI
9310,2026-05-23 09:23:23.060306,Education,Local Store,3329.31,Cash
9311,2026-05-23 10:41:52.331233,Food,Flipkart,1672.13,Debit Card
9312,2026-05-23 12:00:21.602160,Shopping,Zomato,4619.5,UPI
9313,2026-05-23 13:18:50.873087,Shopping,Netflix,4423.42,Cash
9314,2026-05-23 14:37:20.144014,Transport,Flipkart,3593.34,Debit Card
9315,2026-05-23 15:55:49.414941,Bills,Uber,1850.16,Credit Card
9316,2026-05-23 17:14:18.685868,Food,Zomato,3969.89,Debit Card
9317,2026-05-23 18:32:47.956795,Transport,Uber,1614.74,UPI
9318,2026-05-23 19:51:17.227722,Education,Swiggy,1302.12,Debit Card
9319,2026-05-23 21:09:46.498649,Entertainment,Amazon,2599.32,Debit Card
9320,2026-05-23 22:28:15.769576,Bills,Zomato,4985.82,Credit Card
9321,2026-05-23 23:46:45.040504,Food,Swiggy,4031.39,Cash
9322,2026-05-24 01:05:14.311431,Shopping,Amazon,3662.47,Debit Card
9323,2026-05-24 02:23:43.582358,Education,Amazon,2287.46,Credit Card
9324,2026-05-24 03:42:12.853285,Food,Swiggy,1594.15,UPI
9325,2026-05-24 05:00:42.124212,Shopping,Reliance,4286.71,Cash
9326,2026-05-24 06:19:11.395139,Travel,Flipkart,2860.28,UPI
9327,2026-05-24 07:37:40.666066,Bills,Reliance,4075.61,Cash
9328,2026-05-24 08:56:09.936993,Travel,Airtel,2464.38,Debit Card
9329,2026-05-24 10:14:39.207920,Travel,Myntra,3782.09,Debit Card
9330,2026-05-24 11:33:08.478847,Shopping,Amazon,4345.32,Cash
9331,2026-05-24 12:51:37.749774,Entertainment,Local Store,1987.38,UPI
9332,2026-05-24 14:10:07.020702,Education,Flipkart,117.17,UPI
9333,2026-05-24 15:28:36.291629,Healthcare,Amazon,1311.89,UPI
9334,2026-05-24 16:47:05.562556,Shopping,Netflix,4578.83,Debit Card
9335,2026-05-24 18:05:34.833483,Entertainment,Local Store,38405.35,Cash
9336,2026-05-24 19:24:04.104410,Healthcare,Airtel,3699.23,Cash
9337,2026-05-24 20:42:33.375337,Education,Airtel,1660.18,UPI
9338,2026-05-24 22:01:02.646264,Travel,Netflix,3521.3,Debit Card
9339,2026-05-24 23:19:31.917191,Bills,Swiggy,3249.1,Cash
9340,2026-05-25 00:38:01.188118,Bills,Flipkart,932.95,Cash
9341,2026-05-25 01:56:30.459045,Education,Uber,4845.02,UPI
9342,2026-05-25 03:14:59.729973,Education,Flipkart,1802.43,UPI
9343,2026-05-25 04:33:29.000900,Food,Local Store,1679.97,Cash
9344,2026-05-25 05:51:58.271827,Entertainment,Reliance,1877.35,Debit Card
9345,2026-05-25 07:10:27.542754,Travel,Uber,504.01,Credit Card
9346,2026-05-25 08:28:56.813681,Entertainment,Airtel,3143.57,Cash
9347,2026-05-25 09:47:26.084608,Education,Airtel,1231.19,Cash
9348,2026-05-25 11:05:55.355535,Transport,Swiggy,4026.4,Debit Card
9349,2026-05-25 12:24:24.626462,Transport,Myntra,2001.07,Cash
9350,2026-05-25 13:42:53.897389,Healthcare,Flipkart,2319.86,Credit Card
9351,2026-05-25 15:01:23.168316,Healthcare,Swiggy,3249.79,Debit Card
9352,2026-05-25 16:19:52.439243,Transport,Local Store,3821.26,Credit Card
9353,2026-05-25 17:38:21.710171,Education,Uber,1194.02,Credit Card
9354,2026-05-25 18:56:50.981098,Education,Netflix,4833.16,Cash
9355,2026-05-25 20:15:20.252025,Healthcare,Amazon,3130.49,Credit Card
9356,2026-05-25 21:33:49.522952,Shopping,Reliance,77.91,Cash
9357,2026-05-25 22:52:18.793879,Education,Local Store,2107.33,Cash
9358,2026-05-26 00:10:48.064806,Transport,Amazon,2212.25,Debit Card
9359,2026-05-26 01:29:17.335733,Entertainment,Flipkart,4055.37,Debit Card
9360,2026-05-26 02:47:46.606660,Education,Netflix,1560.44,Debit Card
9361,2026-05-26 04:06:15.877587,Travel,Airtel,1689.57,Cash
9362,2026-05-26 05:24:45.148514,Education,Swiggy,398.95,Credit Card
9363,2026-05-26 06:43:14.419441,Shopping,Uber,1453.55,Credit Card
9364,2026-05-26 08:01:43.690369,Healthcare,Swiggy,3598.96,Debit Card
9365,2026-05-26 09:20:12.961296,Education,Uber,3192.05,Debit Card
9366,2026-05-26 10:38:42.232223,Bills,Myntra,452.9,Cash
9367,2026-05-26 11:57:11.503150,Food,Myntra,617.73,UPI
9368,2026-05-26 13:15:40.774077,Transport,Swiggy,1915.78,UPI
9369,2026-05-26 14:34:10.045004,Travel,Uber,3731.6,Cash
9370,2026-05-26 15:52:39.315931,Travel,Uber,4172.95,UPI
9371,2026-05-26 17:11:08.586858,Travel,Amazon,122.39,UPI
9372,2026-05-26 18:29:37.857785,Bills,Swiggy,1678.6,UPI
9373,2026-05-26 19:48:07.128712,Travel,Zomato,2150.1,Debit Card
9374,2026-05-26 21:06:36.399639,Travel,Flipkart,4560.11,Credit Card
9375,2026-05-26 22:25:05.670567,Healthcare,Airtel,2531.96,Credit Card
9376,2026-05-26 23:43:34.941494,Entertainment,Myntra,1385.02,Debit Card
9377,2026-05-27 01:02:04.212421,Food,Zomato,1980.73,Debit Card
9378,2026-05-27 02:20:33.483348,Bills,Myntra,2210.35,Debit Card
9379,2026-05-27 03:39:02.754275,Food,Netflix,3366.48,UPI
9380,2026-05-27 04:57:32.025202,Transport,Myntra,253.38,Cash
9381,2026-05-27 06:16:01.296129,Healthcare,Local Store,1977.79,Cash
9382,2026-05-27 07:34:30.567056,Education,Myntra,3250.45,UPI
9383,2026-05-27 08:52:59.837983,Entertainment,Amazon,1452.45,UPI
9384,2026-05-27 10:11:29.108910,Healthcare,Zomato,2979.17,Debit Card
9385,2026-05-27 11:29:58.379837,Food,Netflix,1818.53,Debit Card
9386,2026-05-27 12:48:27.650765,Bills,Uber,3805.67,Credit Card
9387,2026-05-27 14:06:56.921692,Transport,Uber,349.96,Debit Card
9388,2026-05-27 15:25:26.192619,Transport,Netflix,4593.91,UPI
9389,2026-05-27 16:43:55.463546,Healthcare,Reliance,899.48,Credit Card
9390,2026-05-27 18:02:24.734473,Education,Swiggy,834.81,Debit Card
9391,2026-05-27 19:20:54.005400,Bills,Reliance,4211.18,Credit Card
9392,2026-05-27 20:39:23.276327,Education,Zomato,4352.95,Credit Card
9393,2026-05-27 21:57:52.547254,Education,Myntra,510.22,Debit Card
9394,2026-05-27 23:16:21.818181,Travel,Uber,4548.16,Cash
9395,2026-05-28 00:34:51.089108,Bills,Amazon,1402.82,UPI
9396,2026-05-28 01:53:20.360036,Food,Reliance,3112.18,UPI
9397,2026-05-28 03:11:49.630963,Healthcare,Myntra,389.54,Credit Card
9398,2026-05-28 04:30:18.901890,Healthcare,Airtel,1934.27,Cash
9399,2026-05-28 05:48:48.172817,Travel,Swiggy,2281.09,Cash
9400,2026-05-28 07:07:17.443744,Shopping,Netflix,3019.14,Debit Card
9401,2026-05-28 08:25:46.714671,Healthcare,Myntra,2650.1,Debit Card
9402,2026-05-28 09:44:15.985598,Transport,Swiggy,2334.39,UPI
9403,2026-05-28 11:02:45.256525,Food,Swiggy,4800.22,Debit Card
9404,2026-05-28 12:21:14.527452,Bills,Uber,965.86,Debit Card
9405,2026-05-28 13:39:43.798379,Healthcare,Uber,832.07,Credit Card
9406,2026-05-28 14:58:13.069306,Food,Zomato,3581.42,Cash
9407,2026-05-28 16:16:42.340234,Travel,Airtel,419.03,Cash
9408,2026-05-28 17:35:11.611161,Healthcare,Netflix,2440.31,Debit Card
9409,2026-05-28 18:53:40.882088,Bills,Swiggy,2446.06,Debit Card
9410,2026-05-28 20:12:10.153015,Entertainment,Zomato,1584.63,Debit Card
9411,2026-05-28 21:30:39.423942,Bills,Local Store,4655.7,UPI
9412,2026-05-28 22:49:08.694869,Bills,Reliance,1448.59,UPI
9413,2026-05-29 00:07:37.965796,Bills,Flipkart,1477.79,Credit Card
9414,2026-05-29 01:26:07.236723,Healthcare,Swiggy,1209.78,UPI
9415,2026-05-29 02:44:36.507650,Shopping,Zomato,771.65,Cash
9416,2026-05-29 04:03:05.778577,Bills,Airtel,1851.85,UPI
9417,2026-05-29 05:21:35.049504,Travel,Uber,3420.39,Cash
9418,2026-05-29 06:40:04.320432,Transport,Swiggy,3723.71,UPI
9419,2026-05-29 07:58:33.591359,Transport,Swiggy,4076.42,UPI
9420,2026-05-29 09:17:02.862286,Travel,Myntra,1027.84,Credit Card
9421,2026-05-29 10:35:32.133213,Food,Airtel,226.38,Debit Card
9422,2026-05-29 11:54:01.404140,Shopping,Netflix,4874.69,Debit Card
9423,2026-05-29 13:12:30.675067,Food,Uber,120.95,Debit Card
9424,2026-05-29 14:30:59.945994,Travel,Swiggy,4805.36,Credit Card
9425,2026-05-29 15:49:29.216921,Transport,Reliance,4152.63,Cash
9426,2026-05-29 17:07:58.487848,Education,Uber,4564.77,UPI
9427,2026-05-29 18:26:27.758775,Transport,Reliance,1966.57,Credit Card
9428,2026-05-29 19:44:57.029702,Entertainment,Flipkart,1026.15,Cash
9429,2026-05-29 21:03:26.300630,Bills,Netflix,3052.0,Credit Card
9430,2026-05-29 22:21:55.571557,Education,Flipkart,3719.19,Credit Card
9431,2026-05-29 23:40:24.842484,Transport,Swiggy,697.76,Cash
9432,2026-05-30 00:58:54.113411,Healthcare,Myntra,3998.23,Debit Card
9433,2026-05-30 02:17:23.384338,Healthcare,Netflix,1082.54,UPI
9434,2026-05-30 03:35:52.655265,Food,Myntra,2483.8,Debit Card
9435,2026-05-30 04:54:21.926192,Education,Zomato,4289.59,Credit Card
9436,2026-05-30 06:12:51.197119,Food,Local Store,1007.45,Cash
9437,2026-05-30 07:31:20.468046,Bills,Airtel,1247.33,Credit Card
9438,2026-05-30 08:49:49.738973,Bills,Zomato,360.72,Debit Card
9439,2026-05-30 10:08:19.009900,Entertainment,Flipkart,775.74,Debit Card
9440,2026-05-30 11:26:48.280828,Travel,Reliance,775.3,Debit Card
9441,2026-05-30 12:45:17.551755,Travel,Flipkart,1056.97,UPI
9442,2026-05-30 14:03:46.822682,Shopping,Netflix,1466.69,Debit Card
9443,2026-05-30 15:22:16.093609,Food,Netflix,4084.17,UPI
9444,2026-05-30 16:40:45.364536,Bills,Flipkart,4583.03,UPI
9445,2026-05-30 17:59:14.635463,Travel,Swiggy,2061.09,Debit Card
9446,2026-05-30 19:17:43.906390,Food,Flipkart,684.63,Cash
9447,2026-05-30 20:36:13.177317,Bills,Netflix,1157.86,Credit Card
9448,2026-05-30 21:54:42.448244,Transport,Netflix,3694.22,Credit Card
9449,2026-05-30 23:13:11.719171,Food,Uber,3403.26,UPI
9450,2026-05-31 00:31:40.990099,Transport,Amazon,4837.68,UPI
9451,2026-05-31 01:50:10.261026,Food,Myntra,121.72,UPI
9452,2026-05-31 03:08:39.531953,Shopping,Zomato,3766.26,Credit Card
9453,2026-05-31 04:27:08.802880,Entertainment,Flipkart,2553.68,UPI
9454,2026-05-31 05:45:38.073807,Healthcare,Uber,4518.33,Cash
9455,2026-05-31 07:04:07.344734,Travel,Swiggy,2902.03,Cash
9456,2026-05-31 08:22:36.615661,Healthcare,Netflix,2261.01,UPI
9457,2026-05-31 09:41:05.886588,Healthcare,Flipkart,3345.96,Credit Card
9458,2026-05-31 10:59:35.157515,Transport,Netflix,4175.94,Debit Card
9459,2026-05-31 12:18:04.428442,Education,Reliance,1448.37,Credit Card
9460,2026-05-31 13:36:33.699369,Bills,Uber,582.26,Debit Card
9461,2026-05-31 14:55:02.970297,Healthcare,Flipkart,2193.44,Debit Card
9462,2026-05-31 16:13:32.241224,Shopping,Reliance,1111.87,UPI
9463,2026-05-31 17:32:01.512151,Healthcare,Local Store,2176.23,Cash
9464,2026-05-31 18:50:30.783078,Food,Uber,4955.69,UPI
9465,2026-05-31 20:09:00.054005,Transport,Flipkart,2891.9,Debit Card
9466,2026-05-31 21:27:29.324932,Education,Flipkart,3483.32,UPI
9467,2026-05-31 22:45:58.595859,Food,Airtel,3405.75,Debit Card
9468,2026-06-01 00:04:27.866786,Education,Uber,4112.47,UPI
9469,2026-06-01 01:22:57.137713,Food,Uber,4723.44,Cash
9470,2026-06-01 02:41:26.408640,Food,Netflix,3311.15,Cash
9471,2026-06-01 03:59:55.679567,Travel,Flipkart,2406.67,Credit Card
9472,2026-06-01 05:18:24.950495,Entertainment,Myntra,1623.26,Debit Card
9473,2026-06-01 06:36:54.221422,Entertainment,Myntra,1833.36,Debit Card
9474,2026-06-01 07:55:23.492349,Bills,Myntra,1705.68,UPI
9475,2026-06-01 09:13:52.763276,Transport,Local Store,1656.1,Credit Card
9476,2026-06-01 10:32:22.034203,Shopping,Flipkart,3488.39,Cash
9477,2026-06-01 11:50:51.305130,Shopping,Flipkart,2959.16,UPI
9478,2026-06-01 13:09:20.576057,Shopping,Reliance,1049.88,Credit Card
9479,2026-06-01 14:27:49.846984,Travel,Airtel,4849.65,Cash
9480,2026-06-01 15:46:19.117911,Food,Uber,2167.24,UPI
9481,2026-06-01 17:04:48.388838,Entertainment,Netflix,2852.13,Cash
9482,2026-06-01 18:23:17.659765,Transport,Airtel,3527.87,Debit Card
9483,2026-06-01 19:41:46.930693,Food,Reliance,3087.7,Credit Card
9484,2026-06-01 21:00:16.201620,Education,Flipkart,1589.71,Cash
9485,2026-06-01 22:18:45.472547,Entertainment,Zomato,3998.65,Credit Card
9486,2026-06-01 23:37:14.743474,Entertainment,Uber,595.26,UPI
9487,2026-06-02 00:55:44.014401,Healthcare,Local Store,2866.53,Credit Card
9488,2026-06-02 02:14:13.285328,Healthcare,Myntra,1402.92,UPI
9489,2026-06-02 03:32:42.556255,Travel,Local Store,3098.02,Credit Card
9490,2026-06-02 04:51:11.827182,Transport,Flipkart,1129.07,UPI
9491,2026-06-02 06:09:41.098109,Education,Reliance,3872.39,UPI
9492,2026-06-02 07:28:10.369036,Transport,Zomato,1176.3,UPI
9493,2026-06-02 08:46:39.639964,Transport,Swiggy,4457.44,Cash
9494,2026-06-02 10:05:08.910891,Travel,Myntra,4314.7,Debit Card
9495,2026-06-02 11:23:38.181818,Travel,Netflix,1843.85,Credit Card
9496,2026-06-02 12:42:07.452745,Food,Flipkart,1959.81,Debit Card
9497,2026-06-02 14:00:36.723672,Bills,Amazon,3522.44,Debit Card
9498,2026-06-02 15:19:05.994599,Travel,Zomato,497.35,Debit Card
9499,2026-06-02 16:37:35.265526,Transport,Zomato,450.55,Debit Card
9500,2026-06-02 17:56:04.536453,Healthcare,Uber,724.8,Credit Card
9501,2026-06-02 19:14:33.807380,Bills,Local Store,2834.25,Credit Card
9502,2026-06-02 20:33:03.078307,Food,Myntra,787.56,Debit Card
9503,2026-06-02 21:51:32.349234,Bills,Flipkart,1424.21,Credit Card
9504,2026-06-02 23:10:01.620162,Shopping,Amazon,3252.21,Credit Card
9505,2026-06-03 00:28:30.891089,Education,Myntra,127.34,UPI
9506,2026-06-03 01:47:00.162016,Bills,Reliance,942.17,Credit Card
9507,2026-06-03 03:05:29.432943,Transport,Amazon,4653.16,Cash
9508,2026-06-03 04:23:58.703870,Food,Airtel,3334.71,Debit Card
9509,2026-06-03 05:42:27.974797,Education,Airtel,1562.48,Credit Card
9510,2026-06-03 07:00:57.245724,Transport,Zomato,274.25,Debit Card
9511,2026-06-03 08:19:26.516651,Education,Reliance,2950.94,Credit Card
9512,2026-06-03 09:37:55.787578,Healthcare,Airtel,1153.19,Debit Card
9513,2026-06-03 10:56:25.058505,Shopping,Zomato,4802.87,Cash
9514,2026-06-03 12:14:54.329432,Healthcare,Local Store,3450.46,Credit Card
9515,2026-06-03 13:33:23.600360,Transport,Flipkart,4871.91,Credit Card
9516,2026-06-03 14:51:52.871287,Transport,Zomato,4252.05,Cash
9517,2026-06-03 16:10:22.142214,Transport,Flipkart,2440.99,Credit Card
9518,2026-06-03 17:28:51.413141,Entertainment,Reliance,3364.34,Debit Card
9519,2026-06-03 18:47:20.684068,Shopping,Uber,4069.93,Cash
9520,2026-06-03 20:05:49.954995,Education,Myntra,2911.98,UPI
9521,2026-06-03 21:24:19.225922,Travel,Zomato,354.36,Debit Card
9522,2026-06-03 22:42:48.496849,Transport,Zomato,2378.71,Credit Card
9523,2026-06-04 00:01:17.767776,Transport,Flipkart,696.34,Debit Card
9524,2026-06-04 01:19:47.038703,Education,Airtel,3588.49,Cash
9525,2026-06-04 02:38:16.309630,Travel,Airtel,3419.11,Credit Card
9526,2026-06-04 03:56:45.580558,Healthcare,Zomato,4964.9,Credit Card
9527,2026-06-04 05:15:14.851485,Healthcare,Airtel,3162.61,Cash
9528,2026-06-04 06:33:44.122412,Transport,Airtel,4010.68,UPI
9529,2026-06-04 07:52:13.393339,Food,Zomato,1378.02,Credit Card
9530,2026-06-04 09:10:42.664266,Entertainment,Local Store,1733.12,Credit Card
9531,2026-06-04 10:29:11.935193,Healthcare,Local Store,4589.27,Credit Card
9532,2026-06-04 11:47:41.206120,Food,Swiggy,3788.2,UPI
9533,2026-06-04 13:06:10.477047,Entertainment,Local Store,3293.58,Debit Card
9534,2026-06-04 14:24:39.747974,Transport,Swiggy,1307.44,UPI
9535,2026-06-04 15:43:09.018901,Shopping,Reliance,3507.96,Debit Card
9536,2026-06-04 17:01:38.289828,Bills,Netflix,4439.48,Credit Card
9537,2026-06-04 18:20:07.560756,Bills,Myntra,1192.45,Debit Card
9538,2026-06-04 19:38:36.831683,Transport,Netflix,3545.31,Debit Card
9539,2026-06-04 20:57:06.102610,Healthcare,Airtel,1998.79,Debit Card
9540,2026-06-04 22:15:35.373537,Food,Amazon,637.9,Debit Card
9541,2026-06-04 23:34:04.644464,Shopping,Airtel,3829.13,Credit Card
9542,2026-06-05 00:52:33.915391,Education,Zomato,877.33,Cash
9543,2026-06-05 02:11:03.186318,Entertainment,Zomato,1301.84,UPI
9544,2026-06-05 03:29:32.457245,Transport,Myntra,3925.56,Debit Card
9545,2026-06-05 04:48:01.728172,Shopping,Uber,3723.56,Credit Card
9546,2026-06-05 06:06:30.999099,Travel,Uber,1308.21,Credit Card
9547,2026-06-05 07:25:00.270027,Shopping,Uber,4707.77,Credit Card
9548,2026-06-05 08:43:29.540954,Healthcare,Local Store,1115.66,Credit Card
9549,2026-06-05 10:01:58.811881,Travel,Reliance,4968.43,Debit Card
9550,2026-06-05 11:20:28.082808,Entertainment,Airtel,3702.6,UPI
9551,2026-06-05 12:38:57.353735,Travel,Zomato,1992.91,Credit Card
9552,2026-06-05 13:57:26.624662,Shopping,Amazon,695.23,UPI
9553,2026-06-05 15:15:55.895589,Healthcare,Amazon,1636.52,UPI
9554,2026-06-05 16:34:25.166516,Travel,Amazon,1009.01,UPI
9555,2026-06-05 17:52:54.437443,Food,Uber,3128.11,Cash
9556,2026-06-05 19:11:23.708370,Healthcare,Myntra,1816.43,Credit Card
9557,2026-06-05 20:29:52.979297,Food,Uber,1510.29,Credit Card
9558,2026-06-05 21:48:22.250225,Food,Zomato,3797.81,Credit Card
9559,2026-06-05 23:06:51.521152,Travel,Airtel,1191.47,UPI
9560,2026-06-06 00:25:20.792079,Travel,Airtel,2955.1,Credit Card
9561,2026-06-06 01:43:50.063006,Education,Myntra,1013.25,Credit Card
9562,2026-06-06 03:02:19.333933,Education,Reliance,3588.25,UPI
9563,2026-06-06 04:20:48.604860,Shopping,Local Store,3144.35,Credit Card
9564,2026-06-06 05:39:17.875787,Healthcare,Amazon,4000.86,Debit Card
9565,2026-06-06 06:57:47.146714,Education,Airtel,389.06,Cash
9566,2026-06-06 08:16:16.417641,Food,Myntra,1090.02,Debit Card
9567,2026-06-06 09:34:45.688568,Education,Amazon,814.58,Debit Card
9568,2026-06-06 10:53:14.959495,Entertainment,Uber,993.28,Debit Card
9569,2026-06-06 12:11:44.230423,Shopping,Flipkart,559.92,UPI
9570,2026-06-06 13:30:13.501350,Healthcare,Netflix,2832.31,Credit Card
9571,2026-06-06 14:48:42.772277,Healthcare,Airtel,2987.49,Debit Card
9572,2026-06-06 16:07:12.043204,Bills,Reliance,4225.27,Debit Card
9573,2026-06-06 17:25:41.314131,Healthcare,Myntra,2117.8,Credit Card
9574,2026-06-06 18:44:10.585058,Shopping,Local Store,2685.3,UPI
9575,2026-06-06 20:02:39.855985,Entertainment,Reliance,4956.96,Debit Card
9576,2026-06-06 21:21:09.126912,Healthcare,Uber,2682.63,Credit Card
9577,2026-06-06 22:39:38.397839,Bills,Airtel,2889.2,Credit Card
9578,2026-06-06 23:58:07.668766,Shopping,Zomato,4979.79,Cash
9579,2026-06-07 01:16:36.939693,Food,Uber,4970.94,Debit Card
9580,2026-06-07 02:35:06.210621,Transport,Local Store,2148.95,Debit Card
9581,2026-06-07 03:53:35.481548,Transport,Uber,3192.99,Cash
9582,2026-06-07 05:12:04.752475,Food,Myntra,2429.97,Credit Card
9583,2026-06-07 06:30:34.023402,Education,Reliance,3617.54,Credit Card
9584,2026-06-07 07:49:03.294329,Healthcare,Myntra,4695.01,Debit Card
9585,2026-06-07 09:07:32.565256,Travel,Amazon,1582.81,Debit Card
9586,2026-06-07 10:26:01.836183,Transport,Flipkart,4103.43,Cash
9587,2026-06-07 11:44:31.107110,Education,Reliance,3291.5,Debit Card
9588,2026-06-07 13:03:00.378037,Transport,Flipkart,1436.91,Debit Card
9589,2026-06-07 14:21:29.648964,Food,Myntra,3996.63,UPI
9590,2026-06-07 15:39:58.919891,Healthcare,Zomato,2164.31,Cash
9591,2026-06-07 16:58:28.190819,Healthcare,Airtel,645.97,Credit Card
9592,2026-06-07 18:16:57.461746,Education,Local Store,4967.41,Debit Card
9593,2026-06-07 19:35:26.732673,Food,Uber,2156.95,Credit Card
9594,2026-06-07 20:53:56.003600,Education,Uber,2730.69,Debit Card
9595,2026-06-07 22:12:25.274527,Healthcare,Flipkart,4049.41,UPI
9596,2026-06-07 23:30:54.545454,Travel,Local Store,4806.34,Cash
9597,2026-06-08 00:49:23.816381,Healthcare,Reliance,4370.79,Cash
9598,2026-06-08 02:07:53.087308,Shopping,Airtel,2649.01,Credit Card
9599,2026-06-08 03:26:22.358235,Travel,Netflix,2751.2,UPI
9600,2026-06-08 04:44:51.629162,Education,Flipkart,1440.39,Credit Card
9601,2026-06-08 06:03:20.900090,Shopping,Reliance,2340.87,UPI
9602,2026-06-08 07:21:50.171017,Food,Reliance,4736.85,Debit Card
9603,2026-06-08 08:40:19.441944,Entertainment,Local Store,3648.36,Debit Card
9604,2026-06-08 09:58:48.712871,Transport,Local Store,108.79,UPI
9605,2026-06-08 11:17:17.983798,Shopping,Swiggy,626.71,Debit Card
9606,2026-06-08 12:35:47.254725,Transport,Uber,4622.87,Cash
9607,2026-06-08 13:54:16.525652,Bills,Airtel,4251.16,UPI
9608,2026-06-08 15:12:45.796579,Food,Amazon,2456.51,UPI
9609,2026-06-08 16:31:15.067506,Entertainment,Flipkart,3104.04,Credit Card
9610,2026-06-08 17:49:44.338433,Bills,Airtel,1483.75,UPI
9611,2026-06-08 19:08:13.609360,Bills,Swiggy,3974.51,Credit Card
9612,2026-06-08 20:26:42.880288,Healthcare,Swiggy,3036.42,UPI
9613,2026-06-08 21:45:12.151215,Bills,Airtel,3489.39,Cash
9614,2026-06-08 23:03:41.422142,Food,Local Store,1905.8,Cash
9615,2026-06-09 00:22:10.693069,Shopping,Reliance,2180.67,Cash
9616,2026-06-09 01:40:39.963996,Food,Netflix,1078.03,Credit Card
9617,2026-06-09 02:59:09.234923,Shopping,Airtel,4742.86,Credit Card
9618,2026-06-09 04:17:38.505850,Bills,Flipkart,4735.46,Debit Card
9619,2026-06-09 05:36:07.776777,Bills,Amazon,4097.87,Credit Card
9620,2026-06-09 06:54:37.047704,Travel,Uber,4681.0,Credit Card
9621,2026-06-09 08:13:06.318631,Entertainment,Swiggy,3343.37,Cash
9622,2026-06-09 09:31:35.589558,Shopping,Zomato,1211.53,UPI
9623,2026-06-09 10:50:04.860486,Bills,Zomato,3813.04,Credit Card
9624,2026-06-09 12:08:34.131413,Healthcare,Reliance,1660.12,Debit Card
9625,2026-06-09 13:27:03.402340,Travel,Local Store,2230.38,UPI
9626,2026-06-09 14:45:32.673267,Transport,Uber,1408.03,Credit Card
9627,2026-06-09 16:04:01.944194,Travel,Swiggy,2146.93,UPI
9628,2026-06-09 17:22:31.215121,Entertainment,Zomato,3412.62,UPI
9629,2026-06-09 18:41:00.486048,Food,Zomato,597.52,UPI
9630,2026-06-09 19:59:29.756975,Entertainment,Netflix,570.77,UPI
9631,2026-06-09 21:17:59.027902,Transport,Airtel,3434.66,UPI
9632,2026-06-09 22:36:28.298829,Travel,Myntra,3908.93,Credit Card
9633,2026-06-09 23:54:57.569756,Shopping,Uber,2779.76,UPI
9634,2026-06-10 01:13:26.840684,Food,Myntra,949.12,UPI
9635,2026-06-10 02:31:56.111611,Food,Amazon,2182.25,Debit Card
9636,2026-06-10 03:50:25.382538,Shopping,Local Store,3802.97,Debit Card
9637,2026-06-10 05:08:54.653465,Education,Airtel,3444.38,UPI
9638,2026-06-10 06:27:23.924392,Education,Amazon,593.83,Credit Card
9639,2026-06-10 07:45:53.195319,Entertainment,Flipkart,4847.28,Debit Card
9640,2026-06-10 09:04:22.466246,Bills,Swiggy,1155.65,Debit Card
9641,2026-06-10 10:22:51.737173,Education,Myntra,1140.93,UPI
9642,2026-06-10 11:41:21.008100,Entertainment,Reliance,2326.29,Credit Card
9643,2026-06-10 12:59:50.279027,Education,Flipkart,1669.85,Cash
9644,2026-06-10 14:18:19.549955,Transport,Uber,4920.73,Credit Card
9645,2026-06-10 15:36:48.820882,Healthcare,Swiggy,428.62,Debit Card
9646,2026-06-10 16:55:18.091809,Bills,Zomato,1566.87,Debit Card
9647,2026-06-10 18:13:47.362736,Entertainment,Myntra,1944.47,Debit Card
9648,2026-06-10 19:32:16.633663,Healthcare,Airtel,2492.62,Debit Card
9649,2026-06-10 20:50:45.904590,Healthcare,Airtel,131.21,Debit Card
9650,2026-06-10 22:09:15.175517,Travel,Flipkart,457.69,UPI
9651,2026-06-10 23:27:44.446444,Education,Flipkart,1326.16,UPI
9652,2026-06-11 00:46:13.717371,Travel,Local Store,2792.31,UPI
9653,2026-06-11 02:04:42.988298,Shopping,Zomato,3850.47,Debit Card
9654,2026-06-11 03:23:12.259225,Transport,Netflix,3448.15,UPI
9655,2026-06-11 04:41:41.530153,Transport,Myntra,2856.77,Debit Card
9656,2026-06-11 06:00:10.801080,Transport,Amazon,2016.3,Credit Card
9657,2026-06-11 07:18:40.072007,Bills,Uber,4359.94,Cash
9658,2026-06-11 08:37:09.342934,Food,Myntra,2325.87,Credit Card
9659,2026-06-11 09:55:38.613861,Bills,Myntra,1531.3,Cash
9660,2026-06-11 11:14:07.884788,Entertainment,Zomato,3165.21,UPI
9661,2026-06-11 12:32:37.155715,Healthcare,Myntra,3475.97,Cash
9662,2026-06-11 13:51:06.426642,Healthcare,Local Store,2022.43,Credit Card
9663,2026-06-11 15:09:35.697569,Travel,Myntra,189.31,Credit Card
9664,2026-06-11 16:28:04.968496,Food,Reliance,515.95,Cash
9665,2026-06-11 17:46:34.239423,Entertainment,Reliance,4235.71,Credit Card
9666,2026-06-11 19:05:03.510351,Food,Swiggy,329.91,UPI
9667,2026-06-11 20:23:32.781278,Healthcare,Uber,2980.5,Credit Card
9668,2026-06-11 21:42:02.052205,Education,Reliance,959.36,Cash
9669,2026-06-11 23:00:31.323132,Bills,Uber,1183.19,UPI
9670,2026-06-12 00:19:00.594059,Transport,Airtel,1403.0,Cash
9671,2026-06-12 01:37:29.864986,Healthcare,Local Store,239.54,Debit Card
9672,2026-06-12 02:55:59.135913,Shopping,Zomato,927.31,Debit Card
9673,2026-06-12 04:14:28.406840,Transport,Zomato,3269.97,UPI
9674,2026-06-12 05:32:57.677767,Healthcare,Reliance,2518.65,UPI
9675,2026-06-12 06:51:26.948694,Bills,Local Store,3996.78,Credit Card
9676,2026-06-12 08:09:56.219621,Food,Airtel,353.15,Cash
9677,2026-06-12 09:28:25.490549,Education,Amazon,4450.05,Debit Card
9678,2026-06-12 10:46:54.761476,Education,Local Store,4982.17,Credit Card
9679,2026-06-12 12:05:24.032403,Transport,Swiggy,127.91,Debit Card
9680,2026-06-12 13:23:53.303330,Bills,Zomato,4839.82,Credit Card
9681,2026-06-12 14:42:22.574257,Education,Swiggy,1217.52,Credit Card
9682,2026-06-12 16:00:51.845184,Education,Zomato,3478.09,Debit Card
9683,2026-06-12 17:19:21.116111,Entertainment,Airtel,1497.79,Credit Card
9684,2026-06-12 18:37:50.387038,Shopping,Myntra,2632.97,Debit Card
9685,2026-06-12 19:56:19.657965,Transport,Netflix,2576.57,UPI
9686,2026-06-12 21:14:48.928892,Food,Local Store,1837.47,Cash
9687,2026-06-12 22:33:18.199819,Education,Local Store,3601.86,Credit Card
9688,2026-06-12 23:51:47.470747,Entertainment,Myntra,3018.2,Debit Card
9689,2026-06-13 01:10:16.741674,Bills,Amazon,2565.97,Debit Card
9690,2026-06-13 02:28:46.012601,Education,Zomato,4915.05,Cash
9691,2026-06-13 03:47:15.283528,Travel,Amazon,4703.05,Cash
9692,2026-06-13 05:05:44.554455,Shopping,Local Store,4779.41,Cash
9693,2026-06-13 06:24:13.825382,Food,Reliance,4412.55,Credit Card
9694,2026-06-13 07:42:43.096309,Bills,Reliance,1313.02,Debit Card
9695,2026-06-13 09:01:12.367236,Bills,Flipkart,1782.38,Credit Card
9696,2026-06-13 10:19:41.638163,Transport,Uber,1193.72,Credit Card
9697,2026-06-13 11:38:10.909090,Education,Reliance,4931.58,UPI
9698,2026-06-13 12:56:40.180018,Transport,Reliance,805.68,Cash
9699,2026-06-13 14:15:09.450945,Food,Zomato,1864.23,UPI
9700,2026-06-13 15:33:38.721872,Travel,Flipkart,1035.27,UPI
9701,2026-06-13 16:52:07.992799,Education,Zomato,1156.1,Credit Card
9702,2026-06-13 18:10:37.263726,Healthcare,Local Store,1273.09,Credit Card
9703,2026-06-13 19:29:06.534653,Education,Swiggy,3216.37,Debit Card
9704,2026-06-13 20:47:35.805580,Travel,Amazon,426.44,UPI
9705,2026-06-13 22:06:05.076507,Healthcare,Local Store,2884.02,Cash
9706,2026-06-13 23:24:34.347434,Bills,Swiggy,4105.47,UPI
9707,2026-06-14 00:43:03.618361,Transport,Airtel,3844.29,Debit Card
9708,2026-06-14 02:01:32.889288,Shopping,Airtel,798.3,UPI
9709,2026-06-14 03:20:02.160216,Education,Zomato,4577.92,UPI
9710,2026-06-14 04:38:31.431143,Shopping,Netflix,3861.95,UPI
9711,2026-06-14 05:57:00.702070,Education,Netflix,76.25,Debit Card
9712,2026-06-14 07:15:29.972997,Bills,Swiggy,3700.0,UPI
9713,2026-06-14 08:33:59.243924,Transport,Reliance,3700.24,Credit Card
9714,2026-06-14 09:52:28.514851,Food,Zomato,2509.24,UPI
9715,2026-06-14 11:10:57.785778,Food,Swiggy,277.61,Credit Card
9716,2026-06-14 12:29:27.056705,Food,Zomato,2920.53,UPI
9717,2026-06-14 13:47:56.327632,Education,Swiggy,3840.45,Credit Card
9718,2026-06-14 15:06:25.598559,Education,Airtel,1390.83,UPI
9719,2026-06-14 16:24:54.869486,Shopping,Flipkart,3351.99,Cash
9720,2026-06-14 17:43:24.140414,Transport,Zomato,1801.93,Credit Card
9721,2026-06-14 19:01:53.411341,Travel,Flipkart,2890.58,Cash
9722,2026-06-14 20:20:22.682268,Education,Airtel,1953.6,Credit Card
9723,2026-06-14 21:38:51.953195,Transport,Netflix,1553.62,UPI
9724,2026-06-14 22:57:21.224122,Shopping,Myntra,4286.78,Debit Card
9725,2026-06-15 00:15:50.495049,Education,Amazon,3781.5,UPI
9726,2026-06-15 01:34:19.765976,Food,Local Store,1759.97,Debit Card
9727,2026-06-15 02:52:49.036903,Food,Amazon,2201.43,Cash
9728,2026-06-15 04:11:18.307830,Bills,Amazon,3473.93,Debit Card
9729,2026-06-15 05:29:47.578757,Healthcare,Local Store,4064.84,Debit Card
9730,2026-06-15 06:48:16.849684,Entertainment,Airtel,3437.49,Debit Card
9731,2026-06-15 08:06:46.120612,Travel,Airtel,2727.61,Debit Card
9732,2026-06-15 09:25:15.391539,Healthcare,Netflix,4774.21,Cash
9733,2026-06-15 10:43:44.662466,Education,Myntra,3882.01,Debit Card
9734,2026-06-15 12:02:13.933393,Transport,Uber,622.18,UPI
9735,2026-06-15 13:20:43.204320,Education,Amazon,2812.79,Credit Card
9736,2026-06-15 14:39:12.475247,Transport,Reliance,2077.31,Credit Card
9737,2026-06-15 15:57:41.746174,Transport,Amazon,3984.93,UPI
9738,2026-06-15 17:16:11.017101,Healthcare,Uber,271.08,Cash
9739,2026-06-15 18:34:40.288028,Entertainment,Zomato,2083.08,UPI
9740,2026-06-15 19:53:09.558955,Bills,Netflix,1625.47,UPI
9741,2026-06-15 21:11:38.829882,Healthcare,Flipkart,748.87,Debit Card
9742,2026-06-15 22:30:08.100810,Entertainment,Flipkart,1925.08,Debit Card
9743,2026-06-15 23:48:37.371737,Food,Uber,3380.36,Cash
9744,2026-06-16 01:07:06.642664,Food,Amazon,1840.31,Cash
9745,2026-06-16 02:25:35.913591,Transport,Flipkart,2921.03,Credit Card
9746,2026-06-16 03:44:05.184518,Shopping,Uber,2984.42,Cash
9747,2026-06-16 05:02:34.455445,Education,Local Store,2956.2,UPI
9748,2026-06-16 06:21:03.726372,Education,Airtel,2671.18,Credit Card
9749,2026-06-16 07:39:32.997299,Transport,Swiggy,629.09,Credit Card
9750,2026-06-16 08:58:02.268226,Shopping,Airtel,1131.36,Debit Card
9751,2026-06-16 10:16:31.539153,Travel,Amazon,4010.33,Debit Card
9752,2026-06-16 11:35:00.810081,Entertainment,Uber,2536.71,Credit Card
9753,2026-06-16 12:53:30.081008,Travel,Zomato,3545.08,Debit Card
9754,2026-06-16 14:11:59.351935,Travel,Flipkart,2871.05,Debit Card
9755,2026-06-16 15:30:28.622862,Food,Flipkart,241.52,Debit Card
9756,2026-06-16 16:48:57.893789,Travel,Flipkart,3991.26,Credit Card
9757,2026-06-16 18:07:27.164716,Education,Uber,368.4,Credit Card
9758,2026-06-16 19:25:56.435643,Healthcare,Airtel,4718.71,Credit Card
9759,2026-06-16 20:44:25.706570,Shopping,Zomato,1116.12,UPI
9760,2026-06-16 22:02:54.977497,Entertainment,Uber,2586.41,Credit Card
9761,2026-06-16 23:21:24.248424,Food,Amazon,364.76,Debit Card
9762,2026-06-17 00:39:53.519351,Travel,Netflix,4479.92,Credit Card
9763,2026-06-17 01:58:22.790279,Healthcare,Amazon,4900.7,UPI
9764,2026-06-17 03:16:52.061206,Shopping,Swiggy,774.15,Debit Card
9765,2026-06-17 04:35:21.332133,Transport,Netflix,1514.14,Cash
9766,2026-06-17 05:53:50.603060,Transport,Amazon,128.58,Credit Card
9767,2026-06-17 07:12:19.873987,Transport,Zomato,3945.48,Credit Card
9768,2026-06-17 08:30:49.144914,Education,Myntra,1591.75,Cash
9769,2026-06-17 09:49:18.415841,Entertainment,Myntra,2964.75,Debit Card
9770,2026-06-17 11:07:47.686768,Transport,Myntra,244.13,Credit Card
9771,2026-06-17 12:26:16.957695,Education,Swiggy,3591.53,UPI
9772,2026-06-17 13:44:46.228622,Bills,Swiggy,2670.55,Debit Card
9773,2026-06-17 15:03:15.499549,Education,Myntra,3638.65,Credit Card
9774,2026-06-17 16:21:44.770477,Food,Local Store,3958.34,Debit Card
9775,2026-06-17 17:40:14.041404,Education,Flipkart,491.75,Credit Card
9776,2026-06-17 18:58:43.312331,Entertainment,Netflix,2911.56,Cash
9777,2026-06-17 20:17:12.583258,Healthcare,Netflix,3267.22,Credit Card
9778,2026-06-17 21:35:41.854185,Travel,Flipkart,2607.76,Debit Card
9779,2026-06-17 22:54:11.125112,Education,Airtel,952.93,Credit Card
9780,2026-06-18 00:12:40.396039,Transport,Local Store,3988.21,Credit Card
9781,2026-06-18 01:31:09.666966,Food,Myntra,4987.42,Debit Card
9782,2026-06-18 02:49:38.937893,Shopping,Flipkart,4847.89,Credit Card
9783,2026-06-18 04:08:08.208820,Transport,Uber,3898.77,Credit Card
9784,2026-06-18 05:26:37.479747,Food,Netflix,2119.63,Debit Card
9785,2026-06-18 06:45:06.750675,Bills,Uber,1719.64,Cash
9786,2026-06-18 08:03:36.021602,Travel,Flipkart,389.3,UPI
9787,2026-06-18 09:22:05.292529,Shopping,Flipkart,2110.62,UPI
9788,2026-06-18 10:40:34.563456,Bills,Amazon,822.44,UPI
9789,2026-06-18 11:59:03.834383,Healthcare,Amazon,1308.96,UPI
9790,2026-06-18 13:17:33.105310,Food,Zomato,4464.84,UPI
9791,2026-06-18 14:36:02.376237,Bills,Zomato,4844.2,UPI
9792,2026-06-18 15:54:31.647164,Travel,Swiggy,4745.37,Debit Card
9793,2026-06-18 17:13:00.918091,Travel,Swiggy,1007.11,Debit Card
9794,2026-06-18 18:31:30.189018,Healthcare,Myntra,4509.43,Debit Card
9795,2026-06-18 19:49:59.459946,Travel,Amazon,750.45,Credit Card
9796,2026-06-18 21:08:28.730873,Food,Myntra,2562.92,Cash
9797,2026-06-18 22:26:58.001800,Food,Flipkart,3236.13,Cash
9798,2026-06-18 23:45:27.272727,Travel,Myntra,2339.21,UPI
9799,2026-06-19 01:03:56.543654,Bills,Flipkart,4761.6,UPI
9800,2026-06-19 02:22:25.814581,Food,Netflix,1699.4,Debit Card
9801,2026-06-19 03:40:55.085508,Transport,Amazon,2660.52,Cash
9802,2026-06-19 04:59:24.356435,Travel,Zomato,423.48,Credit Card
9803,2026-06-19 06:17:53.627362,Food,Myntra,4268.51,Credit Card
9804,2026-06-19 07:36:22.898289,Entertainment,Amazon,2096.15,Debit Card
9805,2026-06-19 08:54:52.169216,Healthcare,Netflix,3517.63,UPI
9806,2026-06-19 10:13:21.440144,Travel,Uber,3427.12,Cash
9807,2026-06-19 11:31:50.711071,Food,Zomato,3397.5,Credit Card
9808,2026-06-19 12:50:19.981998,Entertainment,Local Store,2559.34,UPI
9809,2026-06-19 14:08:49.252925,Food,Reliance,1423.72,Cash
9810,2026-06-19 15:27:18.523852,Food,Amazon,3144.22,Credit Card
9811,2026-06-19 16:45:47.794779,Bills,Airtel,4810.87,UPI
9812,2026-06-19 18:04:17.065706,Transport,Amazon,4178.05,Credit Card
9813,2026-06-19 19:22:46.336633,Travel,Flipkart,588.4,UPI
9814,2026-06-19 20:41:15.607560,Healthcare,Local Store,164.78,UPI
9815,2026-06-19 21:59:44.878487,Travel,Airtel,2519.91,UPI
9816,2026-06-19 23:18:14.149414,Transport,Myntra,3890.36,Cash
9817,2026-06-20 00:36:43.420342,Shopping,Netflix,1603.82,Debit Card
9818,2026-06-20 01:55:12.691269,Bills,Airtel,3521.13,UPI
9819,2026-06-20 03:13:41.962196,Bills,Myntra,4663.01,UPI
9820,2026-06-20 04:32:11.233123,Transport,Myntra,2321.97,Credit Card
9821,2026-06-20 05:50:40.504050,Education,Myntra,1258.59,Credit Card
9822,2026-06-20 07:09:09.774977,Bills,Flipkart,4592.9,Cash
9823,2026-06-20 08:27:39.045904,Travel,Airtel,2387.71,Debit Card
9824,2026-06-20 09:46:08.316831,Transport,Swiggy,2068.8,Credit Card
9825,2026-06-20 11:04:37.587758,Bills,Netflix,1799.14,Cash
9826,2026-06-20 12:23:06.858685,Food,Uber,2143.93,Cash
9827,2026-06-20 13:41:36.129612,Transport,Amazon,3384.61,Cash
9828,2026-06-20 15:00:05.400540,Transport,Flipkart,2196.91,UPI
9829,2026-06-20 16:18:34.671467,Travel,Zomato,1654.91,Debit Card
9830,2026-06-20 17:37:03.942394,Entertainment,Uber,3731.01,Debit Card
9831,2026-06-20 18:55:33.213321,Bills,Netflix,1054.71,Debit Card
9832,2026-06-20 20:14:02.484248,Bills,Flipkart,1049.57,UPI
9833,2026-06-20 21:32:31.755175,Transport,Uber,3497.36,UPI
9834,2026-06-20 22:51:01.026102,Food,Amazon,4340.2,Credit Card
9835,2026-06-21 00:09:30.297029,Food,Myntra,1243.99,Credit Card
9836,2026-06-21 01:27:59.567956,Healthcare,Local Store,996.07,Credit Card
9837,2026-06-21 02:46:28.838883,Food,Myntra,3368.01,Cash
9838,2026-06-21 04:04:58.109810,Bills,Netflix,3122.97,Debit Card
9839,2026-06-21 05:23:27.380738,Education,Amazon,2263.9,UPI
9840,2026-06-21 06:41:56.651665,Entertainment,Uber,524.51,Credit Card
9841,2026-06-21 08:00:25.922592,Transport,Reliance,504.34,Cash
9842,2026-06-21 09:18:55.193519,Shopping,Local Store,3897.84,UPI
9843,2026-06-21 10:37:24.464446,Entertainment,Myntra,2286.26,Cash
9844,2026-06-21 11:55:53.735373,Travel,Swiggy,4296.94,Cash
9845,2026-06-21 13:14:23.006300,Travel,Uber,2894.93,Cash
9846,2026-06-21 14:32:52.277227,Education,Myntra,3112.75,Debit Card
9847,2026-06-21 15:51:21.548154,Shopping,Uber,4674.26,UPI
9848,2026-06-21 17:09:50.819081,Entertainment,Local Store,864.85,UPI
9849,2026-06-21 18:28:20.090009,Food,Netflix,2737.97,Cash
9850,2026-06-21 19:46:49.360936,Bills,Zomato,337.79,Debit Card
9851,2026-06-21 21:05:18.631863,Education,Myntra,1826.68,Cash
9852,2026-06-21 22:23:47.902790,Shopping,Uber,783.09,Credit Card
9853,2026-06-21 23:42:17.173717,Education,Zomato,979.79,UPI
9854,2026-06-22 01:00:46.444644,Entertainment,Zomato,4677.23,UPI
9855,2026-06-22 02:19:15.715571,Bills,Swiggy,3072.88,Debit Card
9856,2026-06-22 03:37:44.986498,Education,Zomato,4466.18,UPI
9857,2026-06-22 04:56:14.257425,Shopping,Local Store,2245.42,UPI
9858,2026-06-22 06:14:43.528352,Transport,Amazon,3008.33,UPI
9859,2026-06-22 07:33:12.799279,Entertainment,Zomato,208.87,Debit Card
9860,2026-06-22 08:51:42.070207,Transport,Reliance,2374.04,Cash
9861,2026-06-22 10:10:11.341134,Food,Uber,2842.08,UPI
9862,2026-06-22 11:28:40.612061,Transport,Zomato,133.05,Cash
9863,2026-06-22 12:47:09.882988,Transport,Airtel,3957.97,Debit Card
9864,2026-06-22 14:05:39.153915,Healthcare,Amazon,1512.34,Cash
9865,2026-06-22 15:24:08.424842,Entertainment,Flipkart,2289.81,Credit Card
9866,2026-06-22 16:42:37.695769,Food,Amazon,2701.37,UPI
9867,2026-06-22 18:01:06.966696,Transport,Netflix,4961.38,Debit Card
9868,2026-06-22 19:19:36.237623,Travel,Flipkart,540.96,Debit Card
9869,2026-06-22 20:38:05.508550,Bills,Swiggy,2798.63,Cash
9870,2026-06-22 21:56:34.779477,Shopping,Amazon,2676.44,UPI
9871,2026-06-22 23:15:04.050405,Transport,Netflix,391.1,Debit Card
9872,2026-06-23 00:33:33.321332,Food,Amazon,3187.99,Credit Card
9873,2026-06-23 01:52:02.592259,Transport,Zomato,1469.93,Cash
9874,2026-06-23 03:10:31.863186,Shopping,Myntra,563.65,Credit Card
9875,2026-06-23 04:29:01.134113,Food,Myntra,934.28,Credit Card
9876,2026-06-23 05:47:30.405040,Entertainment,Netflix,4126.84,Cash
9877,2026-06-23 07:05:59.675967,Food,Amazon,565.42,Credit Card
9878,2026-06-23 08:24:28.946894,Entertainment,Netflix,2361.29,Cash
9879,2026-06-23 09:42:58.217821,Food,Swiggy,1016.6,Cash
9880,2026-06-23 11:01:27.488748,Travel,Myntra,853.48,Debit Card
9881,2026-06-23 12:19:56.759675,Education,Airtel,1068.27,Debit Card
9882,2026-06-23 13:38:26.030603,Shopping,Flipkart,2489.28,Credit Card
9883,2026-06-23 14:56:55.301530,Shopping,Local Store,1227.05,Credit Card
9884,2026-06-23 16:15:24.572457,Food,Zomato,528.83,Credit Card
9885,2026-06-23 17:33:53.843384,Education,Airtel,4016.93,Credit Card
9886,2026-06-23 18:52:23.114311,Transport,Airtel,2722.12,Credit Card
9887,2026-06-23 20:10:52.385238,Shopping,Uber,826.43,Debit Card
9888,2026-06-23 21:29:21.656165,Travel,Airtel,2383.58,Credit Card
9889,2026-06-23 22:47:50.927092,Entertainment,Flipkart,388.39,Credit Card
9890,2026-06-24 00:06:20.198019,Entertainment,Flipkart,2923.13,UPI
9891,2026-06-24 01:24:49.468946,Bills,Zomato,1734.51,Cash
9892,2026-06-24 02:43:18.739873,Healthcare,Netflix,562.47,Cash
9893,2026-06-24 04:01:48.010801,Education,Reliance,959.04,Debit Card
9894,2026-06-24 05:20:17.281728,Healthcare,Reliance,1761.23,Cash
9895,2026-06-24 06:38:46.552655,Healthcare,Amazon,4041.72,Credit Card
9896,2026-06-24 07:57:15.823582,Entertainment,Amazon,910.09,Cash
9897,2026-06-24 09:15:45.094509,Travel,Local Store,592.84,Debit Card
9898,2026-06-24 10:34:14.365436,Travel,Flipkart,2603.9,Cash
9899,2026-06-24 11:52:43.636363,Bills,Amazon,2815.55,Cash
9900,2026-06-24 13:11:12.907290,Healthcare,Uber,496.69,UPI
9901,2026-06-24 14:29:42.178217,Healthcare,Amazon,1458.2,UPI
9902,2026-06-24 15:48:11.449144,Food,Swiggy,1350.68,Credit Card
9903,2026-06-24 17:06:40.720072,Food,Swiggy,971.8,Cash
9904,2026-06-24 18:25:09.990999,Food,Uber,1612.41,Credit Card
9905,2026-06-24 19:43:39.261926,Transport,Airtel,233.69,Cash
9906,2026-06-24 21:02:08.532853,Healthcare,Swiggy,3275.17,Credit Card
9907,2026-06-24 22:20:37.803780,Travel,Reliance,4943.01,Credit Card
9908,2026-06-24 23:39:07.074707,Travel,Reliance,3188.53,Cash
9909,2026-06-25 00:57:36.345634,Transport,Swiggy,1837.33,UPI
9910,2026-06-25 02:16:05.616561,Travel,Amazon,3356.16,Debit Card
9911,2026-06-25 03:34:34.887488,Bills,Local Store,2879.0,Credit Card
9912,2026-06-25 04:53:04.158415,Education,Local Store,4241.45,Debit Card
9913,2026-06-25 06:11:33.429342,Entertainment,Reliance,3128.28,Cash
9914,2026-06-25 07:30:02.700270,Healthcare,Swiggy,3188.68,Credit Card
9915,2026-06-25 08:48:31.971197,Travel,Airtel,1147.24,Cash
9916,2026-06-25 10:07:01.242124,Entertainment,Zomato,2107.35,Credit Card
9917,2026-06-25 11:25:30.513051,Travel,Amazon,1754.86,UPI
9918,2026-06-25 12:43:59.783978,Education,Amazon,106.55,Credit Card
9919,2026-06-25 14:02:29.054905,Food,Local Store,1600.74,Credit Card
9920,2026-06-25 15:20:58.325832,Healthcare,Swiggy,2456.01,Credit Card
9921,2026-06-25 16:39:27.596759,Shopping,Netflix,3019.25,Cash
9922,2026-06-25 17:57:56.867686,Transport,Myntra,4676.12,UPI
9923,2026-06-25 19:16:26.138613,Transport,Swiggy,1233.61,Cash
9924,2026-06-25 20:34:55.409540,Healthcare,Uber,804.52,Debit Card
9925,2026-06-25 21:53:24.680468,Education,Swiggy,4353.76,UPI
9926,2026-06-25 23:11:53.951395,Food,Amazon,4712.15,Credit Card
9927,2026-06-26 00:30:23.222322,Transport,Zomato,2465.37,Credit Card
9928,2026-06-26 01:48:52.493249,Food,Uber,620.32,Credit Card
9929,2026-06-26 03:07:21.764176,Bills,Local Store,2452.67,Debit Card
9930,2026-06-26 04:25:51.035103,Entertainment,Flipkart,591.74,Debit Card
9931,2026-06-26 05:44:20.306030,Education,Flipkart,4421.77,Credit Card
9932,2026-06-26 07:02:49.576957,Shopping,Netflix,3555.34,Credit Card
9933,2026-06-26 08:21:18.847884,Entertainment,Local Store,1243.63,Debit Card
9934,2026-06-26 09:39:48.118811,Entertainment,Airtel,4439.12,Cash
9935,2026-06-26 10:58:17.389738,Bills,Reliance,3207.61,UPI
9936,2026-06-26 12:16:46.660666,Transport,Netflix,4768.65,UPI
9937,2026-06-26 13:35:15.931593,Shopping,Flipkart,4903.38,Debit Card
9938,2026-06-26 14:53:45.202520,Transport,Reliance,66.24,Debit Card
9939,2026-06-26 16:12:14.473447,Healthcare,Airtel,645.06,Cash
9940,2026-06-26 17:30:43.744374,Entertainment,Local Store,2757.27,Credit Card
9941,2026-06-26 18:49:13.015301,Healthcare,Reliance,4781.47,Debit Card
9942,2026-06-26 20:07:42.286228,Food,Local Store,4971.46,Cash
9943,2026-06-26 21:26:11.557155,Entertainment,Airtel,2858.67,Debit Card
9944,2026-06-26 22:44:40.828082,Transport,Myntra,910.32,Credit Card
9945,2026-06-27 00:03:10.099009,Entertainment,Uber,857.1,Debit Card
9946,2026-06-27 01:21:39.369937,Food,Reliance,3831.1,Credit Card
9947,2026-06-27 02:40:08.640864,Bills,Reliance,2980.09,Cash
9948,2026-06-27 03:58:37.911791,Healthcare,Local Store,2766.43,UPI
9949,2026-06-27 05:17:07.182718,Travel,Local Store,2355.54,Cash
9950,2026-06-27 06:35:36.453645,Healthcare,Reliance,3639.42,UPI
9951,2026-06-27 07:54:05.724572,Transport,Local Store,4297.37,Cash
9952,2026-06-27 09:12:34.995499,Entertainment,Zomato,1549.64,UPI
9953,2026-06-27 10:31:04.266426,Transport,Zomato,1143.54,Cash
9954,2026-06-27 11:49:33.537353,Bills,Myntra,3367.49,Credit Card
9955,2026-06-27 13:08:02.808280,Entertainment,Myntra,4577.93,UPI
9956,2026-06-27 14:26:32.079207,Travel,Myntra,1773.38,UPI
9957,2026-06-27 15:45:01.350135,Entertainment,Flipkart,1398.62,Credit Card
9958,2026-06-27 17:03:30.621062,Travel,Flipkart,1169.27,Credit Card
9959,2026-06-27 18:21:59.891989,Transport,Swiggy,1309.73,UPI
9960,2026-06-27 19:40:29.162916,Transport,Netflix,717.92,UPI
9961,2026-06-27 20:58:58.433843,Food,Uber,3004.05,UPI
9962,2026-06-27 22:17:27.704770,Education,Zomato,1440.09,Debit Card
9963,2026-06-27 23:35:56.975697,Education,Airtel,3093.97,Cash
9964,2026-06-28 00:54:26.246624,Bills,Uber,461.01,Credit Card
9965,2026-06-28 02:12:55.517551,Education,Uber,621.51,Credit Card
9966,2026-06-28 03:31:24.788478,Food,Airtel,2703.9,Cash
9967,2026-06-28 04:49:54.059405,Healthcare,Amazon,2582.08,Credit Card
9968,2026-06-28 06:08:23.330333,Travel,Reliance,1393.97,Credit Card
9969,2026-06-28 07:26:52.601260,Entertainment,Netflix,4144.3,UPI
9970,2026-06-28 08:45:21.872187,Transport,Swiggy,975.88,Credit Card
9971,2026-06-28 10:03:51.143114,Entertainment,Myntra,1835.27,Debit Card
9972,2026-06-28 11:22:20.414041,Entertainment,Airtel,2799.78,Debit Card
9973,2026-06-28 12:40:49.684968,Shopping,Flipkart,4342.69,UPI
9974,2026-06-28 13:59:18.955895,Healthcare,Myntra,2121.83,UPI
9975,2026-06-28 15:17:48.226822,Shopping,Local Store,2023.07,Credit Card
9976,2026-06-28 16:36:17.497749,Education,Airtel,2918.71,UPI
9977,2026-06-28 17:54:46.768676,Entertainment,Myntra,1617.64,UPI
9978,2026-06-28 19:13:16.039603,Travel,Reliance,3560.41,Cash
9979,2026-06-28 20:31:45.310531,Transport,Reliance,1281.04,UPI
9980,2026-06-28 21:50:14.581458,Travel,Reliance,4124.82,Debit Card
9981,2026-06-28 23:08:43.852385,Entertainment,Myntra,1398.15,Credit Card
9982,2026-06-29 00:27:13.123312,Healthcare,Reliance,4963.87,UPI
9983,2026-06-29 01:45:42.394239,Travel,Zomato,1616.49,Cash
9984,2026-06-29 03:04:11.665166,Shopping,Flipkart,4400.19,Credit Card
9985,2026-06-29 04:22:40.936093,Transport,Swiggy,2016.91,Credit Card
9986,2026-06-29 05:41:10.207020,Entertainment,Airtel,1267.97,Credit Card
9987,2026-06-29 06:59:39.477947,Bills,Uber,1169.51,Cash
9988,2026-06-29 08:18:08.748874,Healthcare,Myntra,4258.45,Debit Card
9989,2026-06-29 09:36:38.019801,Healthcare,Myntra,1578.33,Cash
9990,2026-06-29 10:55:07.290729,Bills,Flipkart,1725.89,Cash
9991,2026-06-29 12:13:36.561656,Travel,Amazon,1025.12,Credit Card
9992,2026-06-29 13:32:05.832583,Entertainment,Netflix,4808.56,Cash
9993,2026-06-29 14:50:35.103510,Healthcare,Local Store,1261.48,Credit Card
9994,2026-06-29 16:09:04.374437,Transport,Airtel,1274.85,UPI
9995,2026-06-29 17:27:33.645364,Entertainment,Amazon,4722.29,UPI
9996,2026-06-29 18:46:02.916291,Entertainment,Local Store,4509.45,Cash
9997,2026-06-29 20:04:32.187218,Shopping,Netflix,1282.11,Debit Card
9998,2026-06-29 21:23:01.458145,Healthcare,Uber,4330.39,Credit Card
9999,2026-06-29 22:41:30.729072,Healthcare,Myntra,1286.62,Cash
10000,2026-06-30 00:00:00.000000,Bills,Reliance,468.1,Cash
